{"type":"FeatureCollection","details":true,"features":[{"type":"Feature","geometry":{"type":"MultiPolygon","coordinates":[[[[-2.7,51.6],[-2.8,51.6],[-2.9,51.5],[-3.0,51.5],[-3.0,51.6],[-3.0,51.5],[-3.1,51.5],[-3.2,51.5],[-3.2,51.4],[-3.3,51.4],[-3.5,51.4],[-3.6,51.4],[-3.7,51.5],[-3.8,51.5],[-3.8,51.6],[-3.9,51.6],[-4.0,51.6],[-4.1,51.6],[-4.2,51.5],[-4.3,51.6],[-4.2,51.6],[-4.1,51.6],[-4.1,51.7],[-4.2,51.7],[-4.3,51.7],[-4.4,51.7],[-4.3,51.7],[-4.4,51.7],[-4.4,51.8],[-4.4,51.7],[-4.5,51.7],[-4.6,51.7],[-4.7,51.7],[-4.8,51.6],[-4.9,51.6],[-5.0,51.6],[-5.1,51.7],[-5.0,51.7],[-4.9,51.7],[-4.8,51.7],[-4.9,51.7],[-4.9,51.8],[-4.8,51.8],[-4.9,51.8],[-4.9,51.7],[-5.0,51.7],[-5.1,51.7],[-5.2,51.7],[-5.2,51.8],[-5.1,51.8],[-5.1,51.9],[-5.2,51.9],[-5.3,51.9],[-5.2,51.9],[-5.1,52.0],[-5.0,52.0],[-4.9,52.0],[-4.8,52.0],[-4.8,52.1],[-4.7,52.1],[-4.6,52.1],[-4.5,52.1],[-4.5,52.2],[-4.4,52.2],[-4.3,52.2],[-4.2,52.3],[-4.1,52.3],[-4.1,52.4],[-4.1,52.5],[-4.0,52.5],[-3.9,52.5],[-3.9,52.6],[-4.0,52.6],[-4.0,52.5],[-4.1,52.5],[-4.1,52.6],[-4.1,52.7],[-4.0,52.7],[-4.1,52.8],[-4.1,52.9],[-4.2,52.9],[-4.3,52.9],[-4.4,52.9],[-4.5,52.9],[-4.5,52.8],[-4.6,52.8],[-4.7,52.8],[-4.8,52.8],[-4.7,52.8],[-4.6,52.9],[-4.5,52.9],[-4.4,53.0],[-4.3,53.0],[-4.3,53.1],[-4.3,53.2],[-4.2,53.2],[-4.1,53.2],[-4.0,53.2],[-4.0,53.3],[-3.9,53.3],[-3.8,53.3],[-3.9,53.3],[-3.8,53.3],[-3.7,53.3],[-3.6,53.3],[-3.4,53.4],[-3.3,53.4],[-3.3,53.3],[-3.1,53.3],[-3.1,53.2],[-3.1,53.3],[-3.2,53.4],[-3.1,53.4],[-3.0,53.4],[-3.0,53.3],[-2.9,53.3],[-2.8,53.3],[-2.7,53.3],[-2.8,53.3],[-2.7,53.3],[-2.7,53.4],[-2.8,53.3],[-2.9,53.3],[-2.9,53.4],[-3.0,53.4],[-3.1,53.5],[-3.1,53.6],[-3.0,53.7],[-2.9,53.7],[-3.0,53.7],[-3.0,53.8],[-3.1,53.8],[-3.0,53.9],[-3.1,53.9],[-3.0,53.9],[-2.9,54.0],[-2.9,53.9],[-2.9,54.0],[-2.8,54.0],[-2.9,54.0],[-2.9,54.1],[-2.8,54.1],[-2.8,54.2],[-2.9,54.2],[-2.8,54.2],[-2.9,54.2],[-3.0,54.2],[-3.1,54.2],[-3.1,54.1],[-3.2,54.1],[-3.2,54.2],[-3.2,54.3],[-3.2,54.2],[-3.3,54.2],[-3.4,54.2],[-3.4,54.3],[-3.4,54.4],[-3.5,54.4],[-3.6,54.5],[-3.6,54.6],[-3.5,54.7],[-3.4,54.8],[-3.4,54.9],[-3.3,54.9],[-3.2,55.0],[-3.2,54.9],[-3.1,54.9],[-3.0,54.9],[-3.0,55.0],[-3.1,55.0],[-3.0,55.0],[-3.1,55.0],[-3.5,55.0],[-3.6,55.0],[-3.6,54.9],[-3.7,54.9],[-3.8,54.9],[-3.9,54.8],[-3.8,54.8],[-3.9,54.8],[-4.0,54.8],[-4.1,54.8],[-4.0,54.8],[-4.1,54.8],[-4.0,54.8],[-4.1,54.8],[-4.2,54.8],[-4.2,54.9],[-4.2,54.8],[-4.3,54.8],[-4.3,54.9],[-4.4,54.9],[-4.4,54.8],[-4.3,54.8],[-4.4,54.8],[-4.3,54.8],[-4.4,54.7],[-4.3,54.7],[-4.4,54.7],[-4.5,54.7],[-4.6,54.8],[-4.7,54.8],[-4.8,54.8],[-4.8,54.9],[-4.9,54.9],[-4.9,54.8],[-5.0,54.8],[-4.9,54.8],[-4.9,54.7],[-4.9,54.6],[-4.9,54.7],[-5.0,54.7],[-4.9,54.7],[-5.0,54.7],[-5.0,54.8],[-5.1,54.8],[-5.2,54.9],[-5.2,55.0],[-5.1,55.0],[-5.1,54.9],[-5.0,54.9],[-5.0,55.0],[-5.1,55.0],[-5.0,55.0],[-5.0,55.1],[-5.0,55.2],[-4.9,55.2],[-4.8,55.3],[-4.8,55.4],[-4.7,55.4],[-4.6,55.5],[-4.7,55.5],[-4.7,55.6],[-4.8,55.6],[-4.8,55.7],[-4.9,55.7],[-4.9,55.8],[-4.9,55.9],[-4.8,55.9],[-4.8,56.0],[-4.7,55.9],[-4.5,55.9],[-4.6,55.9],[-4.7,56.0],[-4.8,56.0],[-4.8,56.1],[-4.8,56.0],[-4.9,56.0],[-4.9,56.1],[-4.8,56.1],[-4.8,56.2],[-4.8,56.1],[-4.9,56.1],[-4.9,56.2],[-4.9,56.1],[-4.9,56.0],[-5.0,56.0],[-4.9,56.0],[-4.9,55.9],[-5.0,55.9],[-5.1,55.9],[-5.1,56.0],[-5.1,55.9],[-5.2,55.9],[-5.2,56.0],[-5.2,55.9],[-5.2,55.8],[-5.3,55.8],[-5.3,55.9],[-5.3,56.0],[-5.2,56.1],[-5.1,56.1],[-5.1,56.2],[-5.0,56.2],[-4.9,56.3],[-5.0,56.2],[-5.1,56.2],[-5.2,56.1],[-5.3,56.1],[-5.3,56.0],[-5.4,56.0],[-5.5,56.0],[-5.4,55.9],[-5.4,55.8],[-5.3,55.8],[-5.4,55.8],[-5.4,55.7],[-5.5,55.7],[-5.5,55.6],[-5.5,55.5],[-5.5,55.4],[-5.6,55.4],[-5.5,55.4],[-5.6,55.3],[-5.7,55.3],[-5.8,55.3],[-5.8,55.4],[-5.7,55.4],[-5.7,55.5],[-5.7,55.6],[-5.7,55.7],[-5.6,55.7],[-5.6,55.8],[-5.5,55.8],[-5.6,55.8],[-5.7,55.8],[-5.6,55.9],[-5.7,55.9],[-5.6,56.0],[-5.7,56.0],[-5.7,55.9],[-5.7,56.0],[-5.6,56.1],[-5.5,56.1],[-5.6,56.1],[-5.5,56.2],[-5.6,56.2],[-5.6,56.1],[-5.6,56.2],[-5.5,56.2],[-5.5,56.3],[-5.6,56.3],[-5.6,56.2],[-5.6,56.3],[-5.5,56.4],[-5.5,56.3],[-5.4,56.4],[-5.5,56.4],[-5.4,56.5],[-5.3,56.5],[-5.2,56.4],[-5.2,56.5],[-5.1,56.5],[-5.1,56.6],[-5.1,56.5],[-5.2,56.5],[-5.4,56.5],[-5.5,56.5],[-5.4,56.5],[-5.3,56.5],[-5.3,56.6],[-5.2,56.6],[-5.3,56.6],[-5.3,56.5],[-5.4,56.5],[-5.4,56.6],[-5.3,56.6],[-5.3,56.7],[-5.2,56.7],[-5.1,56.7],[-5.0,56.7],[-5.2,56.7],[-5.2,56.8],[-5.1,56.8],[-5.2,56.8],[-5.2,56.7],[-5.3,56.7],[-5.4,56.7],[-5.4,56.6],[-5.5,56.6],[-5.6,56.5],[-5.7,56.5],[-5.8,56.5],[-5.8,56.6],[-5.7,56.6],[-5.8,56.6],[-5.8,56.5],[-5.9,56.6],[-6.0,56.6],[-6.0,56.7],[-5.9,56.7],[-5.9,56.6],[-5.8,56.6],[-5.9,56.6],[-5.9,56.7],[-5.8,56.7],[-5.7,56.7],[-5.6,56.7],[-5.5,56.7],[-5.6,56.7],[-5.7,56.7],[-5.9,56.7],[-6.0,56.7],[-6.1,56.7],[-6.2,56.7],[-6.2,56.8],[-6.0,56.8],[-5.9,56.8],[-5.9,56.7],[-5.9,56.8],[-5.8,56.8],[-5.9,56.8],[-5.8,56.8],[-5.7,56.8],[-5.7,56.9],[-5.8,56.9],[-5.7,56.9],[-5.8,56.9],[-5.9,56.9],[-5.9,57.0],[-5.8,57.0],[-5.7,57.0],[-5.6,57.0],[-5.5,57.0],[-5.6,57.0],[-5.7,57.0],[-5.8,57.0],[-5.8,57.1],[-5.7,57.1],[-5.6,57.1],[-5.5,57.1],[-5.4,57.1],[-5.5,57.1],[-5.6,57.1],[-5.7,57.1],[-5.7,57.2],[-5.6,57.2],[-5.6,57.3],[-5.5,57.3],[-5.5,57.2],[-5.4,57.2],[-5.5,57.2],[-5.5,57.3],[-5.4,57.3],[-5.5,57.3],[-5.6,57.3],[-5.7,57.3],[-5.7,57.4],[-5.6,57.3],[-5.5,57.4],[-5.4,57.4],[-5.5,57.4],[-5.6,57.4],[-5.7,57.4],[-5.8,57.3],[-5.8,57.4],[-5.9,57.5],[-5.9,57.6],[-5.8,57.6],[-5.7,57.5],[-5.6,57.5],[-5.7,57.5],[-5.6,57.5],[-5.5,57.5],[-5.5,57.6],[-5.6,57.6],[-5.7,57.5],[-5.7,57.6],[-5.8,57.6],[-5.8,57.7],[-5.7,57.7],[-5.8,57.7],[-5.8,57.8],[-5.8,57.9],[-5.7,57.9],[-5.7,57.8],[-5.6,57.8],[-5.6,57.9],[-5.7,57.9],[-5.6,57.9],[-5.7,57.9],[-5.6,57.9],[-5.5,57.9],[-5.4,57.9],[-5.3,57.9],[-5.2,57.8],[-5.2,57.9],[-5.3,57.9],[-5.4,57.9],[-5.3,57.9],[-5.2,57.9],[-5.1,57.9],[-5.1,57.8],[-5.1,57.9],[-5.2,57.9],[-5.2,58.0],[-5.3,58.0],[-5.4,58.0],[-5.4,58.1],[-5.3,58.1],[-5.2,58.1],[-5.2,58.2],[-5.3,58.2],[-5.4,58.2],[-5.4,58.3],[-5.3,58.2],[-5.2,58.3],[-5.1,58.3],[-5.0,58.3],[-4.9,58.2],[-5.0,58.2],[-5.0,58.3],[-4.9,58.3],[-5.0,58.3],[-5.1,58.3],[-5.2,58.3],[-5.2,58.4],[-5.1,58.4],[-5.0,58.4],[-5.1,58.4],[-5.1,58.5],[-5.0,58.4],[-5.1,58.5],[-5.0,58.5],[-5.0,58.6],[-4.9,58.6],[-4.8,58.6],[-4.8,58.5],[-4.8,58.6],[-4.7,58.6],[-4.7,58.5],[-4.8,58.5],[-4.8,58.4],[-4.7,58.4],[-4.7,58.5],[-4.6,58.5],[-4.6,58.6],[-4.5,58.6],[-4.4,58.5],[-4.5,58.5],[-4.5,58.4],[-4.5,58.5],[-4.4,58.5],[-4.3,58.5],[-4.2,58.5],[-4.2,58.6],[-4.2,58.5],[-4.2,58.6],[-4.1,58.6],[-4.0,58.6],[-3.9,58.6],[-3.8,58.6],[-3.7,58.6],[-3.6,58.6],[-3.5,58.6],[-3.6,58.6],[-3.5,58.6],[-3.4,58.6],[-3.4,58.7],[-3.3,58.7],[-3.3,58.6],[-3.2,58.7],[-3.2,58.6],[-3.1,58.6],[-3.0,58.6],[-3.1,58.6],[-3.1,58.5],[-3.1,58.4],[-3.2,58.3],[-3.3,58.3],[-3.4,58.3],[-3.4,58.2],[-3.5,58.2],[-3.7,58.1],[-3.8,58.1],[-3.8,58.0],[-3.9,58.0],[-4.0,58.0],[-4.0,57.9],[-4.0,58.0],[-4.1,58.0],[-4.1,57.9],[-4.0,57.9],[-4.1,57.9],[-4.2,57.9],[-4.3,57.9],[-4.4,57.9],[-4.3,57.9],[-4.3,57.8],[-4.2,57.9],[-4.2,57.8],[-4.1,57.8],[-4.0,57.8],[-3.9,57.8],[-3.8,57.8],[-3.8,57.9],[-3.8,57.8],[-3.9,57.7],[-4.0,57.7],[-4.1,57.7],[-4.2,57.7],[-4.3,57.7],[-4.3,57.6],[-4.4,57.6],[-4.3,57.6],[-4.2,57.7],[-4.1,57.7],[-4.0,57.7],[-4.1,57.6],[-4.2,57.6],[-4.2,57.5],[-4.2,57.6],[-4.3,57.6],[-4.3,57.5],[-4.2,57.5],[-4.1,57.5],[-4.1,57.6],[-4.0,57.6],[-4.1,57.6],[-4.0,57.6],[-3.9,57.6],[-3.8,57.6],[-3.7,57.7],[-3.6,57.7],[-3.6,57.6],[-3.6,57.7],[-3.5,57.7],[-3.4,57.7],[-3.3,57.7],[-3.2,57.7],[-3.1,57.7],[-3.0,57.7],[-2.9,57.7],[-2.8,57.7],[-2.7,57.7],[-2.6,57.7],[-2.5,57.7],[-2.4,57.7],[-2.3,57.7],[-2.2,57.7],[-2.1,57.7],[-2.0,57.7],[-1.9,57.7],[-1.8,57.6],[-1.8,57.5],[-1.8,57.4],[-2.0,57.3],[-2.0,57.2],[-2.1,57.2],[-2.1,57.1],[-2.0,57.1],[-2.1,57.1],[-2.2,57.0],[-2.2,56.9],[-2.3,56.8],[-2.4,56.8],[-2.4,56.7],[-2.5,56.7],[-2.5,56.6],[-2.6,56.5],[-2.7,56.5],[-2.8,56.5],[-3.1,56.5],[-3.1,56.4],[-3.2,56.4],[-3.3,56.4],[-3.2,56.4],[-3.1,56.4],[-3.0,56.4],[-2.9,56.4],[-2.9,56.5],[-2.9,56.4],[-2.8,56.4],[-2.8,56.3],[-2.7,56.3],[-2.6,56.3],[-2.6,56.2],[-2.7,56.2],[-2.8,56.2],[-2.9,56.2],[-3.0,56.2],[-3.1,56.1],[-3.2,56.1],[-3.3,56.1],[-3.3,56.0],[-3.4,56.0],[-3.6,56.1],[-3.7,56.1],[-3.8,56.1],[-3.7,56.0],[-3.6,56.0],[-3.4,56.0],[-3.3,56.0],[-3.1,56.0],[-3.1,55.9],[-3.0,56.0],[-2.9,56.0],[-2.8,56.1],[-2.6,56.1],[-2.6,56.0],[-2.5,56.0],[-2.4,56.0],[-2.4,55.9],[-2.3,55.9],[-2.1,55.9],[-2.0,55.8],[-1.9,55.7],[-1.8,55.7],[-1.8,55.6],[-1.7,55.6],[-1.8,55.6],[-1.7,55.6],[-1.6,55.6],[-1.6,55.5],[-1.6,55.4],[-1.6,55.3],[-1.5,55.2],[-1.5,55.1],[-1.4,55.0],[-1.4,54.9],[-1.3,54.8],[-1.3,54.7],[-1.2,54.7],[-1.2,54.6],[-1.1,54.6],[-1.0,54.6],[-0.8,54.6],[-0.6,54.5],[-0.5,54.5],[-0.5,54.4],[-0.4,54.4],[-0.4,54.3],[-0.4,54.2],[-0.3,54.2],[-0.2,54.2],[-0.1,54.1],[-0.2,54.1],[-0.2,54.0],[-0.2,53.9],[-0.0,53.8],[0.1,53.6],[0.0,53.6],[-0.1,53.6],[-0.2,53.7],[-0.3,53.7],[-0.4,53.7],[-0.5,53.7],[-0.6,53.7],[-0.7,53.7],[-0.6,53.7],[-0.5,53.7],[-0.3,53.7],[-0.2,53.6],[-0.1,53.6],[-0.0,53.6],[0.0,53.5],[0.1,53.5],[0.2,53.5],[0.2,53.4],[0.3,53.4],[0.3,53.2],[0.4,53.2],[0.4,53.1],[0.3,53.1],[0.2,53.0],[0.1,52.9],[0.0,52.9],[0.1,52.9],[0.2,52.9],[0.2,52.8],[0.3,52.8],[0.4,52.8],[0.4,52.9],[0.5,52.9],[0.5,53.0],[0.6,53.0],[0.7,53.0],[0.8,53.0],[0.9,53.0],[1.0,52.9],[1.0,53.0],[1.3,52.9],[1.4,52.9],[1.6,52.8],[1.7,52.8],[1.7,52.7],[1.7,52.6],[1.7,52.5],[1.8,52.5],[1.7,52.4],[1.7,52.3],[1.6,52.3],[1.6,52.2],[1.6,52.1],[1.5,52.1],[1.5,52.0],[1.5,52.1],[1.5,52.0],[1.4,52.0],[1.3,51.9],[1.3,52.0],[1.2,52.0],[1.3,52.0],[1.2,52.0],[1.1,52.0],[1.1,51.9],[1.3,51.9],[1.2,51.9],[1.3,51.9],[1.3,51.8],[1.2,51.8],[1.1,51.8],[1.0,51.8],[0.9,51.8],[0.9,51.7],[0.8,51.7],[0.7,51.7],[0.8,51.7],[0.9,51.7],[1.0,51.7],[0.9,51.7],[0.9,51.6],[1.0,51.6],[0.9,51.6],[0.8,51.5],[0.7,51.5],[0.6,51.5],[0.5,51.5],[0.4,51.5],[0.5,51.5],[0.7,51.5],[0.7,51.4],[0.6,51.4],[0.7,51.4],[0.8,51.4],[1.0,51.3],[1.1,51.4],[1.4,51.4],[1.4,51.3],[1.4,51.2],[1.4,51.1],[1.3,51.1],[1.2,51.1],[1.1,51.1],[1.0,51.0],[1.0,50.9],[0.9,50.9],[0.8,50.9],[0.7,50.9],[0.6,50.9],[0.4,50.8],[0.3,50.8],[0.3,50.7],[0.2,50.7],[0.2,50.8],[0.1,50.8],[0.0,50.8],[-0.2,50.8],[-0.3,50.8],[-0.4,50.8],[-0.6,50.8],[-0.7,50.8],[-0.8,50.8],[-0.8,50.7],[-0.9,50.8],[-1.0,50.8],[-1.1,50.8],[-1.2,50.8],[-1.1,50.8],[-1.2,50.8],[-1.3,50.8],[-1.3,50.9],[-1.4,50.9],[-1.5,50.9],[-1.4,50.9],[-1.3,50.8],[-1.4,50.8],[-1.5,50.8],[-1.6,50.7],[-1.7,50.7],[-1.8,50.7],[-1.9,50.7],[-2.0,50.7],[-2.1,50.7],[-2.0,50.7],[-1.9,50.7],[-2.0,50.7],[-1.9,50.6],[-2.0,50.6],[-2.1,50.6],[-2.2,50.6],[-2.3,50.6],[-2.4,50.6],[-2.5,50.6],[-2.4,50.6],[-2.4,50.5],[-2.5,50.5],[-2.5,50.6],[-2.7,50.7],[-2.9,50.7],[-3.0,50.7],[-3.1,50.7],[-3.2,50.7],[-3.3,50.7],[-3.3,50.6],[-3.4,50.6],[-3.4,50.7],[-3.5,50.7],[-3.4,50.6],[-3.5,50.6],[-3.5,50.5],[-3.5,50.4],[-3.6,50.4],[-3.5,50.4],[-3.5,50.3],[-3.6,50.3],[-3.6,50.4],[-3.6,50.3],[-3.7,50.3],[-3.6,50.2],[-3.7,50.2],[-3.8,50.2],[-3.9,50.3],[-4.0,50.3],[-4.1,50.3],[-4.1,50.4],[-4.2,50.4],[-4.2,50.5],[-4.2,50.4],[-4.3,50.4],[-4.2,50.4],[-4.2,50.3],[-4.3,50.4],[-4.4,50.4],[-4.5,50.3],[-4.7,50.3],[-4.8,50.3],[-4.8,50.2],[-4.9,50.2],[-5.0,50.2],[-5.0,50.1],[-5.0,50.2],[-5.1,50.2],[-5.0,50.1],[-5.1,50.1],[-5.1,50.0],[-5.2,50.0],[-5.3,50.0],[-5.3,50.1],[-5.4,50.1],[-5.5,50.1],[-5.6,50.1],[-5.6,50.0],[-5.7,50.0],[-5.7,50.1],[-5.7,50.2],[-5.6,50.2],[-5.5,50.2],[-5.4,50.2],[-5.3,50.3],[-5.2,50.3],[-5.1,50.4],[-5.2,50.4],[-5.1,50.4],[-5.0,50.4],[-5.0,50.5],[-5.0,50.6],[-4.9,50.6],[-4.9,50.5],[-4.8,50.5],[-4.9,50.5],[-4.9,50.6],[-4.8,50.6],[-4.7,50.6],[-4.8,50.7],[-4.7,50.7],[-4.6,50.7],[-4.6,50.8],[-4.6,50.9],[-4.5,50.9],[-4.5,51.0],[-4.4,51.0],[-4.3,51.0],[-4.2,51.1],[-4.3,51.2],[-4.2,51.1],[-4.2,51.2],[-4.0,51.2],[-3.9,51.2],[-3.8,51.2],[-3.6,51.2],[-3.4,51.2],[-3.3,51.2],[-3.2,51.2],[-3.1,51.2],[-3.0,51.2],[-3.0,51.3],[-3.0,51.4],[-2.9,51.4],[-2.8,51.5],[-2.7,51.5],[-2.6,51.6],[-2.6,51.7],[-2.5,51.7],[-2.4,51.7],[-2.4,51.8],[-2.4,51.7],[-2.5,51.7],[-2.6,51.7],[-2.7,51.6]]],[[[-7.2,55.1],[-7.3,55.1],[-7.2,55.1],[-7.1,55.0],[-7.0,55.1],[-7.0,55.2],[-6.9,55.2],[-6.8,55.2],[-6.6,55.2],[-6.5,55.2],[-6.4,55.2],[-6.3,55.2],[-6.2,55.2],[-6.1,55.2],[-6.0,55.2],[-6.0,55.1],[-6.1,55.1],[-6.0,55.1],[-6.0,55.0],[-5.9,55.0],[-5.9,54.9],[-5.8,54.9],[-5.8,54.8],[-5.7,54.8],[-5.8,54.8],[-5.8,54.9],[-5.7,54.8],[-5.7,54.7],[-5.8,54.7],[-5.9,54.7],[-5.9,54.6],[-5.8,54.6],[-5.8,54.7],[-5.7,54.7],[-5.6,54.7],[-5.5,54.7],[-5.5,54.6],[-5.5,54.5],[-5.4,54.5],[-5.5,54.4],[-5.5,54.3],[-5.5,54.4],[-5.6,54.4],[-5.5,54.4],[-5.5,54.5],[-5.6,54.5],[-5.6,54.6],[-5.7,54.6],[-5.7,54.5],[-5.6,54.5],[-5.7,54.5],[-5.6,54.5],[-5.6,54.4],[-5.7,54.4],[-5.6,54.4],[-5.5,54.3],[-5.6,54.3],[-5.6,54.2],[-5.7,54.2],[-5.8,54.2],[-5.9,54.2],[-5.9,54.1],[-6.0,54.1],[-6.0,54.0],[-6.1,54.0],[-6.1,54.1],[-6.2,54.1],[-6.3,54.1],[-6.4,54.1],[-6.5,54.1],[-6.6,54.0],[-6.6,54.1],[-6.6,54.0],[-6.7,54.1],[-6.6,54.1],[-6.6,54.2],[-6.7,54.2],[-6.8,54.2],[-6.8,54.3],[-6.9,54.3],[-6.9,54.4],[-7.0,54.4],[-7.1,54.4],[-7.1,54.3],[-7.2,54.3],[-7.1,54.3],[-7.2,54.2],[-7.3,54.2],[-7.2,54.2],[-7.3,54.2],[-7.3,54.1],[-7.3,54.2],[-7.3,54.1],[-7.4,54.1],[-7.5,54.1],[-7.6,54.1],[-7.6,54.2],[-7.7,54.2],[-7.8,54.2],[-7.9,54.2],[-7.9,54.3],[-8.0,54.3],[-8.0,54.4],[-8.1,54.4],[-8.2,54.4],[-8.2,54.5],[-8.1,54.5],[-8.0,54.5],[-7.9,54.5],[-7.8,54.5],[-7.7,54.6],[-7.8,54.6],[-7.9,54.6],[-7.9,54.7],[-7.8,54.7],[-7.7,54.7],[-7.6,54.7],[-7.5,54.7],[-7.6,54.8],[-7.5,54.8],[-7.5,54.9],[-7.4,54.9],[-7.4,55.0],[-7.3,55.0],[-7.3,55.1],[-7.2,55.1]]],[[[-1.1,60.4],[-1.1,60.5],[-1.0,60.5],[-1.0,60.4],[-1.1,60.4],[-1.2,60.4],[-1.2,60.3],[-1.1,60.3],[-1.1,60.2],[-1.2,60.3],[-1.2,60.2],[-1.1,60.2],[-1.2,60.2],[-1.1,60.2],[-1.1,60.1],[-1.2,60.1],[-1.1,60.1],[-1.2,60.1],[-1.2,60.0],[-1.3,59.9],[-1.4,59.9],[-1.3,60.0],[-1.3,60.1],[-1.3,60.2],[-1.4,60.2],[-1.4,60.3],[-1.4,60.2],[-1.3,60.2],[-1.4,60.2],[-1.5,60.2],[-1.6,60.2],[-1.7,60.2],[-1.7,60.3],[-1.6,60.3],[-1.5,60.3],[-1.6,60.3],[-1.5,60.3],[-1.4,60.3],[-1.5,60.3],[-1.4,60.3],[-1.3,60.3],[-1.4,60.3],[-1.3,60.3],[-1.3,60.4],[-1.4,60.4],[-1.4,60.5],[-1.5,60.5],[-1.6,60.5],[-1.5,60.5],[-1.5,60.6],[-1.5,60.5],[-1.4,60.5],[-1.5,60.5],[-1.5,60.6],[-1.4,60.6],[-1.3,60.6],[-1.3,60.5],[-1.4,60.4],[-1.3,60.4],[-1.2,60.4],[-1.3,60.5],[-1.2,60.5],[-1.2,60.4],[-1.1,60.4]]],[[[-7.0,57.7],[-7.0,57.8],[-7.1,57.8],[-7.0,57.9],[-6.9,57.9],[-7.0,57.9],[-6.9,57.9],[-6.8,57.9],[-6.9,57.9],[-6.8,57.9],[-6.9,57.9],[-6.9,58.0],[-7.0,58.0],[-7.1,58.0],[-7.0,58.0],[-6.9,58.1],[-7.0,58.0],[-7.1,58.0],[-7.0,58.1],[-7.1,58.1],[-7.0,58.1],[-7.1,58.1],[-7.1,58.2],[-7.0,58.2],[-7.1,58.2],[-7.0,58.2],[-6.9,58.2],[-6.9,58.1],[-6.9,58.2],[-6.8,58.2],[-6.7,58.2],[-6.8,58.2],[-6.8,58.3],[-6.7,58.3],[-6.6,58.3],[-6.6,58.4],[-6.5,58.4],[-6.3,58.5],[-6.2,58.5],[-6.2,58.4],[-6.2,58.3],[-6.3,58.3],[-6.3,58.2],[-6.4,58.2],[-6.3,58.2],[-6.2,58.2],[-6.2,58.3],[-6.2,58.2],[-6.3,58.2],[-6.4,58.2],[-6.4,58.1],[-6.5,58.1],[-6.6,58.1],[-6.5,58.1],[-6.4,58.1],[-6.4,58.0],[-6.5,58.0],[-6.6,58.0],[-6.5,58.0],[-6.5,57.9],[-6.6,57.9],[-6.5,57.9],[-6.6,57.9],[-6.6,58.0],[-6.6,57.9],[-6.7,57.9],[-6.7,58.0],[-6.6,58.1],[-6.7,58.1],[-6.7,58.0],[-6.8,58.0],[-6.7,58.0],[-6.7,57.9],[-6.8,57.9],[-6.7,57.8],[-6.8,57.8],[-6.9,57.8],[-6.8,57.8],[-6.9,57.8],[-7.0,57.7]]],[[[-6.6,57.3],[-6.7,57.4],[-6.8,57.4],[-6.8,57.5],[-6.7,57.5],[-6.6,57.5],[-6.6,57.4],[-6.6,57.5],[-6.7,57.6],[-6.6,57.6],[-6.5,57.5],[-6.4,57.5],[-6.3,57.5],[-6.4,57.5],[-6.4,57.6],[-6.4,57.7],[-6.3,57.7],[-6.2,57.6],[-6.1,57.5],[-6.1,57.4],[-6.2,57.4],[-6.1,57.4],[-6.1,57.3],[-6.2,57.3],[-6.1,57.3],[-6.0,57.3],[-6.1,57.3],[-6.0,57.3],[-5.9,57.3],[-5.9,57.2],[-5.9,57.3],[-5.8,57.3],[-5.7,57.3],[-5.6,57.3],[-5.7,57.2],[-5.8,57.2],[-5.8,57.1],[-5.9,57.1],[-5.9,57.0],[-6.0,57.0],[-6.0,57.1],[-5.9,57.2],[-5.8,57.2],[-5.9,57.2],[-6.0,57.2],[-6.1,57.2],[-6.0,57.2],[-6.1,57.2],[-6.1,57.1],[-6.1,57.2],[-6.2,57.2],[-6.3,57.2],[-6.4,57.2],[-6.3,57.2],[-6.4,57.2],[-6.5,57.3],[-6.4,57.3],[-6.3,57.3],[-6.4,57.3],[-6.4,57.4],[-6.5,57.3],[-6.4,57.4],[-6.5,57.4],[-6.6,57.4],[-6.6,57.3]]],[[[-5.7,56.4],[-5.8,56.4],[-5.7,56.4],[-5.8,56.3],[-5.9,56.3],[-5.9,56.4],[-5.9,56.3],[-6.0,56.3],[-6.1,56.3],[-6.2,56.3],[-6.3,56.3],[-6.4,56.3],[-6.3,56.3],[-6.2,56.3],[-6.1,56.4],[-6.0,56.4],[-6.1,56.4],[-6.2,56.4],[-6.1,56.4],[-6.1,56.5],[-6.1,56.4],[-6.0,56.5],[-6.1,56.5],[-6.2,56.5],[-6.3,56.5],[-6.3,56.6],[-6.2,56.6],[-6.2,56.7],[-6.1,56.7],[-6.1,56.6],[-6.0,56.6],[-6.0,56.5],[-5.9,56.5],[-5.8,56.5],[-5.7,56.5],[-5.7,56.4],[-5.7,56.5],[-5.6,56.4],[-5.7,56.4]]]]},"properties":{"country":"United Kingdom","iso3":"GBR","entries":320,"_k":"0"}},{"type":"Feature","geometry":{"type":"MultiPolygon","coordinates":[[[[141.0,-2.6],[141.0,-2.8],[141.0,-3.0],[141.0,-3.3],[141.0,-3.6],[141.0,-3.8],[141.0,-4.0],[141.0,-4.2],[141.0,-4.6],[141.0,-4.8],[141.0,-5.0],[141.0,-5.2],[141.0,-5.3],[141.0,-5.4],[141.0,-5.6],[141.0,-5.8],[141.0,-6.0],[141.0,-6.2],[141.0,-6.3],[141.0,-6.4],[140.9,-6.4],[140.9,-6.5],[141.0,-6.5],[140.9,-6.5],[140.9,-6.6],[140.9,-6.7],[140.8,-6.7],[140.9,-6.7],[140.9,-6.8],[140.9,-6.9],[141.0,-6.9],[141.0,-7.0],[141.0,-7.2],[141.0,-7.3],[141.0,-7.6],[141.0,-7.8],[141.0,-8.0],[141.0,-8.2],[141.0,-8.4],[141.0,-8.6],[141.0,-8.8],[141.0,-9.0],[141.0,-9.1],[140.9,-9.1],[140.9,-9.0],[140.6,-8.8],[140.5,-8.6],[140.4,-8.6],[140.4,-8.5],[140.3,-8.5],[140.3,-8.4],[140.0,-8.2],[140.0,-8.1],[140.1,-8.1],[140.1,-8.0],[140.1,-7.9],[140.2,-7.9],[140.1,-7.9],[140.0,-8.0],[140.0,-8.1],[139.9,-8.1],[139.8,-8.1],[139.6,-8.1],[139.5,-8.2],[139.4,-8.2],[139.3,-8.2],[139.3,-8.1],[139.2,-8.1],[139.3,-8.1],[139.2,-8.0],[139.3,-8.0],[139.2,-8.0],[139.2,-8.1],[139.1,-8.1],[139.0,-8.2],[139.0,-8.3],[138.9,-8.3],[138.9,-8.2],[138.8,-8.2],[138.8,-8.1],[138.9,-8.1],[138.9,-8.0],[138.9,-7.9],[139.0,-7.9],[139.0,-7.8],[139.0,-7.7],[139.1,-7.6],[139.1,-7.5],[139.0,-7.5],[138.9,-7.5],[138.9,-7.4],[138.9,-7.3],[138.8,-7.3],[138.7,-7.3],[138.7,-7.2],[138.9,-7.2],[139.0,-7.2],[139.2,-7.2],[139.2,-7.1],[139.2,-7.2],[139.1,-7.2],[139.0,-7.2],[138.9,-7.2],[138.9,-7.1],[138.8,-7.1],[138.7,-7.1],[138.6,-7.0],[138.6,-6.9],[138.7,-6.9],[138.8,-6.9],[138.9,-6.8],[139.0,-6.9],[139.1,-6.9],[139.1,-7.0],[139.2,-7.0],[139.1,-7.0],[139.1,-6.9],[139.0,-6.9],[139.0,-6.8],[138.9,-6.8],[138.8,-6.8],[138.7,-6.7],[138.7,-6.6],[138.7,-6.7],[138.8,-6.7],[138.7,-6.6],[138.6,-6.5],[138.5,-6.4],[138.4,-6.3],[138.4,-6.2],[138.4,-6.1],[138.3,-6.1],[138.3,-6.0],[138.3,-5.9],[138.4,-5.9],[138.4,-5.8],[138.3,-5.8],[138.3,-5.9],[138.2,-5.8],[138.3,-5.7],[138.4,-5.7],[138.3,-5.7],[138.2,-5.7],[138.1,-5.7],[138.1,-5.6],[138.1,-5.5],[138.1,-5.4],[138.0,-5.4],[138.0,-5.5],[138.0,-5.4],[137.9,-5.4],[137.9,-5.3],[137.9,-5.4],[137.8,-5.4],[137.8,-5.3],[137.7,-5.3],[137.7,-5.2],[137.6,-5.2],[137.6,-5.1],[137.5,-5.1],[137.4,-5.1],[137.4,-5.0],[137.3,-5.0],[137.3,-4.9],[137.2,-5.0],[137.1,-4.9],[137.1,-5.0],[137.1,-4.9],[137.0,-4.9],[136.9,-4.9],[137.0,-4.9],[136.9,-4.9],[136.8,-4.9],[136.7,-4.9],[136.7,-4.8],[136.6,-4.8],[136.5,-4.8],[136.5,-4.7],[136.4,-4.7],[136.3,-4.7],[136.2,-4.6],[136.1,-4.6],[136.0,-4.6],[136.0,-4.5],[135.9,-4.5],[135.8,-4.5],[135.7,-4.5],[135.6,-4.5],[135.5,-4.4],[135.4,-4.4],[135.3,-4.4],[135.3,-4.5],[135.2,-4.5],[135.2,-4.4],[135.0,-4.3],[134.9,-4.3],[134.8,-4.3],[134.8,-4.2],[134.7,-4.2],[134.7,-4.1],[134.6,-4.1],[134.7,-4.1],[134.7,-4.0],[134.7,-3.9],[134.8,-3.9],[134.9,-4.0],[135.0,-4.0],[135.0,-3.9],[134.9,-4.0],[134.9,-3.9],[134.8,-3.9],[134.7,-3.9],[134.6,-3.9],[134.6,-4.0],[134.5,-4.0],[134.5,-3.9],[134.4,-3.9],[134.3,-3.9],[134.4,-3.9],[134.3,-3.9],[134.3,-4.0],[134.2,-4.0],[134.2,-3.9],[134.1,-3.9],[134.2,-3.8],[134.1,-3.8],[134.1,-3.7],[134.1,-3.8],[134.0,-3.8],[134.0,-3.9],[134.0,-3.8],[133.9,-3.7],[133.8,-3.6],[133.8,-3.7],[133.7,-3.7],[133.7,-3.6],[133.6,-3.5],[133.7,-3.4],[133.7,-3.3],[133.7,-3.2],[133.8,-3.2],[133.8,-3.1],[133.9,-3.1],[133.9,-3.0],[133.9,-2.9],[133.8,-2.9],[133.8,-3.0],[133.7,-3.1],[133.7,-3.2],[133.7,-3.4],[133.6,-3.4],[133.5,-3.4],[133.5,-3.5],[133.6,-3.5],[133.6,-3.6],[133.5,-3.6],[133.4,-3.7],[133.4,-3.8],[133.5,-3.8],[133.5,-3.9],[133.4,-3.9],[133.3,-4.1],[133.2,-4.1],[133.1,-4.1],[133.0,-4.1],[132.9,-4.1],[132.9,-4.0],[132.8,-4.0],[132.8,-3.9],[132.8,-3.8],[132.7,-3.7],[132.7,-3.6],[132.8,-3.6],[132.9,-3.6],[132.9,-3.5],[132.8,-3.5],[132.8,-3.4],[132.8,-3.3],[132.7,-3.3],[132.6,-3.3],[132.6,-3.2],[132.6,-3.1],[132.5,-3.1],[132.5,-3.0],[132.4,-3.0],[132.3,-3.0],[132.3,-2.9],[132.2,-2.9],[132.1,-2.9],[132.1,-3.0],[132.1,-2.9],[132.0,-2.9],[132.0,-2.8],[132.1,-2.8],[132.1,-2.7],[132.1,-2.8],[132.1,-2.7],[132.2,-2.7],[132.1,-2.7],[132.2,-2.7],[132.3,-2.7],[132.4,-2.7],[132.5,-2.7],[132.6,-2.7],[132.7,-2.8],[132.8,-2.8],[132.8,-2.7],[132.9,-2.7],[132.9,-2.6],[133.0,-2.5],[133.1,-2.4],[133.2,-2.4],[133.3,-2.4],[133.3,-2.5],[133.4,-2.5],[133.4,-2.6],[133.4,-2.7],[133.4,-2.6],[133.4,-2.5],[133.5,-2.5],[133.5,-2.6],[133.5,-2.5],[133.5,-2.6],[133.6,-2.6],[133.6,-2.5],[133.7,-2.6],[133.7,-2.7],[133.7,-2.6],[133.7,-2.5],[133.8,-2.6],[133.8,-2.7],[133.8,-2.6],[133.8,-2.5],[133.7,-2.4],[133.8,-2.4],[133.9,-2.4],[133.9,-2.5],[133.9,-2.4],[134.0,-2.4],[133.9,-2.4],[133.9,-2.3],[134.0,-2.3],[133.9,-2.3],[134.0,-2.3],[134.0,-2.2],[133.9,-2.2],[133.9,-2.3],[133.8,-2.3],[133.8,-2.2],[133.9,-2.2],[133.9,-2.1],[133.8,-2.1],[133.8,-2.2],[133.7,-2.2],[133.6,-2.2],[133.5,-2.2],[133.4,-2.2],[133.3,-2.2],[133.2,-2.2],[133.1,-2.2],[133.0,-2.3],[132.9,-2.3],[132.8,-2.2],[132.8,-2.3],[132.7,-2.3],[132.6,-2.3],[132.6,-2.2],[132.5,-2.2],[132.4,-2.3],[132.3,-2.3],[132.3,-2.2],[132.2,-2.2],[132.1,-2.1],[132.0,-2.1],[132.1,-2.1],[132.1,-2.0],[132.0,-2.0],[132.0,-1.9],[131.9,-1.9],[131.9,-1.8],[132.0,-1.8],[132.0,-1.7],[131.9,-1.7],[131.9,-1.6],[132.0,-1.6],[132.0,-1.5],[131.9,-1.6],[131.8,-1.6],[131.8,-1.5],[131.8,-1.6],[131.7,-1.6],[131.7,-1.5],[131.6,-1.5],[131.5,-1.5],[131.4,-1.5],[131.4,-1.4],[131.3,-1.4],[131.3,-1.5],[131.2,-1.5],[131.1,-1.5],[131.0,-1.5],[131.0,-1.4],[130.9,-1.4],[131.0,-1.4],[131.0,-1.3],[131.1,-1.2],[131.2,-1.2],[131.2,-1.1],[131.3,-1.1],[131.3,-1.0],[131.3,-0.9],[131.2,-0.8],[131.3,-0.8],[131.4,-0.8],[131.5,-0.8],[131.5,-0.7],[131.5,-0.8],[131.6,-0.8],[131.8,-0.7],[131.9,-0.7],[131.9,-0.6],[132.0,-0.6],[132.1,-0.5],[132.2,-0.4],[132.3,-0.4],[132.4,-0.4],[132.4,-0.3],[132.7,-0.4],[132.9,-0.5],[133.0,-0.4],[133.0,-0.5],[133.1,-0.5],[133.2,-0.5],[133.3,-0.6],[133.3,-0.7],[133.4,-0.7],[133.6,-0.7],[133.6,-0.8],[133.6,-0.7],[133.7,-0.7],[133.7,-0.8],[133.8,-0.7],[133.9,-0.7],[134.0,-0.7],[134.1,-0.8],[134.2,-0.9],[134.1,-0.9],[134.0,-1.0],[134.1,-1.0],[134.1,-1.1],[134.1,-1.2],[134.2,-1.2],[134.3,-1.3],[134.3,-1.4],[134.2,-1.4],[134.2,-1.5],[134.2,-1.6],[134.1,-1.6],[134.1,-1.7],[134.1,-1.9],[134.1,-2.0],[134.2,-2.0],[134.1,-2.0],[134.1,-2.1],[134.1,-2.2],[134.2,-2.2],[134.1,-2.2],[134.2,-2.2],[134.2,-2.3],[134.2,-2.4],[134.3,-2.4],[134.3,-2.5],[134.3,-2.6],[134.4,-2.6],[134.4,-2.7],[134.4,-2.8],[134.5,-2.9],[134.5,-2.8],[134.5,-2.7],[134.5,-2.6],[134.5,-2.5],[134.6,-2.5],[134.5,-2.5],[134.6,-2.5],[134.7,-2.6],[134.7,-2.8],[134.7,-3.0],[134.8,-3.0],[134.8,-2.9],[134.9,-2.9],[134.9,-3.0],[134.8,-3.0],[134.8,-3.1],[134.9,-3.1],[134.9,-3.2],[134.9,-3.3],[135.0,-3.2],[135.0,-3.3],[135.1,-3.3],[135.1,-3.4],[135.3,-3.4],[135.4,-3.4],[135.5,-3.4],[135.5,-3.3],[135.6,-3.3],[135.6,-3.2],[135.7,-3.1],[135.8,-3.1],[135.7,-3.1],[135.8,-3.1],[135.8,-3.0],[135.8,-3.1],[135.8,-3.0],[135.9,-3.0],[135.9,-2.9],[136.0,-2.9],[136.0,-2.8],[136.0,-2.7],[136.1,-2.7],[136.2,-2.6],[136.3,-2.6],[136.3,-2.5],[136.3,-2.4],[136.3,-2.3],[136.4,-2.3],[136.4,-2.2],[136.5,-2.2],[136.6,-2.2],[136.6,-2.3],[136.6,-2.2],[136.7,-2.3],[136.7,-2.2],[136.7,-2.3],[136.8,-2.2],[136.9,-2.2],[137.0,-2.1],[137.2,-2.1],[137.2,-2.0],[137.2,-1.9],[137.1,-1.9],[137.1,-1.8],[137.3,-1.7],[137.5,-1.6],[137.8,-1.5],[137.9,-1.5],[138.0,-1.5],[138.0,-1.6],[138.1,-1.6],[138.2,-1.6],[138.4,-1.7],[138.5,-1.8],[138.6,-1.8],[138.7,-1.8],[138.8,-1.9],[138.9,-2.0],[139.1,-2.0],[139.3,-2.1],[139.4,-2.2],[139.5,-2.2],[139.7,-2.3],[139.8,-2.4],[139.9,-2.4],[140.1,-2.4],[140.1,-2.3],[140.2,-2.3],[140.2,-2.4],[140.3,-2.4],[140.3,-2.5],[140.4,-2.4],[140.5,-2.4],[140.6,-2.4],[140.7,-2.5],[140.7,-2.6],[140.8,-2.6],[140.9,-2.6],[141.0,-2.6]]],[[[117.6,4.2],[117.5,4.1],[117.4,4.2],[117.4,4.1],[117.5,4.1],[117.5,4.0],[117.5,4.1],[117.5,4.0],[117.6,4.0],[117.6,3.9],[117.7,3.9],[117.6,3.9],[117.5,3.9],[117.6,3.9],[117.7,3.9],[117.8,3.8],[117.7,3.8],[117.8,3.7],[117.8,3.6],[117.7,3.6],[117.6,3.6],[117.6,3.7],[117.5,3.7],[117.5,3.8],[117.5,3.7],[117.5,3.6],[117.4,3.6],[117.3,3.6],[117.2,3.6],[117.1,3.6],[117.0,3.6],[117.1,3.6],[117.2,3.6],[117.2,3.5],[117.3,3.5],[117.3,3.4],[117.4,3.4],[117.4,3.3],[117.4,3.2],[117.3,3.2],[117.3,3.3],[117.3,3.2],[117.4,3.2],[117.5,3.2],[117.5,3.1],[117.6,3.1],[117.6,3.0],[117.7,3.0],[117.6,2.9],[117.5,2.9],[117.6,2.9],[117.7,2.9],[117.6,2.8],[117.7,2.8],[117.8,2.8],[117.8,2.7],[117.8,2.6],[117.9,2.6],[118.0,2.5],[118.0,2.4],[118.1,2.4],[118.1,2.3],[118.1,2.2],[118.0,2.2],[117.9,2.2],[117.9,2.1],[117.8,2.1],[117.9,2.1],[117.9,2.0],[117.8,2.0],[117.7,2.0],[117.8,2.0],[117.9,2.0],[117.9,1.9],[117.9,1.8],[118.0,1.8],[118.1,1.8],[118.0,1.8],[118.0,1.7],[118.1,1.7],[118.2,1.6],[118.3,1.6],[118.3,1.5],[118.4,1.5],[118.4,1.4],[118.5,1.4],[118.6,1.4],[118.7,1.3],[118.8,1.2],[118.8,1.1],[118.9,1.1],[119.0,1.1],[119.0,1.0],[119.0,0.9],[118.9,0.9],[118.8,0.8],[118.7,0.8],[118.6,0.8],[118.5,0.8],[118.4,0.8],[118.3,0.8],[118.3,0.9],[118.2,0.9],[118.1,0.9],[118.0,1.0],[118.0,1.1],[117.9,1.1],[117.9,1.0],[118.0,1.0],[118.0,0.9],[118.0,0.8],[117.9,0.8],[117.8,0.8],[117.7,0.7],[117.7,0.6],[117.6,0.5],[117.6,0.4],[117.6,0.3],[117.5,0.3],[117.5,0.2],[117.5,0.1],[117.5,0.0],[117.5,-0.1],[117.5,-0.2],[117.4,-0.2],[117.4,-0.3],[117.5,-0.3],[117.5,-0.4],[117.5,-0.5],[117.4,-0.5],[117.5,-0.5],[117.6,-0.4],[117.6,-0.5],[117.6,-0.6],[117.5,-0.6],[117.6,-0.6],[117.6,-0.7],[117.5,-0.7],[117.6,-0.7],[117.5,-0.7],[117.6,-0.7],[117.6,-0.8],[117.5,-0.8],[117.4,-0.8],[117.5,-0.9],[117.4,-0.9],[117.4,-0.8],[117.4,-0.9],[117.3,-0.9],[117.3,-0.8],[117.3,-0.9],[117.2,-0.9],[117.2,-1.0],[117.1,-1.1],[117.0,-1.1],[117.0,-1.2],[116.9,-1.3],[116.8,-1.3],[116.8,-1.2],[116.7,-1.1],[116.8,-1.0],[116.7,-1.0],[116.7,-1.1],[116.7,-1.2],[116.8,-1.2],[116.7,-1.2],[116.8,-1.2],[116.8,-1.3],[116.8,-1.4],[116.7,-1.4],[116.6,-1.4],[116.5,-1.5],[116.6,-1.6],[116.5,-1.6],[116.4,-1.7],[116.3,-1.7],[116.3,-1.8],[116.2,-1.8],[116.3,-1.8],[116.4,-1.8],[116.5,-1.9],[116.5,-2.0],[116.4,-2.1],[116.3,-2.1],[116.3,-2.2],[116.3,-2.1],[116.4,-2.1],[116.4,-2.2],[116.5,-2.2],[116.6,-2.2],[116.6,-2.4],[116.5,-2.5],[116.5,-2.6],[116.5,-2.5],[116.4,-2.5],[116.3,-2.5],[116.3,-2.6],[116.4,-2.6],[116.4,-2.7],[116.4,-2.8],[116.4,-2.9],[116.3,-2.9],[116.3,-3.0],[116.2,-3.0],[116.2,-2.9],[116.2,-2.8],[116.1,-2.8],[116.1,-2.9],[116.1,-3.0],[116.2,-3.0],[116.2,-3.1],[116.3,-3.1],[116.2,-3.1],[116.2,-3.2],[116.2,-3.3],[116.1,-3.3],[116.2,-3.3],[116.2,-3.2],[116.1,-3.2],[116.1,-3.3],[116.0,-3.4],[116.0,-3.5],[116.0,-3.6],[115.9,-3.6],[115.8,-3.6],[115.8,-3.7],[115.6,-3.8],[115.3,-3.9],[115.1,-4.0],[114.9,-4.1],[114.7,-4.2],[114.6,-4.2],[114.6,-4.1],[114.6,-4.0],[114.6,-3.9],[114.6,-3.7],[114.6,-3.6],[114.5,-3.6],[114.5,-3.5],[114.6,-3.3],[114.5,-3.4],[114.5,-3.5],[114.4,-3.5],[114.3,-3.4],[114.3,-3.3],[114.4,-3.2],[114.3,-3.2],[114.3,-3.3],[114.2,-3.4],[114.1,-3.4],[114.1,-3.3],[114.1,-3.2],[114.1,-3.3],[114.0,-3.4],[113.9,-3.4],[113.8,-3.5],[113.7,-3.5],[113.6,-3.5],[113.6,-3.4],[113.6,-3.3],[113.6,-3.2],[113.5,-3.2],[113.4,-3.2],[113.4,-3.3],[113.4,-3.2],[113.3,-3.2],[113.4,-3.3],[113.3,-3.2],[113.2,-3.2],[113.2,-3.1],[113.1,-3.1],[113.1,-3.0],[113.0,-2.9],[113.0,-3.0],[113.0,-3.1],[112.9,-3.1],[113.0,-3.1],[113.0,-3.2],[112.7,-3.4],[112.6,-3.4],[112.5,-3.4],[112.4,-3.3],[112.3,-3.3],[112.2,-3.3],[112.1,-3.4],[112.0,-3.5],[111.9,-3.6],[111.8,-3.5],[111.8,-3.4],[111.8,-3.2],[111.8,-3.1],[111.8,-3.0],[111.8,-2.9],[111.8,-2.8],[111.7,-2.8],[111.8,-2.8],[111.8,-2.7],[111.7,-2.7],[111.7,-2.8],[111.7,-2.9],[111.6,-3.0],[111.5,-3.0],[111.5,-2.9],[111.4,-2.9],[111.3,-2.9],[111.1,-3.1],[111.0,-3.1],[110.9,-3.1],[110.8,-3.0],[110.8,-2.9],[110.9,-2.9],[111.0,-2.9],[110.9,-2.9],[110.8,-2.9],[110.8,-3.0],[110.7,-3.1],[110.6,-3.1],[110.6,-3.0],[110.6,-2.9],[110.5,-2.9],[110.4,-2.9],[110.3,-3.0],[110.2,-3.0],[110.2,-2.9],[110.2,-2.8],[110.2,-2.7],[110.2,-2.6],[110.3,-2.6],[110.3,-2.5],[110.2,-2.5],[110.2,-2.4],[110.1,-2.3],[110.1,-2.2],[110.1,-2.1],[110.1,-2.0],[110.1,-1.9],[110.0,-1.9],[109.9,-1.8],[110.0,-1.7],[110.0,-1.6],[110.1,-1.4],[110.1,-1.3],[110.0,-1.3],[109.9,-1.3],[110.0,-1.2],[109.9,-1.2],[109.9,-1.1],[109.8,-1.1],[109.8,-1.0],[109.7,-1.0],[109.7,-0.9],[109.8,-0.9],[109.7,-0.9],[109.7,-1.0],[109.6,-1.0],[109.6,-0.9],[109.5,-0.9],[109.4,-0.8],[109.4,-0.9],[109.3,-0.9],[109.2,-0.7],[109.3,-0.7],[109.4,-0.7],[109.5,-0.7],[109.4,-0.7],[109.4,-0.6],[109.3,-0.6],[109.2,-0.6],[109.2,-0.5],[109.1,-0.5],[109.1,-0.4],[109.1,-0.3],[109.0,-0.2],[109.1,-0.2],[109.2,-0.2],[109.2,-0.1],[109.2,-0.0],[109.3,0.0],[109.2,0.1],[109.1,0.2],[109.0,0.3],[108.9,0.3],[108.9,0.4],[108.9,0.5],[108.9,0.6],[108.9,0.7],[108.9,0.8],[108.9,0.9],[109.0,0.9],[109.0,1.0],[108.9,1.1],[108.9,1.2],[109.0,1.2],[109.1,1.2],[109.1,1.3],[109.2,1.3],[109.2,1.4],[109.3,1.4],[109.2,1.4],[109.2,1.3],[109.1,1.3],[109.1,1.2],[109.0,1.2],[109.0,1.3],[109.1,1.4],[109.1,1.5],[109.1,1.6],[109.3,1.7],[109.3,1.8],[109.3,1.9],[109.4,1.9],[109.4,2.0],[109.6,2.0],[109.6,2.1],[109.6,2.0],[109.6,1.9],[109.5,1.9],[109.5,1.8],[109.6,1.8],[109.6,1.7],[109.6,1.6],[109.7,1.6],[109.8,1.5],[109.8,1.4],[109.9,1.4],[110.0,1.3],[110.1,1.2],[110.2,1.2],[110.2,1.1],[110.3,1.0],[110.4,1.0],[110.4,0.9],[110.5,0.9],[110.6,0.9],[110.7,0.9],[110.8,0.9],[110.9,1.0],[111.0,1.0],[111.2,1.1],[111.4,1.0],[111.5,1.0],[111.6,1.0],[111.7,1.0],[111.8,1.0],[111.9,1.1],[112.0,1.1],[112.1,1.1],[112.1,1.2],[112.2,1.3],[112.2,1.4],[112.3,1.5],[112.4,1.5],[112.4,1.6],[112.5,1.6],[112.8,1.6],[112.8,1.5],[112.8,1.6],[112.9,1.6],[113.0,1.6],[113.0,1.5],[113.0,1.4],[113.1,1.4],[113.2,1.4],[113.3,1.4],[113.4,1.3],[113.5,1.3],[113.6,1.2],[113.8,1.3],[113.9,1.4],[114.1,1.5],[114.1,1.4],[114.2,1.4],[114.4,1.5],[114.5,1.4],[114.6,1.5],[114.6,1.6],[114.7,1.6],[114.7,1.7],[114.7,1.8],[114.7,1.9],[114.8,1.9],[114.8,2.0],[114.8,2.1],[114.8,2.2],[114.8,2.3],[114.9,2.3],[114.9,2.4],[115.0,2.4],[115.1,2.4],[115.1,2.5],[115.2,2.5],[115.2,2.6],[115.1,2.6],[115.1,2.7],[115.1,2.8],[115.1,2.9],[115.2,3.0],[115.3,3.0],[115.4,3.0],[115.5,3.0],[115.5,3.1],[115.5,3.2],[115.5,3.4],[115.6,3.4],[115.6,3.5],[115.5,3.6],[115.5,3.7],[115.6,3.7],[115.6,3.8],[115.6,3.9],[115.5,3.9],[115.6,3.9],[115.6,4.0],[115.6,4.1],[115.6,4.2],[115.7,4.2],[115.8,4.2],[115.8,4.3],[115.8,4.4],[115.9,4.4],[115.9,4.3],[116.0,4.3],[116.1,4.3],[116.1,4.4],[116.2,4.4],[116.3,4.4],[116.4,4.4],[116.4,4.3],[116.5,4.3],[116.5,4.4],[116.6,4.3],[116.7,4.3],[116.7,4.4],[116.8,4.3],[116.9,4.3],[117.0,4.3],[117.2,4.3],[117.2,4.4],[117.2,4.3],[117.3,4.3],[117.4,4.3],[117.4,4.2],[117.5,4.2],[117.6,4.2]]],[[[119.8,-0.9],[119.9,-0.8],[119.9,-0.7],[119.8,-0.7],[119.8,-0.6],[119.8,-0.5],[119.8,-0.2],[119.8,-0.1],[119.7,-0.1],[119.6,-0.1],[119.6,-0.0],[119.7,0.0],[119.8,-0.1],[119.9,-0.0],[119.9,0.1],[119.8,0.2],[119.8,0.3],[119.9,0.3],[119.9,0.4],[119.9,0.5],[120.0,0.5],[120.0,0.6],[120.0,0.7],[120.1,0.7],[120.1,0.8],[120.2,0.8],[120.2,0.9],[120.3,1.0],[120.3,0.9],[120.4,0.9],[120.4,0.8],[120.5,0.8],[120.6,0.8],[120.6,0.9],[120.7,1.0],[120.8,1.0],[120.8,1.1],[120.8,1.2],[120.8,1.3],[120.9,1.3],[120.9,1.4],[120.9,1.3],[121.0,1.3],[121.1,1.3],[121.2,1.3],[121.3,1.2],[121.3,1.3],[121.4,1.3],[121.5,1.3],[121.5,1.2],[121.4,1.2],[121.5,1.2],[121.5,1.1],[121.6,1.1],[121.9,1.1],[122.0,1.0],[122.0,1.1],[122.1,1.1],[122.1,1.0],[122.2,1.0],[122.3,1.0],[122.4,1.0],[122.5,1.0],[122.6,1.0],[122.7,0.9],[122.8,0.9],[122.8,0.8],[122.9,0.8],[122.9,0.9],[123.0,0.9],[123.0,1.0],[123.1,0.9],[123.2,0.9],[123.2,1.0],[123.2,0.9],[123.3,1.0],[123.3,0.9],[123.4,0.9],[123.5,0.9],[123.6,0.9],[123.7,0.9],[123.8,0.8],[123.9,0.8],[124.0,0.8],[123.9,0.9],[124.0,0.9],[124.1,0.9],[124.2,0.9],[124.2,1.0],[124.3,1.0],[124.3,1.1],[124.4,1.2],[124.5,1.2],[124.6,1.2],[124.6,1.3],[124.5,1.3],[124.5,1.4],[124.6,1.4],[124.7,1.4],[124.8,1.4],[124.8,1.5],[124.9,1.5],[124.8,1.5],[124.8,1.6],[124.9,1.7],[125.0,1.7],[125.1,1.7],[125.2,1.7],[125.2,1.6],[125.2,1.5],[125.2,1.4],[125.1,1.4],[125.1,1.3],[125.0,1.2],[125.0,1.1],[124.9,1.0],[124.8,0.9],[124.7,0.9],[124.7,0.8],[124.6,0.8],[124.6,0.7],[124.6,0.6],[124.5,0.6],[124.5,0.5],[124.5,0.4],[124.4,0.5],[124.4,0.4],[124.3,0.4],[124.2,0.4],[124.1,0.4],[124.0,0.4],[124.0,0.3],[123.9,0.3],[123.8,0.3],[123.7,0.3],[123.6,0.3],[123.5,0.3],[123.4,0.3],[123.3,0.3],[123.2,0.3],[123.2,0.4],[123.1,0.4],[123.1,0.5],[123.0,0.5],[122.8,0.5],[122.7,0.5],[122.6,0.5],[122.7,0.5],[122.6,0.5],[122.3,0.5],[122.2,0.5],[122.1,0.5],[122.0,0.5],[122.0,0.4],[121.9,0.4],[121.8,0.4],[121.7,0.5],[121.6,0.5],[121.6,0.6],[121.6,0.5],[121.5,0.5],[121.4,0.5],[121.3,0.5],[121.2,0.5],[121.1,0.4],[121.0,0.4],[120.9,0.4],[120.9,0.5],[120.8,0.5],[120.7,0.5],[120.5,0.5],[120.4,0.5],[120.3,0.4],[120.2,0.3],[120.2,0.2],[120.1,0.2],[120.1,0.1],[120.1,0.0],[120.0,-0.1],[120.0,-0.2],[120.0,-0.4],[120.1,-0.4],[120.1,-0.5],[120.0,-0.5],[120.1,-0.5],[120.1,-0.6],[120.1,-0.7],[120.2,-0.9],[120.3,-0.9],[120.4,-0.9],[120.4,-1.0],[120.5,-1.0],[120.6,-1.1],[120.6,-1.2],[120.6,-1.3],[120.6,-1.4],[120.7,-1.4],[120.8,-1.3],[120.8,-1.4],[120.9,-1.4],[121.0,-1.4],[121.1,-1.4],[121.2,-1.3],[121.2,-1.2],[121.3,-1.2],[121.3,-1.1],[121.4,-1.0],[121.4,-0.9],[121.5,-0.9],[121.5,-0.8],[121.6,-0.8],[121.7,-0.8],[121.7,-0.9],[121.8,-0.9],[121.9,-1.0],[122.0,-0.9],[122.1,-0.9],[122.2,-0.9],[122.2,-0.8],[122.4,-0.8],[122.5,-0.8],[122.5,-0.7],[122.6,-0.8],[122.7,-0.8],[122.8,-0.8],[122.9,-0.8],[123.0,-0.7],[122.9,-0.7],[122.8,-0.7],[122.7,-0.7],[122.7,-0.6],[122.8,-0.6],[122.9,-0.6],[123.0,-0.6],[123.1,-0.6],[123.2,-0.6],[123.3,-0.6],[123.4,-0.6],[123.4,-0.7],[123.5,-0.8],[123.4,-0.8],[123.4,-0.9],[123.4,-1.0],[123.3,-1.1],[123.3,-1.0],[123.2,-1.0],[123.1,-0.9],[123.2,-0.9],[123.1,-0.9],[123.1,-0.8],[123.1,-0.9],[123.0,-0.9],[122.9,-0.9],[122.8,-0.9],[122.8,-1.0],[122.7,-1.1],[122.6,-1.2],[122.6,-1.3],[122.5,-1.3],[122.5,-1.4],[122.4,-1.4],[122.4,-1.5],[122.3,-1.5],[122.2,-1.6],[122.1,-1.6],[122.0,-1.6],[122.0,-1.7],[121.9,-1.7],[121.8,-1.7],[121.8,-1.8],[121.7,-1.9],[121.6,-1.9],[121.5,-1.9],[121.4,-1.8],[121.3,-1.8],[121.3,-1.9],[121.3,-2.0],[121.4,-2.0],[121.4,-1.9],[121.4,-2.0],[121.5,-2.0],[121.5,-2.1],[121.6,-2.1],[121.6,-2.2],[121.7,-2.2],[121.8,-2.2],[121.8,-2.3],[121.9,-2.4],[121.9,-2.5],[122.0,-2.5],[122.0,-2.6],[122.0,-2.7],[122.1,-2.7],[122.1,-2.8],[122.2,-2.8],[122.2,-2.9],[122.3,-2.9],[122.3,-3.0],[122.3,-3.1],[122.4,-3.1],[122.5,-3.2],[122.5,-3.1],[122.5,-3.2],[122.4,-3.2],[122.3,-3.2],[122.3,-3.3],[122.4,-3.4],[122.3,-3.4],[122.3,-3.5],[122.2,-3.5],[122.2,-3.6],[122.3,-3.7],[122.4,-3.7],[122.5,-3.7],[122.5,-3.8],[122.5,-3.9],[122.6,-3.9],[122.7,-3.9],[122.6,-3.9],[122.6,-4.0],[122.7,-4.0],[122.7,-4.1],[122.8,-4.1],[122.8,-4.0],[122.8,-4.1],[122.9,-4.1],[122.9,-4.2],[122.9,-4.3],[122.9,-4.4],[122.8,-4.4],[122.7,-4.3],[122.7,-4.4],[122.8,-4.4],[122.8,-4.5],[122.7,-4.5],[122.7,-4.4],[122.6,-4.4],[122.5,-4.4],[122.4,-4.4],[122.4,-4.5],[122.3,-4.5],[122.2,-4.5],[122.1,-4.5],[122.1,-4.6],[122.0,-4.6],[122.0,-4.7],[122.1,-4.7],[122.1,-4.8],[122.0,-4.9],[121.9,-4.8],[121.8,-4.8],[121.7,-4.8],[121.6,-4.8],[121.6,-4.7],[121.5,-4.7],[121.5,-4.6],[121.5,-4.5],[121.5,-4.4],[121.5,-4.3],[121.5,-4.2],[121.6,-4.2],[121.6,-4.3],[121.6,-4.2],[121.6,-4.1],[121.6,-4.0],[121.4,-4.0],[121.3,-3.9],[121.2,-3.9],[121.3,-3.9],[121.3,-3.8],[121.2,-3.8],[121.1,-3.7],[120.9,-3.5],[120.9,-3.4],[120.9,-3.3],[121.0,-3.3],[121.0,-3.2],[121.1,-3.2],[121.1,-3.1],[121.0,-3.1],[121.1,-3.0],[121.1,-2.9],[121.0,-2.9],[121.0,-2.8],[121.1,-2.8],[121.0,-2.7],[120.9,-2.6],[120.8,-2.6],[120.7,-2.6],[120.6,-2.7],[120.5,-2.7],[120.3,-2.9],[120.2,-3.0],[120.3,-3.1],[120.3,-3.2],[120.4,-3.2],[120.4,-3.3],[120.4,-3.4],[120.4,-3.5],[120.4,-3.6],[120.4,-3.7],[120.4,-3.8],[120.4,-3.9],[120.4,-4.1],[120.4,-4.2],[120.4,-4.3],[120.4,-4.4],[120.4,-4.5],[120.4,-4.6],[120.4,-4.7],[120.4,-4.8],[120.3,-4.8],[120.3,-4.9],[120.3,-5.0],[120.3,-5.1],[120.3,-5.2],[120.3,-5.3],[120.4,-5.3],[120.4,-5.4],[120.4,-5.5],[120.4,-5.6],[120.5,-5.6],[120.4,-5.6],[120.4,-5.5],[120.3,-5.5],[120.2,-5.5],[120.2,-5.6],[120.1,-5.6],[120.0,-5.6],[119.9,-5.6],[119.8,-5.7],[119.7,-5.7],[119.6,-5.7],[119.6,-5.6],[119.6,-5.7],[119.6,-5.6],[119.5,-5.6],[119.4,-5.6],[119.4,-5.5],[119.4,-5.4],[119.4,-5.3],[119.4,-5.2],[119.4,-5.1],[119.5,-5.1],[119.5,-5.0],[119.5,-4.9],[119.5,-4.8],[119.5,-4.7],[119.6,-4.6],[119.6,-4.4],[119.6,-4.3],[119.6,-4.2],[119.6,-4.1],[119.6,-4.0],[119.6,-3.9],[119.5,-3.8],[119.5,-3.7],[119.5,-3.6],[119.5,-3.5],[119.4,-3.5],[119.4,-3.4],[119.3,-3.4],[119.2,-3.5],[119.1,-3.5],[119.0,-3.5],[119.0,-3.6],[119.0,-3.5],[118.9,-3.6],[118.9,-3.5],[118.9,-3.4],[118.8,-3.4],[118.8,-3.3],[118.9,-3.3],[118.8,-3.3],[118.8,-3.2],[118.8,-3.1],[118.9,-3.1],[118.9,-3.0],[118.9,-2.9],[118.9,-2.8],[118.8,-2.8],[118.8,-2.9],[118.8,-2.8],[118.8,-2.7],[118.8,-2.6],[118.9,-2.6],[118.9,-2.7],[118.9,-2.6],[119.0,-2.6],[119.0,-2.5],[119.1,-2.5],[119.1,-2.4],[119.1,-2.3],[119.1,-2.2],[119.2,-2.1],[119.2,-2.0],[119.3,-2.0],[119.4,-1.9],[119.4,-1.8],[119.3,-1.8],[119.3,-1.7],[119.3,-1.6],[119.3,-1.5],[119.3,-1.4],[119.3,-1.3],[119.3,-1.2],[119.4,-1.2],[119.4,-1.1],[119.5,-1.1],[119.5,-1.0],[119.5,-0.9],[119.6,-0.8],[119.7,-0.7],[119.7,-0.6],[119.8,-0.7],[119.8,-0.8],[119.8,-0.9]]],[[[100.9,1.8],[100.9,1.9],[100.9,2.0],[100.8,2.1],[100.8,2.2],[100.8,2.3],[100.9,2.3],[101.1,2.3],[101.1,2.2],[101.2,2.1],[101.3,2.0],[101.3,1.9],[101.4,1.9],[101.4,1.8],[101.4,1.7],[101.5,1.7],[101.6,1.7],[101.7,1.7],[101.8,1.6],[102.0,1.4],[102.1,1.4],[102.2,1.3],[102.1,1.3],[102.1,1.2],[102.2,1.2],[102.2,1.1],[102.2,1.0],[102.3,0.9],[102.4,0.8],[102.5,0.8],[102.5,0.7],[102.6,0.7],[102.7,0.8],[102.8,0.7],[102.9,0.7],[103.0,0.7],[103.1,0.6],[103.1,0.5],[103.1,0.4],[103.0,0.4],[102.9,0.4],[102.9,0.3],[102.7,0.3],[102.6,0.2],[102.5,0.2],[102.4,0.2],[102.5,0.2],[102.6,0.2],[102.7,0.2],[102.8,0.2],[102.8,0.3],[102.9,0.3],[103.0,0.3],[103.1,0.4],[103.2,0.4],[103.2,0.5],[103.3,0.5],[103.4,0.5],[103.5,0.5],[103.5,0.4],[103.6,0.4],[103.6,0.3],[103.7,0.3],[103.8,0.2],[103.8,0.0],[103.7,-0.0],[103.6,-0.0],[103.6,-0.1],[103.5,-0.1],[103.5,-0.2],[103.4,-0.2],[103.3,-0.2],[103.3,-0.3],[103.4,-0.2],[103.5,-0.2],[103.5,-0.3],[103.4,-0.3],[103.3,-0.4],[103.4,-0.4],[103.5,-0.4],[103.6,-0.4],[103.6,-0.5],[103.5,-0.5],[103.4,-0.5],[103.4,-0.4],[103.4,-0.5],[103.4,-0.6],[103.4,-0.7],[103.3,-0.7],[103.4,-0.7],[103.5,-0.8],[103.4,-0.8],[103.5,-0.8],[103.6,-0.9],[103.7,-0.9],[103.7,-1.0],[103.8,-1.0],[103.8,-1.1],[103.8,-1.0],[103.9,-1.0],[104.0,-1.0],[104.1,-1.0],[104.2,-1.1],[104.3,-1.1],[104.3,-1.0],[104.4,-1.0],[104.4,-1.1],[104.4,-1.2],[104.4,-1.3],[104.5,-1.4],[104.5,-1.5],[104.5,-1.6],[104.5,-1.7],[104.5,-1.8],[104.5,-1.9],[104.6,-1.9],[104.6,-2.0],[104.7,-2.0],[104.8,-2.0],[104.9,-2.0],[104.9,-2.1],[104.9,-2.2],[104.8,-2.2],[104.8,-2.3],[104.7,-2.3],[104.7,-2.4],[104.6,-2.4],[104.7,-2.4],[104.7,-2.5],[104.7,-2.6],[104.6,-2.6],[104.6,-2.7],[104.5,-2.7],[104.5,-2.8],[104.6,-2.7],[104.6,-2.6],[104.7,-2.6],[104.8,-2.6],[104.8,-2.5],[104.8,-2.4],[104.8,-2.3],[104.9,-2.3],[104.9,-2.4],[104.9,-2.3],[105.0,-2.3],[105.0,-2.4],[105.1,-2.4],[105.2,-2.3],[105.3,-2.3],[105.3,-2.4],[105.4,-2.4],[105.5,-2.4],[105.6,-2.4],[105.5,-2.4],[105.6,-2.4],[105.6,-2.5],[105.6,-2.6],[105.7,-2.6],[105.7,-2.7],[105.8,-2.7],[105.8,-2.9],[105.9,-3.0],[106.0,-3.0],[106.1,-3.0],[106.1,-3.1],[106.1,-3.2],[106.1,-3.3],[106.0,-3.3],[105.9,-3.4],[105.9,-3.5],[105.8,-3.7],[105.9,-3.7],[105.9,-3.8],[106.0,-3.8],[106.0,-3.9],[105.9,-3.9],[105.9,-4.0],[105.9,-4.1],[105.8,-4.1],[105.8,-4.2],[105.8,-4.3],[105.8,-4.4],[105.9,-4.4],[105.9,-4.5],[105.9,-4.6],[105.9,-4.7],[105.9,-4.8],[105.9,-4.9],[105.9,-5.0],[105.9,-5.1],[105.9,-5.2],[105.9,-5.3],[105.8,-5.3],[105.8,-5.4],[105.8,-5.5],[105.8,-5.6],[105.8,-5.7],[105.8,-5.8],[105.8,-5.9],[105.7,-5.9],[105.7,-5.8],[105.6,-5.8],[105.6,-5.7],[105.5,-5.7],[105.4,-5.6],[105.3,-5.5],[105.3,-5.4],[105.3,-5.5],[105.2,-5.5],[105.3,-5.5],[105.2,-5.5],[105.2,-5.6],[105.2,-5.7],[105.2,-5.8],[105.1,-5.8],[105.1,-5.7],[104.9,-5.7],[104.8,-5.6],[104.7,-5.5],[104.6,-5.5],[104.5,-5.5],[104.5,-5.6],[104.7,-5.8],[104.7,-5.9],[104.6,-5.9],[104.5,-5.8],[104.4,-5.8],[104.4,-5.7],[104.3,-5.6],[104.3,-5.5],[104.2,-5.5],[104.1,-5.5],[104.1,-5.4],[104.0,-5.4],[104.0,-5.3],[104.0,-5.2],[103.9,-5.2],[103.9,-5.1],[103.8,-5.1],[103.8,-5.0],[103.7,-5.0],[103.6,-4.9],[103.5,-4.9],[103.4,-4.9],[103.4,-4.8],[103.3,-4.8],[103.3,-4.7],[103.2,-4.6],[103.0,-4.5],[102.9,-4.5],[102.9,-4.4],[102.7,-4.3],[102.5,-4.2],[102.4,-4.0],[102.3,-4.0],[102.3,-3.9],[102.3,-3.8],[102.3,-3.7],[102.2,-3.7],[102.2,-3.6],[102.1,-3.6],[101.9,-3.4],[101.6,-3.3],[101.6,-3.2],[101.4,-2.9],[101.3,-2.7],[101.2,-2.6],[101.1,-2.6],[101.0,-2.5],[100.9,-2.3],[100.8,-2.2],[100.8,-2.1],[100.9,-2.1],[100.9,-2.0],[100.9,-1.9],[100.8,-1.9],[100.8,-1.8],[100.7,-1.7],[100.7,-1.6],[100.6,-1.6],[100.6,-1.5],[100.6,-1.4],[100.6,-1.3],[100.5,-1.3],[100.4,-1.3],[100.4,-1.2],[100.4,-1.1],[100.4,-1.0],[100.3,-0.9],[100.3,-0.8],[100.2,-0.7],[100.1,-0.6],[100.0,-0.5],[99.9,-0.4],[99.8,-0.3],[99.8,-0.2],[99.8,-0.1],[99.7,-0.0],[99.6,0.1],[99.5,0.1],[99.5,0.2],[99.4,0.2],[99.3,0.2],[99.2,0.2],[99.1,0.3],[99.2,0.3],[99.1,0.3],[99.1,0.4],[99.1,0.5],[99.1,0.6],[99.0,0.6],[99.0,0.7],[99.0,0.8],[99.0,0.9],[98.9,1.1],[98.9,1.3],[98.8,1.3],[98.8,1.4],[98.8,1.5],[98.7,1.5],[98.7,1.6],[98.7,1.5],[98.8,1.5],[98.8,1.6],[98.8,1.7],[98.8,1.8],[98.7,1.8],[98.7,1.7],[98.7,1.8],[98.6,1.9],[98.5,1.9],[98.4,2.0],[98.3,2.0],[98.3,2.1],[98.2,2.1],[98.2,2.2],[98.1,2.2],[98.0,2.2],[98.0,2.3],[97.9,2.3],[97.9,2.2],[97.9,2.3],[97.8,2.3],[97.7,2.3],[97.7,2.4],[97.7,2.5],[97.6,2.7],[97.6,2.8],[97.6,2.9],[97.5,2.9],[97.4,2.9],[97.3,3.0],[97.3,3.1],[97.3,3.2],[97.2,3.2],[97.2,3.3],[97.0,3.5],[96.9,3.6],[96.9,3.7],[96.8,3.7],[96.6,3.7],[96.5,3.8],[96.4,3.8],[96.3,4.0],[96.2,4.1],[96.1,4.1],[96.1,4.2],[96.0,4.2],[95.9,4.3],[95.8,4.4],[95.8,4.5],[95.7,4.5],[95.7,4.6],[95.6,4.6],[95.6,4.7],[95.5,4.7],[95.5,4.8],[95.4,4.8],[95.4,4.9],[95.4,5.0],[95.3,5.0],[95.3,5.1],[95.3,5.2],[95.2,5.2],[95.2,5.3],[95.2,5.4],[95.3,5.4],[95.2,5.4],[95.2,5.5],[95.2,5.6],[95.3,5.6],[95.4,5.6],[95.4,5.7],[95.4,5.6],[95.5,5.6],[95.6,5.6],[95.8,5.6],[95.8,5.5],[95.9,5.5],[95.9,5.4],[96.1,5.3],[96.3,5.3],[96.3,5.2],[96.4,5.2],[96.5,5.2],[96.6,5.2],[96.7,5.2],[96.8,5.3],[96.9,5.3],[97.0,5.3],[97.1,5.2],[97.2,5.2],[97.2,5.1],[97.3,5.2],[97.5,5.3],[97.5,5.2],[97.7,5.1],[97.8,4.9],[97.9,4.9],[98.0,4.8],[98.0,4.7],[98.0,4.6],[98.0,4.5],[98.0,4.6],[98.0,4.5],[98.1,4.6],[98.1,4.5],[98.2,4.5],[98.3,4.4],[98.3,4.3],[98.3,4.2],[98.2,4.2],[98.2,4.1],[98.2,4.2],[98.3,4.2],[98.3,4.1],[98.4,4.1],[98.5,4.1],[98.5,4.0],[98.6,4.0],[98.6,3.9],[98.7,3.9],[98.7,3.8],[98.8,3.7],[98.9,3.7],[99.0,3.7],[99.0,3.6],[99.1,3.6],[99.2,3.5],[99.3,3.5],[99.4,3.4],[99.5,3.4],[99.5,3.3],[99.6,3.2],[99.7,3.2],[99.8,3.2],[99.8,3.1],[99.9,3.0],[100.0,3.0],[100.0,2.9],[100.0,2.8],[100.0,2.7],[100.0,2.6],[100.0,2.7],[100.1,2.7],[100.1,2.6],[100.1,2.5],[100.1,2.6],[100.1,2.7],[100.2,2.7],[100.3,2.7],[100.3,2.6],[100.4,2.4],[100.4,2.3],[100.5,2.2],[100.6,2.2],[100.6,2.1],[100.7,2.1],[100.8,2.0],[100.9,2.0],[100.9,1.9],[100.9,1.8]]],[[[109.9,-7.8],[109.8,-7.8],[109.7,-7.8],[109.5,-7.8],[109.4,-7.8],[109.4,-7.7],[109.2,-7.7],[109.1,-7.7],[109.0,-7.7],[108.9,-7.7],[108.9,-7.6],[108.8,-7.6],[108.8,-7.7],[108.7,-7.7],[108.6,-7.7],[108.5,-7.7],[108.5,-7.8],[108.3,-7.8],[108.1,-7.8],[108.0,-7.7],[107.9,-7.7],[107.8,-7.7],[107.7,-7.7],[107.7,-7.6],[107.6,-7.6],[107.5,-7.5],[107.4,-7.5],[107.3,-7.5],[107.2,-7.5],[107.1,-7.5],[106.9,-7.4],[106.8,-7.4],[106.6,-7.4],[106.5,-7.4],[106.4,-7.4],[106.4,-7.3],[106.4,-7.2],[106.5,-7.2],[106.5,-7.1],[106.5,-7.0],[106.4,-7.0],[106.3,-7.0],[106.2,-7.0],[106.2,-6.9],[106.1,-6.9],[106.1,-6.8],[106.0,-6.8],[105.9,-6.8],[105.8,-6.8],[105.8,-6.9],[105.8,-6.8],[105.7,-6.8],[105.6,-6.8],[105.6,-6.9],[105.5,-6.9],[105.5,-6.8],[105.4,-6.8],[105.4,-6.9],[105.4,-6.8],[105.3,-6.8],[105.2,-6.8],[105.3,-6.8],[105.3,-6.7],[105.4,-6.7],[105.4,-6.8],[105.5,-6.8],[105.5,-6.7],[105.6,-6.7],[105.6,-6.6],[105.6,-6.5],[105.7,-6.5],[105.8,-6.5],[105.8,-6.4],[105.8,-6.2],[105.9,-6.1],[106.0,-6.0],[106.0,-5.9],[106.1,-5.9],[106.1,-6.0],[106.2,-6.0],[106.3,-5.9],[106.4,-6.0],[106.5,-6.0],[106.7,-6.0],[106.7,-6.1],[106.8,-6.1],[107.0,-6.1],[107.0,-6.0],[107.0,-5.9],[107.1,-5.9],[107.1,-6.0],[107.2,-6.0],[107.3,-6.0],[107.4,-6.0],[107.4,-6.1],[107.5,-6.1],[107.5,-6.2],[107.6,-6.2],[107.7,-6.2],[107.8,-6.2],[107.9,-6.2],[107.9,-6.3],[108.0,-6.3],[108.1,-6.3],[108.2,-6.3],[108.2,-6.2],[108.3,-6.2],[108.3,-6.3],[108.4,-6.2],[108.4,-6.3],[108.5,-6.4],[108.5,-6.5],[108.6,-6.7],[108.6,-6.8],[108.7,-6.8],[108.8,-6.8],[108.9,-6.8],[109.0,-6.8],[109.1,-6.8],[109.1,-6.9],[109.2,-6.9],[109.4,-6.9],[109.5,-6.8],[109.7,-6.9],[109.9,-6.9],[110.0,-6.9],[110.1,-6.9],[110.2,-6.9],[110.3,-6.9],[110.3,-7.0],[110.4,-7.0],[110.5,-7.0],[110.5,-6.9],[110.6,-6.8],[110.6,-6.7],[110.7,-6.6],[110.7,-6.5],[110.8,-6.4],[110.9,-6.4],[111.0,-6.4],[111.1,-6.5],[111.1,-6.6],[111.1,-6.7],[111.2,-6.7],[111.3,-6.7],[111.4,-6.7],[111.5,-6.6],[111.6,-6.7],[111.7,-6.7],[111.7,-6.8],[111.8,-6.8],[111.9,-6.8],[112.0,-6.8],[112.1,-6.9],[112.2,-6.9],[112.3,-6.9],[112.4,-6.9],[112.5,-6.9],[112.6,-6.9],[112.6,-7.0],[112.7,-7.0],[112.7,-7.1],[112.6,-7.1],[112.7,-7.1],[112.7,-7.2],[112.6,-7.2],[112.7,-7.3],[112.7,-7.2],[112.8,-7.2],[112.8,-7.3],[112.8,-7.4],[112.8,-7.5],[112.8,-7.6],[113.0,-7.6],[113.0,-7.7],[113.1,-7.7],[113.2,-7.7],[113.3,-7.8],[113.4,-7.8],[113.4,-7.7],[113.5,-7.7],[113.7,-7.7],[113.8,-7.7],[113.9,-7.7],[114.0,-7.6],[114.1,-7.6],[114.1,-7.7],[114.2,-7.7],[114.3,-7.7],[114.3,-7.8],[114.4,-7.8],[114.5,-7.8],[114.5,-7.9],[114.4,-7.9],[114.4,-8.0],[114.4,-8.2],[114.4,-8.4],[114.4,-8.5],[114.4,-8.4],[114.4,-8.5],[114.4,-8.6],[114.5,-8.6],[114.6,-8.7],[114.6,-8.8],[114.5,-8.7],[114.4,-8.7],[114.3,-8.6],[114.2,-8.6],[114.1,-8.6],[114.0,-8.6],[113.9,-8.6],[113.8,-8.5],[113.8,-8.6],[113.8,-8.5],[113.7,-8.5],[113.6,-8.5],[113.6,-8.4],[113.5,-8.4],[113.4,-8.4],[113.3,-8.3],[113.2,-8.3],[113.1,-8.3],[113.0,-8.3],[112.9,-8.4],[112.8,-8.4],[112.7,-8.4],[112.6,-8.4],[112.5,-8.4],[112.4,-8.4],[112.4,-8.3],[112.3,-8.3],[112.2,-8.3],[112.0,-8.3],[111.9,-8.3],[111.8,-8.3],[111.7,-8.3],[111.7,-8.4],[111.6,-8.3],[111.5,-8.3],[111.4,-8.3],[111.3,-8.3],[111.3,-8.2],[111.3,-8.3],[111.2,-8.3],[111.1,-8.3],[111.1,-8.2],[111.1,-8.3],[111.0,-8.3],[110.9,-8.2],[110.8,-8.2],[110.7,-8.2],[110.6,-8.2],[110.6,-8.1],[110.6,-8.2],[110.5,-8.1],[110.4,-8.1],[110.4,-8.0],[110.3,-8.0],[110.0,-7.9],[109.9,-7.9],[109.9,-7.8]]],[[[127.7,-0.2],[127.7,-0.1],[127.7,-0.0],[127.7,0.1],[127.7,0.2],[127.7,0.3],[127.6,0.4],[127.6,0.5],[127.5,0.5],[127.5,0.6],[127.5,0.7],[127.6,0.7],[127.6,0.8],[127.6,0.9],[127.5,0.9],[127.5,1.0],[127.5,1.1],[127.4,1.1],[127.4,1.0],[127.4,1.1],[127.4,1.2],[127.4,1.3],[127.5,1.3],[127.5,1.4],[127.5,1.5],[127.5,1.6],[127.6,1.6],[127.5,1.6],[127.6,1.6],[127.6,1.7],[127.6,1.8],[127.7,1.9],[127.7,2.0],[127.8,2.0],[127.9,2.1],[127.9,2.2],[128.0,2.2],[128.1,2.2],[128.1,2.1],[128.0,2.1],[128.0,2.0],[127.9,2.0],[127.9,1.9],[127.8,1.9],[127.9,1.8],[128.0,1.8],[128.0,1.7],[128.0,1.6],[128.0,1.5],[128.0,1.4],[128.0,1.3],[127.9,1.2],[127.9,1.1],[127.8,1.1],[127.7,1.0],[127.6,1.0],[127.6,0.9],[127.7,0.9],[127.7,0.8],[127.8,0.8],[127.9,0.8],[127.9,0.9],[127.9,1.0],[128.0,1.1],[128.1,1.1],[128.2,1.1],[128.2,1.2],[128.1,1.2],[128.1,1.3],[128.2,1.3],[128.2,1.4],[128.3,1.4],[128.3,1.5],[128.4,1.5],[128.5,1.5],[128.5,1.6],[128.6,1.6],[128.7,1.6],[128.7,1.5],[128.7,1.4],[128.7,1.3],[128.7,1.2],[128.7,1.1],[128.6,1.1],[128.6,1.0],[128.5,1.0],[128.5,0.9],[128.4,0.9],[128.3,0.9],[128.3,0.8],[128.2,0.8],[128.2,0.7],[128.3,0.7],[128.4,0.6],[128.5,0.6],[128.6,0.6],[128.7,0.6],[128.7,0.5],[128.7,0.4],[128.7,0.3],[128.8,0.3],[128.9,0.3],[128.9,0.2],[128.8,0.3],[128.7,0.3],[128.6,0.3],[128.5,0.3],[128.5,0.4],[128.4,0.4],[128.3,0.4],[128.2,0.4],[128.2,0.5],[128.1,0.5],[128.0,0.5],[127.9,0.5],[127.9,0.4],[127.9,0.3],[127.9,0.1],[127.9,0.0],[127.9,-0.1],[128.0,-0.2],[128.0,-0.3],[128.0,-0.4],[128.1,-0.5],[128.1,-0.6],[128.2,-0.7],[128.3,-0.8],[128.4,-0.9],[128.3,-0.9],[128.2,-0.9],[128.2,-0.8],[128.3,-0.8],[128.2,-0.8],[128.0,-0.7],[128.0,-0.6],[127.9,-0.5],[127.9,-0.4],[127.8,-0.4],[127.8,-0.3],[127.7,-0.3],[127.7,-0.2]]]]},"properties":{"country":"Indonesia","iso3":"IDN","entries":401,"_k":"1"}},{"type":"Feature","geometry":{"type":"MultiPolygon","coordinates":[[[[-122.8,49.0],[-122.7,49.0],[-122.4,49.0],[-122.2,49.0],[-122.0,49.0],[-121.8,49.0],[-121.6,49.0],[-121.3,49.0],[-121.1,49.0],[-120.9,49.0],[-120.7,49.0],[-120.5,49.0],[-120.2,49.0],[-120.0,49.0],[-119.8,49.0],[-119.6,49.0],[-119.4,49.0],[-119.1,49.0],[-118.9,49.0],[-118.7,49.0],[-118.5,49.0],[-118.3,49.0],[-118.0,49.0],[-117.8,49.0],[-117.6,49.0],[-117.4,49.0],[-117.2,49.0],[-117.0,49.0],[-116.9,49.0],[-116.7,49.0],[-116.5,49.0],[-116.3,49.0],[-116.1,49.0],[-116.0,49.0],[-115.8,49.0],[-115.6,49.0],[-115.4,49.0],[-115.2,49.0],[-115.0,49.0],[-114.7,49.0],[-114.5,49.0],[-114.3,49.0],[-114.1,49.0],[-113.9,49.0],[-113.6,49.0],[-113.4,49.0],[-113.2,49.0],[-113.0,49.0],[-112.8,49.0],[-112.5,49.0],[-112.3,49.0],[-112.1,49.0],[-111.9,49.0],[-111.7,49.0],[-111.4,49.0],[-111.2,49.0],[-111.0,49.0],[-110.8,49.0],[-110.6,49.0],[-110.3,49.0],[-110.1,49.0],[-110.0,49.0],[-109.9,49.0],[-109.7,49.0],[-109.5,49.0],[-109.2,49.0],[-109.0,49.0],[-108.8,49.0],[-108.6,49.0],[-108.4,49.0],[-108.1,49.0],[-107.9,49.0],[-107.7,49.0],[-107.5,49.0],[-107.3,49.0],[-107.0,49.0],[-106.8,49.0],[-106.6,49.0],[-106.4,49.0],[-106.2,49.0],[-105.9,49.0],[-105.7,49.0],[-105.5,49.0],[-105.3,49.0],[-105.1,49.0],[-104.8,49.0],[-104.6,49.0],[-104.4,49.0],[-104.2,49.0],[-104.0,49.0],[-103.7,49.0],[-103.5,49.0],[-103.3,49.0],[-103.1,49.0],[-102.9,49.0],[-102.7,49.0],[-102.4,49.0],[-102.2,49.0],[-102.0,49.0],[-101.8,49.0],[-101.6,49.0],[-101.4,49.0],[-101.3,49.0],[-101.1,49.0],[-100.9,49.0],[-100.7,49.0],[-100.5,49.0],[-100.2,49.0],[-100.0,49.0],[-99.8,49.0],[-99.6,49.0],[-99.4,49.0],[-99.1,49.0],[-98.9,49.0],[-98.7,49.0],[-98.5,49.0],[-98.3,49.0],[-98.0,49.0],[-97.8,49.0],[-97.6,49.0],[-97.4,49.0],[-97.2,49.0],[-96.9,49.0],[-96.7,49.0],[-96.5,49.0],[-96.3,49.0],[-96.1,49.0],[-95.8,49.0],[-95.6,49.0],[-95.4,49.0],[-95.2,49.0],[-95.2,49.1],[-95.2,49.2],[-95.2,49.3],[-95.2,49.4],[-95.1,49.4],[-95.0,49.4],[-94.9,49.3],[-94.8,49.3],[-94.8,49.2],[-94.8,49.1],[-94.8,49.0],[-94.7,48.9],[-94.7,48.8],[-94.6,48.7],[-94.5,48.7],[-94.3,48.7],[-94.2,48.7],[-94.0,48.6],[-93.9,48.6],[-93.8,48.6],[-93.8,48.5],[-93.6,48.5],[-93.5,48.5],[-93.5,48.6],[-93.4,48.6],[-93.3,48.6],[-93.1,48.6],[-93.0,48.6],[-92.9,48.6],[-92.7,48.5],[-92.6,48.5],[-92.7,48.5],[-92.7,48.4],[-92.6,48.4],[-92.5,48.4],[-92.5,48.3],[-92.4,48.3],[-92.4,48.2],[-92.3,48.2],[-92.3,48.3],[-92.2,48.4],[-92.1,48.3],[-92.0,48.3],[-92.0,48.2],[-91.9,48.2],[-91.8,48.2],[-91.7,48.2],[-91.7,48.1],[-91.6,48.1],[-91.6,48.0],[-91.5,48.1],[-91.5,48.0],[-91.4,48.0],[-91.4,48.1],[-91.3,48.1],[-91.2,48.1],[-91.1,48.2],[-91.0,48.2],[-90.9,48.2],[-90.8,48.2],[-90.8,48.1],[-90.7,48.1],[-90.6,48.1],[-90.5,48.1],[-90.2,48.1],[-90.1,48.1],[-90.0,48.0],[-89.9,48.0],[-89.8,48.0],[-89.7,48.0],[-89.6,48.0],[-89.5,48.0],[-89.4,48.0],[-89.3,48.0],[-89.2,48.0],[-89.1,48.1],[-88.9,48.2],[-88.8,48.2],[-88.6,48.3],[-88.4,48.3],[-88.3,48.3],[-88.2,48.2],[-88.0,48.2],[-87.8,48.1],[-87.6,48.0],[-87.4,47.9],[-87.2,47.9],[-87.0,47.8],[-86.8,47.7],[-86.7,47.7],[-86.6,47.6],[-86.5,47.6],[-86.4,47.5],[-86.3,47.5],[-86.2,47.5],[-86.1,47.4],[-86.0,47.4],[-85.9,47.3],[-85.8,47.3],[-85.6,47.2],[-85.5,47.2],[-85.4,47.1],[-85.3,47.1],[-85.1,47.0],[-85.0,47.0],[-85.0,46.9],[-84.9,46.9],[-84.8,46.8],[-84.8,46.7],[-84.8,46.6],[-84.7,46.6],[-84.6,46.5],[-84.5,46.5],[-84.4,46.5],[-84.3,46.5],[-84.2,46.5],[-84.1,46.5],[-84.2,46.4],[-84.1,46.4],[-84.1,46.3],[-84.1,46.2],[-84.0,46.2],[-84.0,46.1],[-83.9,46.1],[-83.8,46.1],[-83.7,46.1],[-83.6,46.1],[-83.5,46.0],[-83.5,45.9],[-83.6,45.9],[-83.6,45.8],[-83.5,45.8],[-83.4,45.7],[-83.2,45.6],[-83.0,45.6],[-82.8,45.4],[-82.6,45.4],[-82.5,45.3],[-82.5,45.1],[-82.4,44.9],[-82.4,44.7],[-82.3,44.5],[-82.3,44.2],[-82.2,44.0],[-82.2,43.8],[-82.1,43.6],[-82.2,43.5],[-82.2,43.4],[-82.3,43.4],[-82.3,43.3],[-82.3,43.2],[-82.4,43.1],[-82.4,43.0],[-82.5,42.9],[-82.5,42.8],[-82.5,42.7],[-82.5,42.6],[-82.6,42.6],[-82.7,42.5],[-82.8,42.4],[-82.9,42.4],[-83.0,42.3],[-83.1,42.3],[-83.1,42.2],[-83.1,42.1],[-83.2,42.0],[-83.1,41.9],[-83.1,41.8],[-83.0,41.8],[-82.9,41.8],[-82.7,41.7],[-82.5,41.7],[-82.4,41.7],[-82.3,41.7],[-82.1,41.8],[-82.0,41.9],[-81.9,41.9],[-81.7,42.0],[-81.6,42.1],[-81.4,42.1],[-81.3,42.2],[-81.1,42.2],[-81.0,42.2],[-80.9,42.3],[-80.8,42.3],[-80.6,42.3],[-80.5,42.3],[-80.4,42.3],[-80.2,42.4],[-80.1,42.4],[-79.9,42.5],[-79.8,42.5],[-79.6,42.6],[-79.5,42.6],[-79.3,42.7],[-79.2,42.7],[-79.0,42.8],[-78.9,42.9],[-78.9,43.0],[-79.0,43.0],[-79.0,43.1],[-79.1,43.1],[-79.0,43.2],[-79.1,43.3],[-79.2,43.5],[-79.1,43.5],[-78.9,43.5],[-78.8,43.6],[-78.7,43.6],[-78.5,43.6],[-78.2,43.6],[-78.0,43.6],[-77.8,43.6],[-77.5,43.6],[-77.3,43.6],[-77.1,43.6],[-76.8,43.6],[-76.8,43.7],[-76.7,43.8],[-76.6,43.9],[-76.5,44.0],[-76.5,44.1],[-76.4,44.1],[-76.4,44.2],[-76.3,44.2],[-76.2,44.2],[-76.2,44.3],[-76.1,44.3],[-75.9,44.4],[-75.8,44.4],[-75.8,44.5],[-75.7,44.6],[-75.6,44.7],[-75.5,44.7],[-75.3,44.8],[-75.3,44.9],[-75.1,44.9],[-75.0,45.0],[-74.9,45.0],[-74.7,45.0],[-74.6,45.0],[-74.5,45.0],[-74.4,45.0],[-74.3,45.0],[-74.2,45.0],[-74.1,45.0],[-74.0,45.0],[-73.9,45.0],[-73.8,45.0],[-73.7,45.0],[-73.6,45.0],[-73.5,45.0],[-73.4,45.0],[-73.3,45.0],[-73.2,45.0],[-73.1,45.0],[-73.0,45.0],[-72.9,45.0],[-72.8,45.0],[-72.7,45.0],[-72.6,45.0],[-72.5,45.0],[-72.4,45.0],[-72.3,45.0],[-72.2,45.0],[-72.1,45.0],[-72.0,45.0],[-71.9,45.0],[-71.8,45.0],[-71.7,45.0],[-71.6,45.0],[-71.5,45.0],[-71.5,45.1],[-71.4,45.1],[-71.4,45.2],[-71.4,45.3],[-71.3,45.3],[-71.2,45.3],[-71.2,45.2],[-71.1,45.3],[-71.0,45.3],[-70.9,45.2],[-70.9,45.3],[-70.8,45.3],[-70.8,45.4],[-70.7,45.4],[-70.6,45.4],[-70.7,45.4],[-70.7,45.5],[-70.7,45.6],[-70.6,45.7],[-70.5,45.7],[-70.4,45.7],[-70.4,45.8],[-70.3,45.9],[-70.3,46.0],[-70.3,46.1],[-70.2,46.1],[-70.2,46.2],[-70.3,46.2],[-70.3,46.3],[-70.2,46.3],[-70.2,46.4],[-70.1,46.4],[-70.1,46.5],[-70.0,46.6],[-70.0,46.7],[-69.9,46.8],[-69.8,46.9],[-69.7,47.0],[-69.6,47.1],[-69.5,47.2],[-69.4,47.3],[-69.4,47.4],[-69.3,47.4],[-69.3,47.5],[-69.2,47.5],[-69.1,47.4],[-69.1,47.3],[-69.0,47.2],[-68.9,47.2],[-68.8,47.2],[-68.7,47.2],[-68.6,47.2],[-68.6,47.3],[-68.5,47.3],[-68.4,47.3],[-68.3,47.4],[-68.2,47.4],[-68.2,47.3],[-68.1,47.3],[-68.0,47.2],[-67.9,47.2],[-67.9,47.1],[-67.8,47.1],[-67.8,47.0],[-67.8,46.9],[-67.8,46.8],[-67.8,46.6],[-67.8,46.5],[-67.8,46.4],[-67.8,46.2],[-67.8,46.1],[-67.8,46.0],[-67.8,45.9],[-67.8,45.8],[-67.8,45.7],[-67.7,45.7],[-67.7,45.6],[-67.6,45.6],[-67.5,45.6],[-67.4,45.6],[-67.4,45.5],[-67.5,45.5],[-67.4,45.4],[-67.5,45.3],[-67.4,45.2],[-67.3,45.2],[-67.2,45.2],[-67.2,45.1],[-67.1,45.1],[-67.1,45.0],[-67.0,45.0],[-67.1,45.0],[-67.1,44.9],[-67.2,44.9],[-67.1,44.8],[-67.1,44.9],[-67.1,44.8],[-67.1,44.9],[-67.1,44.8],[-67.0,44.8],[-67.0,44.9],[-67.1,44.9],[-67.0,44.9],[-67.0,44.8],[-67.1,44.8],[-67.1,44.7],[-67.2,44.7],[-67.2,44.6],[-67.2,44.7],[-67.3,44.7],[-67.3,44.6],[-67.3,44.7],[-67.4,44.7],[-67.3,44.7],[-67.4,44.7],[-67.4,44.6],[-67.4,44.7],[-67.5,44.7],[-67.5,44.6],[-67.4,44.6],[-67.5,44.6],[-67.6,44.6],[-67.6,44.5],[-67.6,44.6],[-67.7,44.6],[-67.7,44.5],[-67.8,44.5],[-67.7,44.6],[-67.8,44.6],[-67.8,44.5],[-67.8,44.6],[-67.9,44.5],[-67.8,44.5],[-67.9,44.5],[-67.9,44.4],[-67.9,44.5],[-67.9,44.4],[-68.0,44.4],[-68.0,44.5],[-68.0,44.4],[-68.1,44.3],[-68.1,44.4],[-68.1,44.5],[-68.2,44.5],[-68.3,44.5],[-68.4,44.5],[-68.4,44.4],[-68.4,44.5],[-68.5,44.5],[-68.5,44.4],[-68.4,44.4],[-68.5,44.4],[-68.6,44.4],[-68.5,44.4],[-68.6,44.3],[-68.5,44.3],[-68.5,44.2],[-68.6,44.3],[-68.7,44.3],[-68.8,44.3],[-68.8,44.4],[-68.7,44.4],[-68.8,44.4],[-68.8,44.5],[-68.7,44.5],[-68.7,44.6],[-68.8,44.6],[-68.8,44.5],[-68.9,44.5],[-68.8,44.5],[-68.9,44.5],[-68.9,44.4],[-69.0,44.4],[-68.9,44.3],[-69.0,44.3],[-69.0,44.2],[-69.1,44.2],[-69.1,44.1],[-69.1,44.0],[-69.2,44.0],[-69.2,43.9],[-69.3,43.9],[-69.3,44.0],[-69.2,44.0],[-69.3,44.0],[-69.3,43.9],[-69.3,44.0],[-69.4,44.0],[-69.3,44.0],[-69.4,44.0],[-69.3,44.1],[-69.4,44.1],[-69.4,44.0],[-69.5,43.9],[-69.5,43.8],[-69.5,43.9],[-69.5,43.8],[-69.6,43.8],[-69.6,43.9],[-69.6,44.0],[-69.5,44.0],[-69.6,44.0],[-69.6,43.9],[-69.6,43.8],[-69.7,43.9],[-69.6,43.9],[-69.7,43.9],[-69.6,43.9],[-69.7,43.9],[-69.7,44.0],[-69.6,44.0],[-69.7,44.0],[-69.7,43.9],[-69.8,43.9],[-69.7,43.9],[-69.7,43.8],[-69.8,43.8],[-69.8,43.9],[-69.8,44.0],[-69.8,44.1],[-69.8,44.0],[-69.9,44.0],[-69.8,44.0],[-69.8,43.9],[-69.8,43.8],[-69.8,43.7],[-69.9,43.7],[-69.9,43.8],[-69.8,43.8],[-69.9,43.8],[-69.9,43.9],[-69.9,43.8],[-70.0,43.8],[-70.0,43.7],[-69.9,43.8],[-70.0,43.8],[-70.0,43.7],[-70.0,43.8],[-70.0,43.9],[-70.0,43.8],[-70.1,43.8],[-70.2,43.8],[-70.2,43.7],[-70.3,43.7],[-70.3,43.6],[-70.2,43.6],[-70.2,43.5],[-70.3,43.5],[-70.3,43.6],[-70.3,43.5],[-70.4,43.5],[-70.4,43.4],[-70.3,43.5],[-70.3,43.4],[-70.4,43.4],[-70.5,43.4],[-70.5,43.3],[-70.6,43.3],[-70.6,43.2],[-70.6,43.1],[-70.7,43.1],[-70.8,43.1],[-70.7,43.1],[-70.7,43.0],[-70.8,42.9],[-70.8,42.8],[-70.9,42.8],[-70.8,42.8],[-70.8,42.7],[-70.7,42.7],[-70.8,42.7],[-70.7,42.7],[-70.7,42.6],[-70.7,42.7],[-70.6,42.7],[-70.6,42.6],[-70.7,42.6],[-70.8,42.6],[-70.9,42.5],[-70.8,42.5],[-70.9,42.5],[-70.9,42.4],[-71.0,42.4],[-71.0,42.3],[-71.0,42.2],[-70.9,42.2],[-70.9,42.3],[-70.8,42.3],[-70.8,42.2],[-70.7,42.2],[-70.7,42.1],[-70.6,42.1],[-70.6,42.0],[-70.6,42.1],[-70.7,42.1],[-70.7,42.0],[-70.6,42.0],[-70.5,41.9],[-70.5,41.8],[-70.4,41.8],[-70.4,41.7],[-70.3,41.7],[-70.2,41.7],[-70.1,41.8],[-70.0,41.8],[-70.0,41.9],[-70.1,41.9],[-70.1,42.0],[-70.1,42.1],[-70.2,42.1],[-70.2,42.0],[-70.2,42.1],[-70.1,42.1],[-70.1,42.0],[-70.0,42.0],[-69.9,41.9],[-69.9,41.8],[-70.0,41.8],[-69.9,41.8],[-69.9,41.7],[-70.0,41.7],[-70.1,41.7],[-70.2,41.7],[-70.2,41.6],[-70.3,41.6],[-70.4,41.6],[-70.5,41.6],[-70.6,41.6],[-70.7,41.5],[-70.7,41.6],[-70.7,41.7],[-70.6,41.7],[-70.7,41.7],[-70.8,41.7],[-70.8,41.6],[-70.8,41.7],[-70.8,41.6],[-70.9,41.6],[-70.8,41.6],[-70.9,41.6],[-70.9,41.5],[-71.0,41.5],[-71.1,41.5],[-71.0,41.5],[-71.0,41.6],[-71.1,41.6],[-71.1,41.5],[-71.2,41.5],[-71.2,41.6],[-71.2,41.7],[-71.1,41.8],[-71.2,41.7],[-71.3,41.7],[-71.3,41.8],[-71.3,41.7],[-71.4,41.7],[-71.4,41.8],[-71.4,41.7],[-71.4,41.6],[-71.4,41.5],[-71.5,41.4],[-71.6,41.4],[-71.8,41.3],[-71.9,41.3],[-72.0,41.3],[-72.1,41.4],[-72.1,41.3],[-72.2,41.3],[-72.3,41.3],[-72.4,41.3],[-72.3,41.3],[-72.4,41.4],[-72.4,41.3],[-72.5,41.3],[-72.6,41.3],[-72.7,41.3],[-72.8,41.3],[-72.9,41.2],[-72.9,41.3],[-73.0,41.3],[-73.0,41.2],[-73.1,41.2],[-73.1,41.1],[-73.2,41.2],[-73.2,41.1],[-73.3,41.1],[-73.4,41.1],[-73.5,41.1],[-73.5,41.0],[-73.6,41.0],[-73.7,41.0],[-73.6,41.0],[-73.7,41.0],[-73.7,40.9],[-73.8,40.9],[-73.8,40.8],[-73.9,40.8],[-73.9,40.9],[-73.9,41.0],[-73.9,41.1],[-73.9,41.2],[-74.0,41.3],[-73.9,41.3],[-74.0,41.3],[-74.0,41.2],[-73.9,41.2],[-73.9,41.1],[-73.9,41.0],[-73.9,40.9],[-74.0,40.9],[-74.0,40.8],[-74.0,40.7],[-74.1,40.7],[-74.1,40.6],[-74.1,40.7],[-74.2,40.7],[-74.2,40.6],[-74.3,40.6],[-74.3,40.5],[-74.2,40.5],[-74.2,40.4],[-74.1,40.4],[-74.0,40.4],[-74.0,40.5],[-74.0,40.4],[-74.0,40.3],[-74.0,40.2],[-74.0,40.1],[-74.0,40.0],[-74.1,40.0],[-74.1,39.9],[-74.1,39.8],[-74.1,39.9],[-74.1,40.0],[-74.1,40.1],[-74.1,40.0],[-74.1,39.9],[-74.1,39.8],[-74.2,39.8],[-74.2,39.7],[-74.2,39.6],[-74.3,39.6],[-74.2,39.6],[-74.3,39.6],[-74.3,39.5],[-74.4,39.6],[-74.4,39.5],[-74.4,39.6],[-74.4,39.5],[-74.4,39.4],[-74.4,39.5],[-74.4,39.4],[-74.5,39.4],[-74.4,39.4],[-74.4,39.3],[-74.5,39.3],[-74.5,39.4],[-74.5,39.3],[-74.6,39.3],[-74.7,39.3],[-74.6,39.3],[-74.6,39.2],[-74.7,39.2],[-74.7,39.1],[-74.8,39.0],[-74.9,38.9],[-75.0,38.9],[-75.0,39.0],[-74.9,39.0],[-74.9,39.1],[-74.9,39.2],[-75.0,39.2],[-75.1,39.2],[-75.2,39.2],[-75.2,39.3],[-75.3,39.3],[-75.4,39.3],[-75.4,39.4],[-75.5,39.4],[-75.5,39.5],[-75.5,39.6],[-75.6,39.6],[-75.5,39.6],[-75.5,39.7],[-75.4,39.8],[-75.3,39.8],[-75.3,39.9],[-75.2,39.9],[-75.1,39.9],[-75.1,40.0],[-75.1,39.9],[-75.1,40.0],[-75.0,40.0],[-75.1,40.0],[-75.1,39.9],[-75.2,39.9],[-75.3,39.9],[-75.4,39.8],[-75.5,39.8],[-75.5,39.7],[-75.6,39.7],[-75.6,39.6],[-75.6,39.5],[-75.6,39.4],[-75.5,39.4],[-75.5,39.3],[-75.4,39.3],[-75.4,39.2],[-75.4,39.1],[-75.4,39.0],[-75.3,39.0],[-75.3,38.9],[-75.2,38.9],[-75.2,38.8],[-75.1,38.8],[-75.1,38.7],[-75.1,38.6],[-75.1,38.7],[-75.2,38.7],[-75.1,38.7],[-75.1,38.6],[-75.2,38.6],[-75.1,38.6],[-75.1,38.5],[-75.0,38.5],[-75.0,38.4],[-75.1,38.4],[-75.1,38.3],[-75.1,38.4],[-75.1,38.5],[-75.1,38.4],[-75.2,38.4],[-75.1,38.4],[-75.1,38.3],[-75.2,38.2],[-75.2,38.3],[-75.2,38.2],[-75.3,38.2],[-75.3,38.1],[-75.4,38.1],[-75.4,38.0],[-75.4,37.9],[-75.5,37.9],[-75.5,37.8],[-75.6,37.7],[-75.7,37.6],[-75.7,37.5],[-75.8,37.5],[-75.8,37.4],[-75.9,37.4],[-75.9,37.3],[-75.9,37.2],[-75.9,37.1],[-76.0,37.1],[-76.0,37.2],[-76.0,37.3],[-76.0,37.4],[-76.0,37.5],[-75.9,37.5],[-76.0,37.5],[-75.9,37.5],[-75.9,37.6],[-75.9,37.7],[-75.8,37.7],[-75.8,37.8],[-75.7,37.8],[-75.7,37.9],[-75.6,37.9],[-75.6,38.0],[-75.7,38.0],[-75.8,38.0],[-75.8,37.9],[-75.9,37.9],[-75.9,38.0],[-75.8,38.0],[-75.9,38.0],[-75.8,38.0],[-75.8,38.1],[-75.7,38.1],[-75.8,38.1],[-75.9,38.1],[-75.8,38.1],[-75.8,38.2],[-75.9,38.2],[-75.9,38.1],[-75.9,38.2],[-75.8,38.2],[-75.9,38.2],[-75.9,38.3],[-75.9,38.4],[-75.8,38.4],[-75.9,38.4],[-75.9,38.3],[-76.0,38.3],[-76.0,38.2],[-76.0,38.3],[-76.0,38.4],[-76.0,38.3],[-76.0,38.2],[-76.1,38.3],[-76.2,38.4],[-76.2,38.3],[-76.2,38.4],[-76.3,38.4],[-76.3,38.5],[-76.2,38.5],[-76.2,38.6],[-76.3,38.6],[-76.2,38.6],[-76.1,38.6],[-76.0,38.6],[-76.0,38.7],[-76.0,38.6],[-76.1,38.6],[-76.1,38.7],[-76.1,38.6],[-76.2,38.7],[-76.1,38.7],[-76.2,38.7],[-76.2,38.8],[-76.3,38.7],[-76.3,38.8],[-76.3,38.7],[-76.3,38.8],[-76.3,38.9],[-76.3,38.8],[-76.2,38.8],[-76.1,38.8],[-76.2,38.8],[-76.2,38.9],[-76.1,38.9],[-76.2,38.9],[-76.1,38.9],[-76.2,38.9],[-76.2,39.0],[-76.3,38.9],[-76.4,38.8],[-76.4,38.9],[-76.3,39.0],[-76.2,39.0],[-76.1,39.0],[-76.2,39.0],[-76.2,39.1],[-76.1,39.1],[-76.2,39.1],[-76.1,39.1],[-76.2,39.1],[-76.2,39.0],[-76.2,39.1],[-76.3,39.1],[-76.3,39.2],[-76.2,39.2],[-76.2,39.3],[-76.1,39.3],[-76.1,39.4],[-76.0,39.4],[-75.9,39.4],[-75.8,39.4],[-75.9,39.4],[-76.0,39.4],[-76.0,39.5],[-75.9,39.5],[-75.8,39.5],[-75.9,39.5],[-75.8,39.6],[-75.9,39.6],[-75.9,39.5],[-76.0,39.5],[-75.9,39.6],[-76.0,39.6],[-76.0,39.5],[-76.0,39.6],[-76.1,39.6],[-76.1,39.5],[-76.1,39.4],[-76.2,39.4],[-76.2,39.5],[-76.3,39.5],[-76.3,39.4],[-76.2,39.3],[-76.3,39.3],[-76.3,39.4],[-76.4,39.4],[-76.3,39.4],[-76.3,39.3],[-76.4,39.3],[-76.5,39.3],[-76.4,39.3],[-76.4,39.2],[-76.5,39.2],[-76.6,39.3],[-76.6,39.2],[-76.5,39.2],[-76.4,39.1],[-76.5,39.1],[-76.4,39.0],[-76.5,39.0],[-76.5,39.1],[-76.6,39.1],[-76.6,39.0],[-76.5,39.0],[-76.5,38.9],[-76.5,39.0],[-76.6,39.0],[-76.5,38.9],[-76.5,38.8],[-76.6,38.8],[-76.5,38.7],[-76.5,38.6],[-76.5,38.5],[-76.4,38.4],[-76.4,38.3],[-76.5,38.3],[-76.5,38.4],[-76.6,38.4],[-76.6,38.5],[-76.7,38.7],[-76.7,38.6],[-76.7,38.5],[-76.6,38.4],[-76.5,38.4],[-76.5,38.3],[-76.4,38.3],[-76.4,38.2],[-76.3,38.2],[-76.3,38.1],[-76.3,38.0],[-76.3,38.1],[-76.4,38.1],[-76.4,38.2],[-76.5,38.2],[-76.4,38.2],[-76.5,38.2],[-76.5,38.1],[-76.5,38.2],[-76.5,38.1],[-76.5,38.2],[-76.6,38.2],[-76.7,38.2],[-76.8,38.2],[-76.8,38.3],[-76.8,38.4],[-76.9,38.4],[-76.8,38.3],[-76.9,38.3],[-77.0,38.3],[-77.0,38.4],[-77.0,38.5],[-77.0,38.4],[-77.1,38.4],[-77.1,38.5],[-77.1,38.4],[-77.2,38.4],[-77.3,38.4],[-77.3,38.5],[-77.2,38.5],[-77.2,38.6],[-77.1,38.6],[-77.1,38.7],[-77.0,38.7],[-77.0,38.8],[-77.0,38.9],[-77.1,38.9],[-77.0,38.9],[-77.0,38.8],[-77.1,38.8],[-77.0,38.8],[-77.0,38.7],[-77.1,38.7],[-77.2,38.7],[-77.1,38.7],[-77.1,38.6],[-77.2,38.6],[-77.2,38.7],[-77.2,38.6],[-77.3,38.6],[-77.3,38.5],[-77.3,38.4],[-77.4,38.4],[-77.3,38.4],[-77.3,38.3],[-77.2,38.3],[-77.1,38.4],[-77.0,38.4],[-77.0,38.3],[-77.1,38.3],[-77.0,38.3],[-77.0,38.2],[-76.9,38.2],[-76.8,38.2],[-76.8,38.1],[-76.7,38.1],[-76.7,38.2],[-76.7,38.1],[-76.6,38.1],[-76.6,38.2],[-76.6,38.1],[-76.5,38.1],[-76.5,38.0],[-76.4,38.0],[-76.3,37.9],[-76.2,37.9],[-76.2,37.8],[-76.3,37.8],[-76.3,37.9],[-76.3,37.8],[-76.3,37.7],[-76.3,37.6],[-76.4,37.6],[-76.4,37.7],[-76.5,37.7],[-76.6,37.8],[-76.7,37.8],[-76.8,37.9],[-76.9,38.0],[-76.9,38.1],[-77.0,38.1],[-77.0,38.2],[-77.1,38.2],[-77.1,38.1],[-77.0,38.1],[-76.9,38.1],[-76.9,38.0],[-76.9,37.9],[-76.8,37.9],[-76.8,37.8],[-76.7,37.8],[-76.6,37.8],[-76.6,37.7],[-76.6,37.6],[-76.5,37.6],[-76.4,37.6],[-76.3,37.6],[-76.4,37.5],[-76.3,37.5],[-76.2,37.4],[-76.3,37.3],[-76.3,37.4],[-76.4,37.4],[-76.4,37.3],[-76.5,37.3],[-76.5,37.2],[-76.5,37.3],[-76.6,37.3],[-76.6,37.4],[-76.7,37.4],[-76.7,37.5],[-76.8,37.5],[-76.7,37.4],[-76.6,37.3],[-76.5,37.3],[-76.5,37.2],[-76.4,37.2],[-76.3,37.2],[-76.3,37.1],[-76.3,37.0],[-76.4,37.0],[-76.5,37.0],[-76.5,37.1],[-76.6,37.1],[-76.6,37.2],[-76.7,37.2],[-76.8,37.2],[-76.8,37.3],[-76.9,37.3],[-76.9,37.2],[-76.9,37.3],[-77.0,37.3],[-77.1,37.3],[-77.2,37.3],[-77.3,37.3],[-77.2,37.3],[-77.1,37.3],[-77.0,37.3],[-77.0,37.2],[-76.9,37.2],[-76.8,37.2],[-76.7,37.2],[-76.7,37.1],[-76.7,37.0],[-76.6,37.0],[-76.5,37.0],[-76.5,36.9],[-76.4,36.9],[-76.3,36.9],[-76.3,36.8],[-76.3,36.9],[-76.3,37.0],[-76.2,36.9],[-76.1,36.9],[-76.0,36.9],[-76.0,36.8],[-75.9,36.6],[-75.9,36.5],[-75.8,36.4],[-75.8,36.3],[-75.8,36.2],[-75.7,36.1],[-75.6,35.9],[-75.5,35.8],[-75.6,35.8],[-75.6,35.9],[-75.7,36.0],[-75.7,36.1],[-75.7,36.0],[-75.7,36.1],[-75.7,36.2],[-75.8,36.2],[-75.8,36.3],[-75.8,36.4],[-75.9,36.5],[-75.9,36.6],[-75.9,36.7],[-76.0,36.7],[-76.0,36.6],[-76.0,36.5],[-75.9,36.5],[-75.9,36.6],[-75.9,36.5],[-76.0,36.5],[-76.0,36.6],[-76.0,36.5],[-76.0,36.4],[-75.9,36.4],[-75.9,36.3],[-75.8,36.2],[-75.8,36.1],[-75.9,36.1],[-75.9,36.2],[-75.9,36.3],[-76.0,36.3],[-76.0,36.2],[-75.9,36.2],[-76.0,36.2],[-75.9,36.2],[-76.0,36.2],[-76.1,36.2],[-76.1,36.3],[-76.2,36.3],[-76.1,36.2],[-76.1,36.1],[-76.2,36.1],[-76.2,36.2],[-76.3,36.2],[-76.2,36.2],[-76.2,36.1],[-76.3,36.1],[-76.4,36.2],[-76.5,36.2],[-76.4,36.2],[-76.4,36.1],[-76.3,36.1],[-76.4,36.1],[-76.4,36.0],[-76.5,36.0],[-76.6,36.0],[-76.6,36.1],[-76.6,36.0],[-76.7,36.0],[-76.7,36.1],[-76.7,36.2],[-76.7,36.3],[-76.7,36.2],[-76.8,36.2],[-76.8,36.1],[-76.7,36.1],[-76.7,36.0],[-76.7,35.9],[-76.6,35.9],[-76.5,36.0],[-76.4,36.0],[-76.4,35.9],[-76.3,35.9],[-76.3,36.0],[-76.2,36.0],[-76.1,36.0],[-76.0,36.0],[-76.1,36.0],[-76.1,35.9],[-76.0,35.9],[-76.1,35.9],[-76.1,35.8],[-76.0,35.7],[-76.1,35.7],[-76.0,35.7],[-76.1,35.7],[-76.0,35.7],[-76.0,35.8],[-76.0,35.9],[-75.9,35.9],[-75.8,35.9],[-75.9,35.9],[-75.9,36.0],[-75.8,36.0],[-75.8,35.9],[-75.7,35.9],[-75.7,35.8],[-75.7,35.7],[-75.8,35.7],[-75.7,35.6],[-75.8,35.6],[-75.9,35.6],[-76.0,35.5],[-76.0,35.4],[-76.1,35.4],[-76.2,35.3],[-76.2,35.4],[-76.3,35.4],[-76.3,35.3],[-76.3,35.4],[-76.4,35.4],[-76.4,35.3],[-76.4,35.4],[-76.4,35.5],[-76.4,35.4],[-76.5,35.4],[-76.6,35.5],[-76.5,35.5],[-76.6,35.5],[-76.5,35.5],[-76.6,35.5],[-76.6,35.4],[-76.7,35.4],[-76.6,35.4],[-76.7,35.4],[-76.8,35.4],[-76.8,35.5],[-76.9,35.5],[-77.0,35.5],[-77.1,35.5],[-77.0,35.5],[-77.0,35.4],[-76.9,35.5],[-76.9,35.4],[-76.8,35.4],[-76.7,35.4],[-76.6,35.3],[-76.5,35.3],[-76.5,35.2],[-76.6,35.2],[-76.5,35.2],[-76.6,35.2],[-76.7,35.2],[-76.6,35.2],[-76.6,35.1],[-76.6,35.2],[-76.6,35.1],[-76.7,35.0],[-76.8,35.0],[-76.9,35.0],[-76.9,35.1],[-77.0,35.1],[-77.1,35.2],[-77.0,35.1],[-77.0,35.0],[-76.9,35.0],[-76.8,34.9],[-76.7,34.9],[-76.7,35.0],[-76.6,35.0],[-76.6,34.9],[-76.5,34.9],[-76.5,35.0],[-76.6,35.0],[-76.5,35.0],[-76.5,35.1],[-76.4,35.1],[-76.4,35.0],[-76.5,35.0],[-76.5,34.9],[-76.4,34.9],[-76.4,35.0],[-76.4,34.9],[-76.4,35.0],[-76.3,35.0],[-76.4,35.0],[-76.3,35.0],[-76.3,34.9],[-76.4,34.9],[-76.4,34.8],[-76.5,34.8],[-76.5,34.7],[-76.6,34.7],[-76.6,34.8],[-76.6,34.7],[-76.7,34.7],[-76.7,34.8],[-76.8,34.8],[-76.7,34.8],[-76.7,34.7],[-76.9,34.7],[-77.1,34.7],[-77.1,34.8],[-77.1,34.7],[-77.2,34.7],[-77.3,34.6],[-77.4,34.6],[-77.3,34.6],[-77.3,34.7],[-77.4,34.7],[-77.4,34.8],[-77.4,34.7],[-77.4,34.6],[-77.4,34.5],[-77.5,34.5],[-77.7,34.4],[-77.7,34.3],[-77.8,34.2],[-77.9,34.1],[-77.9,34.0],[-77.9,33.9],[-77.9,34.0],[-77.9,34.1],[-78.0,34.2],[-78.0,34.1],[-77.9,34.1],[-78.0,34.0],[-77.9,34.0],[-78.0,34.0],[-78.0,33.9],[-78.1,33.9],[-78.2,33.9],[-78.3,33.9],[-78.4,33.9],[-78.4,34.0],[-78.4,33.9],[-78.5,33.9],[-78.6,33.9],[-78.5,33.9],[-78.6,33.9],[-78.6,33.8],[-78.7,33.8],[-78.8,33.8],[-78.9,33.7],[-78.9,33.6],[-79.0,33.5],[-79.1,33.4],[-79.2,33.4],[-79.1,33.4],[-79.2,33.4],[-79.2,33.2],[-79.2,33.3],[-79.3,33.3],[-79.2,33.4],[-79.3,33.4],[-79.3,33.3],[-79.2,33.3],[-79.2,33.2],[-79.2,33.1],[-79.2,33.2],[-79.3,33.2],[-79.3,33.1],[-79.3,33.2],[-79.3,33.1],[-79.4,33.1],[-79.4,33.0],[-79.5,33.0],[-79.6,33.0],[-79.6,32.9],[-79.7,32.9],[-79.7,32.8],[-79.8,32.8],[-79.9,32.8],[-79.9,32.9],[-79.9,32.8],[-79.9,32.9],[-79.9,32.8],[-80.0,32.8],[-79.9,32.8],[-79.9,32.7],[-80.0,32.6],[-80.0,32.7],[-80.0,32.6],[-80.1,32.6],[-80.2,32.6],[-80.3,32.6],[-80.2,32.6],[-80.2,32.5],[-80.3,32.5],[-80.4,32.5],[-80.5,32.5],[-80.5,32.6],[-80.5,32.5],[-80.6,32.5],[-80.7,32.5],[-80.6,32.5],[-80.5,32.5],[-80.6,32.5],[-80.5,32.5],[-80.5,32.4],[-80.5,32.3],[-80.5,32.4],[-80.4,32.4],[-80.5,32.4],[-80.5,32.3],[-80.6,32.3],[-80.6,32.4],[-80.7,32.4],[-80.7,32.5],[-80.7,32.4],[-80.7,32.3],[-80.8,32.4],[-80.8,32.5],[-80.9,32.5],[-80.8,32.5],[-80.8,32.4],[-80.8,32.3],[-80.7,32.3],[-80.7,32.2],[-80.8,32.1],[-80.8,32.2],[-80.8,32.1],[-80.9,32.1],[-80.9,32.0],[-80.8,32.0],[-80.9,32.0],[-81.0,32.0],[-81.0,31.9],[-80.9,31.9],[-81.0,31.9],[-81.1,31.9],[-81.1,31.8],[-81.0,31.8],[-81.1,31.8],[-81.1,31.7],[-81.2,31.7],[-81.2,31.8],[-81.3,31.8],[-81.3,31.7],[-81.2,31.7],[-81.3,31.6],[-81.3,31.5],[-81.4,31.4],[-81.3,31.4],[-81.3,31.3],[-81.4,31.4],[-81.5,31.4],[-81.5,31.3],[-81.4,31.3],[-81.3,31.3],[-81.3,31.2],[-81.4,31.2],[-81.4,31.1],[-81.4,31.2],[-81.5,31.2],[-81.4,31.2],[-81.4,31.1],[-81.5,31.1],[-81.4,31.1],[-81.4,31.0],[-81.5,31.1],[-81.5,31.0],[-81.5,30.9],[-81.5,30.8],[-81.5,30.9],[-81.5,30.8],[-81.5,30.7],[-81.4,30.7],[-81.4,30.6],[-81.4,30.5],[-81.5,30.5],[-81.5,30.6],[-81.5,30.5],[-81.4,30.5],[-81.4,30.4],[-81.4,30.3],[-81.4,30.2],[-81.3,30.1],[-81.3,29.9],[-81.3,29.8],[-81.2,29.7],[-81.2,29.6],[-81.1,29.5],[-81.1,29.4],[-81.0,29.2],[-80.9,29.1],[-80.9,29.0],[-80.7,28.8],[-80.7,28.7],[-80.6,28.7],[-80.6,28.6],[-80.5,28.5],[-80.6,28.4],[-80.6,28.3],[-80.6,28.2],[-80.6,28.1],[-80.5,28.0],[-80.5,27.9],[-80.5,28.0],[-80.6,28.1],[-80.6,28.2],[-80.6,28.4],[-80.6,28.5],[-80.6,28.6],[-80.7,28.6],[-80.8,28.6],[-80.8,28.7],[-80.7,28.7],[-80.8,28.7],[-80.8,28.8],[-80.8,28.7],[-80.8,28.6],[-80.8,28.5],[-80.8,28.4],[-80.7,28.4],[-80.7,28.3],[-80.5,28.0],[-80.4,27.7],[-80.3,27.5],[-80.2,27.2],[-80.3,27.2],[-80.2,27.2],[-80.1,27.1],[-80.1,27.0],[-80.1,26.9],[-80.0,26.8],[-80.1,26.8],[-80.0,26.7],[-80.0,26.6],[-80.1,26.6],[-80.1,26.4],[-80.1,26.3],[-80.1,26.1],[-80.1,25.8],[-80.1,25.9],[-80.2,25.9],[-80.2,25.8],[-80.2,25.7],[-80.3,25.7],[-80.3,25.6],[-80.3,25.5],[-80.3,25.4],[-80.4,25.3],[-80.4,25.2],[-80.5,25.2],[-80.4,25.2],[-80.5,25.2],[-80.6,25.2],[-80.7,25.2],[-80.7,25.1],[-80.8,25.1],[-80.8,25.2],[-80.8,25.1],[-80.8,25.2],[-80.8,25.1],[-80.8,25.2],[-80.9,25.2],[-80.9,25.1],[-81.0,25.1],[-81.1,25.1],[-81.1,25.2],[-81.2,25.2],[-81.2,25.3],[-81.1,25.3],[-81.0,25.2],[-80.9,25.2],[-80.9,25.3],[-81.0,25.3],[-81.1,25.3],[-81.1,25.4],[-81.2,25.4],[-81.2,25.5],[-81.2,25.6],[-81.3,25.7],[-81.4,25.8],[-81.3,25.8],[-81.4,25.8],[-81.4,25.9],[-81.5,25.9],[-81.6,25.9],[-81.7,25.9],[-81.7,26.0],[-81.7,25.9],[-81.7,26.0],[-81.8,26.0],[-81.8,26.1],[-81.8,26.2],[-81.8,26.3],[-81.9,26.3],[-81.9,26.4],[-81.8,26.4],[-81.9,26.4],[-81.9,26.5],[-81.9,26.4],[-81.9,26.5],[-82.0,26.5],[-81.9,26.5],[-81.9,26.6],[-81.8,26.7],[-81.9,26.7],[-81.9,26.6],[-81.9,26.5],[-82.0,26.5],[-82.1,26.5],[-82.1,26.6],[-82.1,26.7],[-82.1,26.8],[-82.1,26.9],[-82.0,26.9],[-82.0,27.0],[-82.1,27.0],[-82.1,26.9],[-82.2,26.9],[-82.2,27.0],[-82.3,27.0],[-82.2,27.0],[-82.2,26.9],[-82.2,27.0],[-82.2,26.9],[-82.2,26.8],[-82.3,26.8],[-82.3,26.9],[-82.4,27.0],[-82.4,26.9],[-82.3,26.9],[-82.4,26.9],[-82.5,27.1],[-82.5,27.2],[-82.5,27.3],[-82.6,27.3],[-82.5,27.3],[-82.6,27.3],[-82.6,27.4],[-82.7,27.4],[-82.7,27.5],[-82.6,27.5],[-82.7,27.5],[-82.6,27.5],[-82.6,27.6],[-82.6,27.5],[-82.6,27.6],[-82.5,27.7],[-82.4,27.8],[-82.4,27.9],[-82.5,27.9],[-82.5,27.8],[-82.5,27.9],[-82.6,28.0],[-82.7,28.0],[-82.6,28.0],[-82.7,28.0],[-82.7,27.9],[-82.6,27.9],[-82.6,27.8],[-82.6,27.7],[-82.7,27.7],[-82.7,27.8],[-82.8,27.8],[-82.8,27.7],[-82.7,27.7],[-82.8,27.7],[-82.8,27.8],[-82.9,27.9],[-82.8,27.9],[-82.8,28.0],[-82.8,28.1],[-82.8,28.2],[-82.7,28.3],[-82.7,28.4],[-82.7,28.5],[-82.6,28.6],[-82.6,28.7],[-82.6,28.8],[-82.7,28.8],[-82.6,28.8],[-82.6,28.9],[-82.7,28.9],[-82.7,29.0],[-82.8,29.0],[-82.7,29.0],[-82.7,29.1],[-82.8,29.1],[-82.8,29.2],[-82.9,29.2],[-83.0,29.2],[-83.1,29.2],[-83.1,29.3],[-83.2,29.3],[-83.2,29.4],[-83.3,29.4],[-83.3,29.5],[-83.4,29.5],[-83.4,29.6],[-83.4,29.7],[-83.5,29.7],[-83.6,29.7],[-83.6,29.8],[-83.6,29.9],[-83.7,29.9],[-83.7,30.0],[-83.8,30.0],[-83.9,30.0],[-84.0,30.1],[-84.1,30.1],[-84.2,30.1],[-84.3,30.1],[-84.4,30.0],[-84.3,30.0],[-84.4,30.0],[-84.5,30.0],[-84.4,30.0],[-84.3,29.9],[-84.4,29.9],[-84.5,29.9],[-84.6,29.9],[-84.7,29.9],[-84.7,29.8],[-84.8,29.8],[-84.9,29.7],[-84.9,29.8],[-85.0,29.7],[-85.1,29.7],[-85.2,29.7],[-85.3,29.7],[-85.4,29.7],[-85.4,29.8],[-85.4,29.9],[-85.4,29.8],[-85.4,29.7],[-85.3,29.7],[-85.3,29.8],[-85.3,29.9],[-85.4,29.9],[-85.5,30.0],[-85.6,30.0],[-85.5,30.0],[-85.6,30.1],[-85.7,30.1],[-85.6,30.1],[-85.5,30.1],[-85.5,30.0],[-85.4,30.0],[-85.4,30.1],[-85.5,30.0],[-85.5,30.1],[-85.6,30.1],[-85.7,30.2],[-85.7,30.3],[-85.6,30.3],[-85.6,30.2],[-85.6,30.3],[-85.7,30.3],[-85.7,30.2],[-85.7,30.3],[-85.8,30.3],[-85.9,30.3],[-85.8,30.2],[-85.7,30.2],[-85.7,30.1],[-85.7,30.2],[-85.7,30.1],[-85.9,30.2],[-86.0,30.3],[-86.1,30.3],[-86.2,30.3],[-86.4,30.4],[-86.5,30.4],[-86.4,30.4],[-86.3,30.4],[-86.2,30.4],[-86.3,30.4],[-86.2,30.4],[-86.1,30.4],[-86.2,30.5],[-86.1,30.5],[-86.2,30.5],[-86.3,30.5],[-86.4,30.5],[-86.5,30.5],[-86.6,30.4],[-86.7,30.4],[-86.8,30.4],[-86.9,30.4],[-87.0,30.4],[-87.1,30.4],[-87.2,30.4],[-87.1,30.4],[-87.0,30.4],[-86.9,30.5],[-86.9,30.4],[-86.9,30.5],[-87.0,30.5],[-87.0,30.6],[-87.0,30.5],[-87.1,30.5],[-87.1,30.4],[-87.1,30.5],[-87.1,30.6],[-87.2,30.6],[-87.2,30.5],[-87.2,30.4],[-87.3,30.4],[-87.3,30.3],[-87.5,30.3],[-87.4,30.3],[-87.5,30.3],[-87.4,30.3],[-87.4,30.4],[-87.3,30.4],[-87.4,30.5],[-87.4,30.4],[-87.5,30.4],[-87.5,30.3],[-87.6,30.3],[-87.6,30.4],[-87.6,30.3],[-87.7,30.3],[-87.8,30.2],[-87.9,30.2],[-88.0,30.2],[-88.0,30.3],[-87.9,30.3],[-87.9,30.2],[-87.8,30.3],[-87.8,30.4],[-87.9,30.4],[-87.8,30.4],[-87.9,30.4],[-87.9,30.5],[-87.9,30.6],[-87.9,30.7],[-88.0,30.7],[-88.1,30.7],[-88.1,30.6],[-88.1,30.5],[-88.1,30.4],[-88.1,30.3],[-88.2,30.3],[-88.2,30.4],[-88.3,30.4],[-88.4,30.4],[-88.4,30.3],[-88.5,30.3],[-88.6,30.3],[-88.6,30.4],[-88.7,30.4],[-88.8,30.4],[-88.9,30.4],[-89.0,30.4],[-88.9,30.4],[-89.0,30.4],[-89.1,30.4],[-89.2,30.3],[-89.3,30.3],[-89.2,30.3],[-89.3,30.4],[-89.4,30.4],[-89.3,30.3],[-89.4,30.3],[-89.4,30.2],[-89.5,30.2],[-89.6,30.2],[-89.7,30.2],[-89.8,30.2],[-89.9,30.3],[-90.0,30.3],[-90.1,30.4],[-90.2,30.4],[-90.3,30.4],[-90.3,30.3],[-90.4,30.2],[-90.4,30.1],[-90.3,30.1],[-90.2,30.0],[-90.1,30.0],[-90.0,30.0],[-90.0,30.1],[-89.9,30.1],[-89.9,30.2],[-89.8,30.1],[-89.7,30.2],[-89.7,30.1],[-89.8,30.1],[-89.7,30.1],[-89.7,30.2],[-89.7,30.1],[-89.7,30.2],[-89.7,30.1],[-89.6,30.1],[-89.7,30.1],[-89.7,30.0],[-89.8,30.1],[-89.8,30.0],[-89.8,29.9],[-89.7,30.0],[-89.7,29.9],[-89.6,29.9],[-89.6,30.0],[-89.5,30.0],[-89.5,30.1],[-89.4,30.1],[-89.4,30.0],[-89.4,30.1],[-89.4,30.0],[-89.5,30.0],[-89.4,30.0],[-89.4,29.9],[-89.3,29.9],[-89.4,29.9],[-89.3,29.9],[-89.4,29.9],[-89.4,29.8],[-89.3,29.8],[-89.4,29.8],[-89.5,29.8],[-89.6,29.7],[-89.6,29.8],[-89.6,29.7],[-89.5,29.7],[-89.5,29.6],[-89.5,29.7],[-89.6,29.7],[-89.7,29.7],[-89.6,29.7],[-89.6,29.6],[-89.7,29.6],[-89.8,29.6],[-89.7,29.6],[-89.7,29.5],[-89.6,29.5],[-89.5,29.5],[-89.5,29.4],[-89.4,29.4],[-89.3,29.4],[-89.4,29.4],[-89.4,29.3],[-89.3,29.3],[-89.3,29.4],[-89.3,29.3],[-89.2,29.3],[-89.2,29.4],[-89.2,29.3],[-89.1,29.3],[-89.1,29.2],[-89.0,29.2],[-89.1,29.2],[-89.1,29.1],[-89.0,29.1],[-89.1,29.1],[-89.2,29.0],[-89.1,29.0],[-89.2,29.0],[-89.2,29.1],[-89.3,29.1],[-89.3,29.0],[-89.4,28.9],[-89.4,29.0],[-89.4,29.1],[-89.3,29.1],[-89.3,29.2],[-89.3,29.1],[-89.3,29.2],[-89.3,29.1],[-89.4,29.1],[-89.4,29.2],[-89.5,29.2],[-89.5,29.3],[-89.5,29.2],[-89.6,29.2],[-89.6,29.3],[-89.7,29.3],[-89.8,29.3],[-89.7,29.4],[-89.8,29.4],[-89.8,29.5],[-89.9,29.5],[-89.9,29.4],[-89.9,29.5],[-90.0,29.5],[-90.1,29.5],[-90.2,29.6],[-90.2,29.5],[-90.1,29.5],[-90.0,29.4],[-90.1,29.4],[-90.0,29.4],[-90.0,29.3],[-90.0,29.4],[-90.1,29.4],[-90.1,29.3],[-90.0,29.3],[-90.1,29.3],[-90.1,29.2],[-90.1,29.1],[-90.2,29.1],[-90.3,29.2],[-90.3,29.3],[-90.3,29.2],[-90.3,29.3],[-90.4,29.3],[-90.4,29.2],[-90.4,29.3],[-90.4,29.4],[-90.4,29.3],[-90.5,29.3],[-90.6,29.3],[-90.6,29.2],[-90.6,29.1],[-90.6,29.2],[-90.7,29.2],[-90.7,29.1],[-90.8,29.1],[-90.8,29.2],[-90.9,29.1],[-90.9,29.2],[-91.0,29.2],[-91.1,29.2],[-91.2,29.2],[-91.3,29.3],[-91.3,29.4],[-91.2,29.4],[-91.2,29.3],[-91.1,29.3],[-91.2,29.4],[-91.3,29.5],[-91.2,29.6],[-91.3,29.6],[-91.2,29.6],[-91.3,29.6],[-91.3,29.5],[-91.4,29.5],[-91.4,29.6],[-91.5,29.6],[-91.5,29.5],[-91.6,29.5],[-91.5,29.5],[-91.5,29.6],[-91.6,29.6],[-91.6,29.7],[-91.7,29.8],[-91.8,29.7],[-91.9,29.7],[-91.9,29.8],[-91.8,29.8],[-91.9,29.8],[-92.0,29.8],[-92.1,29.8],[-92.1,29.7],[-92.1,29.8],[-92.2,29.8],[-92.2,29.7],[-92.1,29.7],[-92.1,29.6],[-92.0,29.6],[-92.1,29.6],[-92.2,29.6],[-92.2,29.5],[-92.3,29.5],[-92.5,29.6],[-92.7,29.6],[-92.8,29.6],[-92.9,29.7],[-93.0,29.7],[-93.1,29.8],[-93.2,29.8],[-93.3,29.8],[-93.4,29.8],[-93.5,29.8],[-93.6,29.8],[-93.7,29.7],[-93.8,29.7],[-93.9,29.7],[-93.9,29.8],[-93.8,29.8],[-93.8,29.9],[-93.8,30.0],[-93.9,30.0],[-93.9,29.9],[-93.9,29.8],[-93.9,29.7],[-94.0,29.7],[-94.1,29.7],[-94.2,29.6],[-94.3,29.6],[-94.7,29.5],[-94.7,29.4],[-94.8,29.4],[-94.7,29.5],[-94.6,29.5],[-94.5,29.5],[-94.5,29.6],[-94.5,29.5],[-94.5,29.6],[-94.6,29.6],[-94.7,29.5],[-94.8,29.5],[-94.7,29.6],[-94.7,29.7],[-94.7,29.8],[-94.8,29.8],[-94.8,29.7],[-94.9,29.7],[-95.0,29.7],[-95.1,29.7],[-95.0,29.7],[-95.0,29.6],[-95.0,29.5],[-94.9,29.5],[-95.0,29.5],[-94.9,29.5],[-94.9,29.4],[-94.8,29.4],[-94.9,29.4],[-94.9,29.3],[-95.0,29.3],[-95.1,29.2],[-95.2,29.2],[-95.2,29.1],[-95.1,29.1],[-95.2,29.1],[-95.2,29.0],[-95.3,29.0],[-95.3,28.9],[-95.4,28.9],[-95.5,28.8],[-95.6,28.8],[-95.6,28.7],[-95.7,28.7],[-95.8,28.7],[-96.0,28.7],[-95.9,28.7],[-96.0,28.7],[-96.0,28.6],[-95.9,28.6],[-95.8,28.7],[-95.7,28.7],[-95.8,28.6],[-95.9,28.6],[-96.0,28.6],[-96.1,28.6],[-96.1,28.5],[-96.2,28.5],[-96.0,28.6],[-96.0,28.7],[-96.1,28.6],[-96.2,28.6],[-96.1,28.6],[-96.2,28.6],[-96.2,28.7],[-96.3,28.7],[-96.3,28.6],[-96.4,28.6],[-96.4,28.7],[-96.4,28.8],[-96.4,28.7],[-96.4,28.6],[-96.5,28.6],[-96.4,28.6],[-96.5,28.6],[-96.6,28.6],[-96.6,28.7],[-96.7,28.7],[-96.6,28.7],[-96.6,28.6],[-96.5,28.6],[-96.5,28.5],[-96.6,28.5],[-96.5,28.5],[-96.4,28.5],[-96.4,28.4],[-96.5,28.4],[-96.7,28.3],[-96.7,28.4],[-96.8,28.4],[-96.8,28.5],[-96.8,28.4],[-96.8,28.3],[-96.8,28.2],[-96.9,28.2],[-96.9,28.1],[-96.9,28.2],[-96.9,28.3],[-96.9,28.2],[-97.0,28.2],[-96.9,28.2],[-97.0,28.2],[-97.0,28.1],[-97.0,28.2],[-97.1,28.2],[-97.1,28.1],[-97.1,28.2],[-97.2,28.2],[-97.2,28.1],[-97.2,28.0],[-97.1,28.0],[-97.1,28.1],[-97.0,28.1],[-97.0,28.0],[-97.1,28.0],[-97.1,27.9],[-97.2,27.8],[-97.2,27.9],[-97.3,27.9],[-97.4,27.9],[-97.3,27.9],[-97.4,27.9],[-97.5,27.9],[-97.5,27.8],[-97.4,27.8],[-97.4,27.7],[-97.3,27.7],[-97.3,27.6],[-97.3,27.5],[-97.4,27.5],[-97.4,27.4],[-97.4,27.3],[-97.5,27.3],[-97.5,27.4],[-97.5,27.3],[-97.5,27.4],[-97.5,27.3],[-97.6,27.3],[-97.7,27.4],[-97.8,27.5],[-97.8,27.4],[-97.7,27.4],[-97.7,27.3],[-97.8,27.3],[-97.7,27.3],[-97.6,27.3],[-97.6,27.2],[-97.5,27.2],[-97.5,27.3],[-97.4,27.3],[-97.4,27.2],[-97.5,27.2],[-97.4,27.1],[-97.5,27.1],[-97.5,27.0],[-97.6,27.0],[-97.6,26.9],[-97.5,26.9],[-97.6,26.9],[-97.6,26.8],[-97.5,26.8],[-97.5,26.7],[-97.4,26.6],[-97.4,26.5],[-97.5,26.5],[-97.4,26.5],[-97.4,26.4],[-97.5,26.4],[-97.4,26.4],[-97.4,26.3],[-97.4,26.4],[-97.3,26.3],[-97.4,26.3],[-97.3,26.3],[-97.3,26.2],[-97.3,26.1],[-97.2,26.1],[-97.3,26.0],[-97.2,26.0],[-97.2,26.1],[-97.1,26.0],[-97.2,26.0],[-97.3,26.0],[-97.3,25.9],[-97.4,25.9],[-97.3,25.9],[-97.4,25.8],[-97.4,25.9],[-97.5,25.9],[-97.6,26.0],[-97.7,26.0],[-97.8,26.0],[-97.8,26.1],[-97.9,26.1],[-98.0,26.1],[-98.0,26.0],[-98.1,26.0],[-98.1,26.1],[-98.2,26.1],[-98.3,26.1],[-98.3,26.2],[-98.4,26.2],[-98.5,26.2],[-98.6,26.2],[-98.6,26.3],[-98.6,26.2],[-98.7,26.2],[-98.7,26.3],[-98.8,26.4],[-98.9,26.4],[-99.0,26.4],[-99.1,26.4],[-99.1,26.5],[-99.2,26.5],[-99.2,26.6],[-99.2,26.7],[-99.2,26.8],[-99.3,26.8],[-99.3,26.9],[-99.4,27.0],[-99.5,27.1],[-99.4,27.1],[-99.5,27.1],[-99.4,27.2],[-99.5,27.3],[-99.5,27.4],[-99.5,27.5],[-99.5,27.6],[-99.6,27.6],[-99.7,27.7],[-99.8,27.7],[-99.8,27.8],[-99.9,27.8],[-99.9,27.9],[-99.9,28.0],[-100.0,28.0],[-100.0,28.1],[-100.1,28.1],[-100.1,28.2],[-100.2,28.2],[-100.3,28.3],[-100.3,28.4],[-100.3,28.5],[-100.4,28.5],[-100.3,28.5],[-100.4,28.5],[-100.4,28.6],[-100.5,28.7],[-100.5,28.8],[-100.6,28.8],[-100.6,28.9],[-100.6,29.0],[-100.7,29.0],[-100.7,29.1],[-100.8,29.2],[-100.8,29.3],[-100.9,29.3],[-101.0,29.4],[-101.0,29.5],[-101.1,29.5],[-101.2,29.5],[-101.2,29.6],[-101.3,29.6],[-101.3,29.7],[-101.4,29.7],[-101.4,29.8],[-101.5,29.8],[-101.6,29.8],[-101.8,29.8],[-101.9,29.8],[-102.0,29.8],[-102.1,29.8],[-102.2,29.8],[-102.3,29.9],[-102.4,29.9],[-102.4,29.8],[-102.5,29.8],[-102.6,29.8],[-102.6,29.7],[-102.7,29.7],[-102.7,29.6],[-102.8,29.6],[-102.8,29.5],[-102.8,29.4],[-102.9,29.4],[-102.9,29.3],[-102.9,29.2],[-103.0,29.2],[-103.0,29.1],[-103.1,29.1],[-103.1,29.0],[-103.2,29.0],[-103.3,29.0],[-103.4,29.0],[-103.4,29.1],[-103.5,29.1],[-103.6,29.2],[-103.7,29.2],[-103.8,29.2],[-103.8,29.3],[-103.9,29.3],[-104.0,29.3],[-104.1,29.3],[-104.1,29.4],[-104.2,29.4],[-104.2,29.5],[-104.3,29.5],[-104.4,29.6],[-104.5,29.6],[-104.5,29.7],[-104.6,29.7],[-104.6,29.8],[-104.6,29.9],[-104.7,29.9],[-104.7,30.0],[-104.7,30.1],[-104.7,30.2],[-104.7,30.3],[-104.8,30.3],[-104.8,30.4],[-104.9,30.4],[-104.9,30.5],[-104.9,30.6],[-105.0,30.6],[-105.0,30.7],[-105.1,30.7],[-105.1,30.8],[-105.2,30.8],[-105.3,30.8],[-105.4,30.9],[-105.5,31.0],[-105.6,31.0],[-105.6,31.1],[-105.7,31.1],[-105.8,31.2],[-105.9,31.3],[-105.9,31.4],[-106.0,31.4],[-106.1,31.4],[-106.2,31.4],[-106.2,31.5],[-106.3,31.6],[-106.3,31.7],[-106.4,31.7],[-106.4,31.8],[-106.5,31.8],[-106.6,31.8],[-106.7,31.8],[-106.8,31.8],[-106.9,31.8],[-107.0,31.8],[-107.1,31.8],[-107.2,31.8],[-107.3,31.8],[-107.4,31.8],[-107.5,31.8],[-107.6,31.8],[-107.7,31.8],[-107.8,31.8],[-107.9,31.8],[-108.0,31.8],[-108.1,31.8],[-108.2,31.8],[-108.2,31.7],[-108.2,31.6],[-108.2,31.5],[-108.2,31.4],[-108.2,31.3],[-108.3,31.3],[-108.4,31.3],[-108.5,31.3],[-108.6,31.3],[-108.7,31.3],[-108.8,31.3],[-108.9,31.3],[-109.0,31.3],[-109.1,31.3],[-109.2,31.3],[-109.3,31.3],[-109.4,31.3],[-109.5,31.3],[-109.6,31.3],[-109.7,31.3],[-109.8,31.3],[-109.9,31.3],[-110.0,31.3],[-110.1,31.3],[-110.2,31.3],[-110.3,31.3],[-110.4,31.3],[-110.5,31.3],[-110.6,31.3],[-110.7,31.3],[-110.8,31.3],[-110.9,31.3],[-111.0,31.3],[-111.1,31.3],[-111.1,31.4],[-111.2,31.4],[-111.3,31.4],[-111.4,31.4],[-111.5,31.5],[-111.9,31.6],[-112.3,31.7],[-112.7,31.9],[-113.1,32.0],[-113.6,32.1],[-114.0,32.2],[-114.4,32.4],[-114.8,32.5],[-114.8,32.6],[-114.8,32.7],[-114.7,32.7],[-114.8,32.7],[-114.9,32.7],[-115.0,32.7],[-115.1,32.7],[-115.2,32.7],[-115.3,32.7],[-115.4,32.7],[-115.5,32.7],[-115.6,32.6],[-115.7,32.6],[-115.8,32.6],[-115.9,32.6],[-116.0,32.6],[-116.1,32.6],[-116.2,32.6],[-116.3,32.6],[-116.4,32.6],[-116.5,32.6],[-116.6,32.6],[-116.7,32.6],[-116.8,32.6],[-116.9,32.5],[-117.0,32.5],[-117.1,32.5],[-117.1,32.6],[-117.2,32.7],[-117.1,32.7],[-117.1,32.6],[-117.1,32.7],[-117.2,32.7],[-117.3,32.7],[-117.3,32.8],[-117.3,32.9],[-117.3,32.8],[-117.3,32.9],[-117.3,33.0],[-117.3,33.1],[-117.4,33.2],[-117.5,33.3],[-117.6,33.4],[-117.7,33.4],[-117.7,33.5],[-117.8,33.5],[-117.8,33.6],[-117.9,33.6],[-118.0,33.6],[-118.1,33.7],[-118.2,33.8],[-118.2,33.7],[-118.2,33.8],[-118.3,33.8],[-118.3,33.7],[-118.4,33.7],[-118.4,33.8],[-118.4,33.9],[-118.5,34.0],[-118.6,34.0],[-118.7,34.0],[-118.8,34.0],[-118.9,34.0],[-119.0,34.0],[-119.0,34.1],[-119.1,34.1],[-119.2,34.1],[-119.2,34.2],[-119.2,34.1],[-119.2,34.2],[-119.3,34.2],[-119.3,34.3],[-119.4,34.3],[-119.4,34.4],[-119.5,34.4],[-119.6,34.4],[-119.7,34.4],[-119.8,34.4],[-119.9,34.4],[-120.0,34.4],[-120.0,34.5],[-120.0,34.4],[-120.0,34.5],[-120.1,34.5],[-120.2,34.5],[-120.3,34.5],[-120.4,34.5],[-120.5,34.4],[-120.5,34.5],[-120.6,34.5],[-120.6,34.6],[-120.6,34.7],[-120.6,34.8],[-120.6,34.9],[-120.7,34.9],[-120.6,35.0],[-120.6,35.1],[-120.7,35.1],[-120.7,35.2],[-120.8,35.2],[-120.9,35.2],[-120.9,35.3],[-120.9,35.4],[-120.9,35.3],[-120.8,35.3],[-120.9,35.4],[-121.0,35.5],[-121.1,35.5],[-121.1,35.6],[-121.2,35.6],[-121.2,35.7],[-121.3,35.7],[-121.3,35.8],[-121.4,35.8],[-121.4,35.9],[-121.5,35.9],[-121.5,36.0],[-121.6,36.0],[-121.6,36.1],[-121.7,36.1],[-121.7,36.2],[-121.8,36.2],[-121.8,36.3],[-121.9,36.3],[-121.9,36.4],[-121.9,36.5],[-122.0,36.5],[-121.9,36.5],[-121.9,36.6],[-122.0,36.6],[-121.9,36.6],[-121.8,36.6],[-121.8,36.7],[-121.8,36.8],[-121.9,36.9],[-121.9,37.0],[-122.0,37.0],[-122.0,36.9],[-122.1,36.9],[-122.1,37.0],[-122.2,37.0],[-122.3,37.1],[-122.4,37.2],[-122.4,37.3],[-122.4,37.4],[-122.4,37.5],[-122.5,37.5],[-122.5,37.6],[-122.5,37.7],[-122.5,37.8],[-122.4,37.8],[-122.4,37.7],[-122.4,37.6],[-122.3,37.6],[-122.2,37.6],[-122.2,37.5],[-122.1,37.5],[-122.1,37.4],[-122.0,37.5],[-122.1,37.5],[-122.1,37.6],[-122.2,37.6],[-122.2,37.7],[-122.3,37.7],[-122.2,37.7],[-122.2,37.8],[-122.3,37.8],[-122.3,37.9],[-122.4,37.9],[-122.4,38.0],[-122.3,38.0],[-122.2,38.1],[-122.2,38.0],[-122.1,38.0],[-122.1,38.1],[-122.0,38.1],[-121.9,38.0],[-121.8,38.0],[-121.7,38.0],[-121.7,38.1],[-121.6,38.1],[-121.6,38.0],[-121.6,38.1],[-121.5,38.1],[-121.5,38.0],[-121.4,38.0],[-121.5,38.0],[-121.5,38.1],[-121.6,38.1],[-121.7,38.1],[-121.7,38.0],[-121.8,38.0],[-121.8,38.1],[-121.7,38.1],[-121.8,38.1],[-121.9,38.1],[-122.0,38.1],[-122.1,38.1],[-122.1,38.0],[-122.2,38.0],[-122.2,38.1],[-122.3,38.1],[-122.4,38.2],[-122.4,38.1],[-122.5,38.1],[-122.5,38.0],[-122.4,38.0],[-122.5,38.0],[-122.5,37.9],[-122.4,37.9],[-122.5,37.9],[-122.5,37.8],[-122.6,37.8],[-122.6,37.9],[-122.7,37.9],[-122.8,37.9],[-122.8,38.0],[-122.9,38.0],[-122.9,38.1],[-122.9,38.0],[-123.0,38.0],[-122.9,38.1],[-123.0,38.2],[-122.9,38.2],[-122.9,38.1],[-122.8,38.1],[-122.9,38.1],[-122.9,38.2],[-123.0,38.2],[-123.0,38.3],[-123.1,38.3],[-123.1,38.4],[-123.2,38.5],[-123.3,38.5],[-123.3,38.6],[-123.4,38.6],[-123.4,38.7],[-123.5,38.7],[-123.5,38.8],[-123.6,38.8],[-123.7,38.9],[-123.7,39.0],[-123.7,39.1],[-123.7,39.2],[-123.8,39.2],[-123.8,39.3],[-123.8,39.4],[-123.8,39.5],[-123.8,39.6],[-123.8,39.7],[-123.8,39.8],[-123.9,39.8],[-123.9,39.9],[-124.0,39.9],[-124.0,40.0],[-124.1,40.0],[-124.1,40.1],[-124.2,40.1],[-124.2,40.2],[-124.3,40.2],[-124.4,40.3],[-124.3,40.3],[-124.4,40.3],[-124.4,40.4],[-124.4,40.5],[-124.4,40.6],[-124.3,40.6],[-124.3,40.7],[-124.2,40.8],[-124.2,40.7],[-124.3,40.7],[-124.2,40.7],[-124.2,40.8],[-124.1,40.8],[-124.1,40.9],[-124.2,40.9],[-124.2,40.8],[-124.1,40.9],[-124.1,41.0],[-124.1,41.1],[-124.2,41.1],[-124.1,41.1],[-124.1,41.2],[-124.1,41.3],[-124.1,41.4],[-124.1,41.5],[-124.1,41.6],[-124.1,41.7],[-124.2,41.7],[-124.2,41.8],[-124.3,41.8],[-124.2,41.8],[-124.2,41.9],[-124.2,42.0],[-124.3,42.0],[-124.3,42.1],[-124.4,42.1],[-124.4,42.2],[-124.4,42.3],[-124.4,42.4],[-124.4,42.5],[-124.4,42.6],[-124.4,42.7],[-124.5,42.7],[-124.5,42.8],[-124.6,42.8],[-124.5,42.8],[-124.5,42.9],[-124.5,43.0],[-124.4,43.0],[-124.4,43.1],[-124.4,43.3],[-124.3,43.4],[-124.3,43.3],[-124.3,43.4],[-124.2,43.4],[-124.1,43.4],[-124.2,43.4],[-124.2,43.5],[-124.2,43.4],[-124.3,43.4],[-124.2,43.5],[-124.2,43.6],[-124.2,43.7],[-124.1,43.7],[-124.2,43.7],[-124.2,43.8],[-124.2,43.9],[-124.1,43.9],[-124.1,44.0],[-124.1,44.1],[-124.1,44.2],[-124.1,44.3],[-124.1,44.4],[-124.0,44.4],[-124.1,44.4],[-124.1,44.5],[-124.1,44.6],[-124.0,44.6],[-124.1,44.6],[-124.1,44.7],[-124.1,44.8],[-124.0,44.9],[-124.0,45.0],[-124.0,45.1],[-124.0,45.2],[-124.0,45.3],[-124.0,45.4],[-123.9,45.4],[-124.0,45.4],[-124.0,45.5],[-123.9,45.6],[-123.9,45.5],[-123.9,45.6],[-124.0,45.6],[-123.9,45.6],[-123.9,45.7],[-124.0,45.7],[-124.0,45.8],[-124.0,45.9],[-124.0,46.0],[-123.9,46.0],[-123.9,46.1],[-124.0,46.1],[-124.0,46.2],[-123.9,46.2],[-123.8,46.2],[-123.8,46.1],[-123.8,46.2],[-123.9,46.2],[-123.8,46.2],[-123.7,46.2],[-123.6,46.2],[-123.5,46.2],[-123.4,46.2],[-123.4,46.1],[-123.3,46.1],[-123.2,46.1],[-123.2,46.2],[-123.3,46.2],[-123.4,46.2],[-123.4,46.3],[-123.5,46.3],[-123.6,46.3],[-123.7,46.3],[-123.8,46.3],[-123.9,46.3],[-123.9,46.2],[-123.9,46.3],[-124.0,46.3],[-124.1,46.3],[-124.0,46.3],[-124.1,46.3],[-124.1,46.4],[-124.1,46.6],[-124.1,46.7],[-124.1,46.6],[-124.0,46.6],[-124.0,46.5],[-124.0,46.4],[-123.9,46.4],[-123.8,46.4],[-123.9,46.4],[-123.9,46.5],[-123.9,46.6],[-124.0,46.6],[-123.9,46.6],[-123.9,46.7],[-123.8,46.7],[-123.9,46.7],[-124.0,46.7],[-124.1,46.7],[-124.1,46.8],[-124.1,46.9],[-124.1,46.8],[-124.0,46.8],[-124.0,46.9],[-124.1,46.9],[-124.0,46.9],[-123.9,46.9],[-123.8,47.0],[-123.9,47.0],[-124.0,47.0],[-123.9,47.0],[-124.0,47.0],[-124.1,47.0],[-124.1,46.9],[-124.2,46.9],[-124.2,47.0],[-124.2,47.1],[-124.2,47.2],[-124.2,47.3],[-124.3,47.3],[-124.3,47.4],[-124.3,47.5],[-124.4,47.5],[-124.4,47.6],[-124.4,47.7],[-124.4,47.8],[-124.5,47.8],[-124.6,47.9],[-124.7,48.0],[-124.7,48.1],[-124.7,48.2],[-124.7,48.3],[-124.7,48.4],[-124.6,48.4],[-124.5,48.3],[-124.4,48.3],[-124.3,48.3],[-124.2,48.3],[-124.2,48.2],[-124.1,48.2],[-124.0,48.2],[-123.9,48.2],[-123.8,48.2],[-123.7,48.2],[-123.6,48.2],[-123.6,48.1],[-123.6,48.2],[-123.5,48.1],[-123.4,48.1],[-123.5,48.1],[-123.4,48.1],[-123.3,48.1],[-123.2,48.1],[-123.2,48.2],[-123.1,48.2],[-123.2,48.2],[-123.1,48.2],[-123.1,48.1],[-123.0,48.1],[-123.0,48.0],[-123.0,48.1],[-122.9,48.1],[-122.9,48.0],[-122.8,48.0],[-122.9,48.1],[-122.8,48.1],[-122.8,48.0],[-122.7,48.0],[-122.7,47.9],[-122.6,47.9],[-122.7,47.9],[-122.7,47.8],[-122.8,47.8],[-122.8,47.7],[-122.8,47.8],[-122.9,47.8],[-122.8,47.7],[-122.9,47.7],[-122.9,47.6],[-123.0,47.6],[-123.0,47.5],[-123.1,47.5],[-123.1,47.4],[-123.2,47.4],[-123.1,47.3],[-122.9,47.4],[-122.8,47.4],[-122.9,47.4],[-123.0,47.4],[-123.1,47.4],[-123.1,47.5],[-123.0,47.5],[-122.9,47.6],[-122.8,47.7],[-122.7,47.7],[-122.6,47.8],[-122.6,47.9],[-122.6,47.8],[-122.6,47.9],[-122.5,47.9],[-122.5,47.8],[-122.5,47.7],[-122.6,47.7],[-122.7,47.7],[-122.6,47.7],[-122.6,47.6],[-122.7,47.7],[-122.7,47.6],[-122.6,47.6],[-122.7,47.6],[-122.7,47.5],[-122.6,47.5],[-122.6,47.6],[-122.5,47.6],[-122.5,47.5],[-122.5,47.4],[-122.6,47.4],[-122.5,47.4],[-122.6,47.3],[-122.7,47.3],[-122.6,47.4],[-122.7,47.4],[-122.7,47.3],[-122.8,47.3],[-122.7,47.3],[-122.7,47.2],[-122.8,47.2],[-122.7,47.2],[-122.8,47.2],[-122.8,47.3],[-122.8,47.4],[-122.8,47.3],[-122.9,47.3],[-122.9,47.2],[-123.0,47.2],[-123.1,47.1],[-123.0,47.1],[-123.1,47.1],[-123.0,47.1],[-123.0,47.2],[-122.9,47.2],[-123.0,47.1],[-122.9,47.1],[-122.9,47.0],[-122.9,47.1],[-122.9,47.2],[-122.8,47.2],[-122.8,47.1],[-122.9,47.1],[-122.8,47.1],[-122.8,47.2],[-122.8,47.1],[-122.7,47.1],[-122.6,47.2],[-122.5,47.3],[-122.4,47.3],[-122.3,47.3],[-122.3,47.4],[-122.4,47.4],[-122.4,47.5],[-122.4,47.6],[-122.3,47.6],[-122.4,47.6],[-122.4,47.7],[-122.4,47.8],[-122.4,47.9],[-122.3,47.9],[-122.3,48.0],[-122.2,48.0],[-122.3,48.1],[-122.4,48.1],[-122.4,48.2],[-122.5,48.2],[-122.5,48.1],[-122.4,48.1],[-122.3,48.1],[-122.4,48.1],[-122.5,48.1],[-122.5,48.2],[-122.5,48.3],[-122.4,48.3],[-122.4,48.2],[-122.4,48.3],[-122.5,48.3],[-122.5,48.4],[-122.6,48.4],[-122.7,48.4],[-122.7,48.5],[-122.6,48.5],[-122.5,48.5],[-122.5,48.6],[-122.6,48.6],[-122.5,48.6],[-122.4,48.6],[-122.5,48.6],[-122.5,48.7],[-122.5,48.8],[-122.6,48.8],[-122.6,48.7],[-122.7,48.7],[-122.7,48.8],[-122.6,48.8],[-122.7,48.8],[-122.8,48.9],[-122.7,48.9],[-122.8,48.9],[-122.8,49.0],[-122.7,49.0],[-122.8,49.0]]],[[[-141.0,69.7],[-141.0,69.5],[-141.0,69.4],[-141.0,69.2],[-141.0,69.1],[-141.0,68.9],[-141.0,68.8],[-141.0,68.6],[-141.0,68.5],[-141.0,68.3],[-141.0,68.2],[-141.0,68.0],[-141.0,67.9],[-141.0,67.8],[-141.0,67.6],[-141.0,67.5],[-141.0,67.3],[-141.0,67.2],[-141.0,67.0],[-141.0,66.9],[-141.0,66.7],[-141.0,66.6],[-141.0,66.4],[-141.0,66.3],[-141.0,66.2],[-141.0,66.0],[-141.0,65.9],[-141.0,65.7],[-141.0,65.6],[-141.0,65.4],[-141.0,65.3],[-141.0,65.1],[-141.0,65.0],[-141.0,64.8],[-141.0,64.7],[-141.0,64.5],[-141.0,64.4],[-141.0,64.3],[-141.0,64.1],[-141.0,64.0],[-141.0,63.8],[-141.0,63.7],[-141.0,63.5],[-141.0,63.4],[-141.0,63.2],[-141.0,63.1],[-141.0,62.9],[-141.0,62.8],[-141.0,62.7],[-141.0,62.5],[-141.0,62.4],[-141.0,62.2],[-141.0,62.1],[-141.0,61.9],[-141.0,61.8],[-141.0,61.6],[-141.0,61.5],[-141.0,61.3],[-141.0,61.2],[-141.0,61.0],[-141.0,60.9],[-141.0,60.8],[-141.0,60.6],[-141.0,60.5],[-141.0,60.3],[-140.9,60.3],[-140.8,60.3],[-140.7,60.2],[-140.5,60.2],[-140.5,60.3],[-140.4,60.3],[-140.3,60.3],[-140.2,60.2],[-140.0,60.2],[-139.9,60.2],[-139.8,60.3],[-139.7,60.3],[-139.6,60.3],[-139.5,60.3],[-139.4,60.3],[-139.3,60.3],[-139.1,60.3],[-139.1,60.2],[-139.2,60.1],[-139.1,60.0],[-139.0,60.0],[-138.8,59.9],[-138.7,59.9],[-138.7,59.8],[-138.6,59.8],[-138.5,59.7],[-138.4,59.6],[-138.2,59.6],[-138.1,59.5],[-137.9,59.4],[-137.8,59.3],[-137.6,59.2],[-137.5,59.1],[-137.5,59.0],[-137.5,58.9],[-137.4,58.9],[-137.3,59.0],[-137.2,59.0],[-137.1,59.1],[-137.0,59.1],[-136.9,59.1],[-136.8,59.1],[-136.8,59.2],[-136.7,59.2],[-136.6,59.2],[-136.5,59.3],[-136.5,59.4],[-136.5,59.5],[-136.4,59.5],[-136.4,59.4],[-136.3,59.5],[-136.2,59.5],[-136.3,59.6],[-136.4,59.6],[-136.3,59.6],[-136.1,59.6],[-136.0,59.7],[-135.9,59.7],[-135.8,59.7],[-135.6,59.7],[-135.5,59.8],[-135.4,59.8],[-135.3,59.7],[-135.2,59.7],[-135.2,59.6],[-135.1,59.6],[-135.0,59.6],[-135.0,59.5],[-135.1,59.4],[-135.0,59.4],[-135.0,59.3],[-134.9,59.3],[-134.8,59.3],[-134.7,59.2],[-134.6,59.1],[-134.5,59.1],[-134.4,59.1],[-134.4,59.0],[-134.3,59.0],[-134.3,58.9],[-134.2,58.8],[-134.1,58.8],[-134.0,58.8],[-133.9,58.7],[-133.8,58.7],[-133.7,58.6],[-133.6,58.5],[-133.5,58.5],[-133.4,58.4],[-133.4,58.3],[-133.3,58.2],[-133.2,58.1],[-133.1,58.1],[-133.1,58.0],[-133.0,57.9],[-132.9,57.9],[-132.8,57.8],[-132.7,57.7],[-132.6,57.6],[-132.6,57.5],[-132.5,57.4],[-132.4,57.3],[-132.3,57.3],[-132.2,57.2],[-132.3,57.1],[-132.2,57.1],[-132.0,57.0],[-132.1,56.9],[-131.9,56.8],[-131.9,56.7],[-131.8,56.7],[-131.8,56.6],[-131.7,56.6],[-131.6,56.6],[-131.5,56.6],[-131.3,56.5],[-131.2,56.5],[-131.1,56.4],[-131.0,56.4],[-130.8,56.4],[-130.8,56.3],[-130.6,56.3],[-130.6,56.2],[-130.5,56.2],[-130.4,56.1],[-130.3,56.1],[-130.2,56.1],[-130.1,56.1],[-130.0,56.0],[-130.0,55.9],[-130.1,55.8],[-130.2,55.8],[-130.2,55.7],[-130.1,55.7],[-130.1,55.6],[-130.2,55.6],[-130.1,55.6],[-130.1,55.5],[-130.1,55.4],[-130.1,55.3],[-130.0,55.3],[-130.1,55.3],[-130.1,55.2],[-130.2,55.2],[-130.2,55.1],[-130.2,55.0],[-130.3,55.0],[-130.3,54.9],[-130.4,54.9],[-130.5,54.8],[-130.6,54.8],[-130.6,54.9],[-130.6,54.8],[-130.7,54.8],[-130.7,54.9],[-130.7,55.0],[-130.8,55.0],[-130.8,54.9],[-130.7,54.9],[-130.7,54.8],[-130.8,54.8],[-130.9,54.8],[-130.9,54.9],[-131.0,54.9],[-130.9,54.9],[-130.9,55.0],[-131.0,55.0],[-131.0,55.1],[-130.9,55.1],[-130.8,55.1],[-130.7,55.1],[-130.6,55.2],[-130.5,55.3],[-130.6,55.3],[-130.6,55.2],[-130.7,55.2],[-130.8,55.1],[-130.9,55.1],[-131.0,55.1],[-131.1,55.1],[-131.1,55.2],[-131.0,55.2],[-131.0,55.3],[-130.9,55.3],[-130.6,55.3],[-130.7,55.3],[-130.6,55.3],[-130.7,55.4],[-130.7,55.3],[-130.8,55.3],[-130.9,55.3],[-130.9,55.5],[-130.9,55.6],[-130.9,55.7],[-130.9,55.8],[-131.0,55.8],[-130.9,55.8],[-131.0,55.8],[-131.1,55.9],[-131.2,55.9],[-131.2,56.0],[-131.1,56.0],[-131.0,56.1],[-131.1,56.1],[-131.0,56.1],[-131.1,56.1],[-131.1,56.0],[-131.2,56.0],[-131.3,56.0],[-131.4,56.0],[-131.5,56.0],[-131.6,55.9],[-131.7,55.9],[-131.8,55.9],[-131.9,55.9],[-131.8,55.8],[-131.8,55.7],[-131.9,55.7],[-131.8,55.7],[-131.8,55.6],[-131.9,55.6],[-132.0,55.7],[-132.0,55.6],[-131.9,55.6],[-131.9,55.5],[-132.0,55.5],[-132.1,55.6],[-132.2,55.6],[-132.2,55.7],[-132.3,55.7],[-132.3,55.8],[-132.2,55.8],[-132.2,55.7],[-132.2,55.8],[-132.1,55.8],[-132.0,55.8],[-132.1,55.8],[-132.1,55.9],[-132.0,55.9],[-132.1,55.9],[-132.0,56.0],[-131.9,56.0],[-132.0,56.0],[-131.9,56.0],[-132.0,56.1],[-132.0,56.2],[-131.9,56.2],[-131.8,56.2],[-131.7,56.2],[-131.6,56.2],[-131.5,56.2],[-131.6,56.2],[-131.7,56.2],[-131.9,56.2],[-132.0,56.3],[-132.0,56.4],[-132.1,56.4],[-132.2,56.4],[-132.2,56.5],[-132.3,56.5],[-132.4,56.6],[-132.3,56.6],[-132.4,56.6],[-132.5,56.6],[-132.6,56.6],[-132.5,56.7],[-132.5,56.8],[-132.4,56.8],[-132.5,56.8],[-132.7,56.8],[-132.8,56.8],[-132.8,56.9],[-132.9,56.9],[-132.9,57.0],[-132.8,57.0],[-132.8,57.1],[-132.9,57.0],[-133.0,57.0],[-133.0,57.1],[-133.1,57.1],[-133.2,57.1],[-133.1,57.1],[-133.1,57.2],[-133.2,57.2],[-133.2,57.1],[-133.2,57.2],[-133.3,57.1],[-133.4,57.1],[-133.5,57.2],[-133.6,57.2],[-133.5,57.2],[-133.5,57.3],[-133.4,57.3],[-133.3,57.3],[-133.2,57.3],[-133.1,57.3],[-133.0,57.3],[-133.0,57.4],[-133.1,57.4],[-133.1,57.3],[-133.2,57.3],[-133.3,57.3],[-133.4,57.3],[-133.4,57.4],[-133.5,57.4],[-133.4,57.4],[-133.3,57.4],[-133.4,57.4],[-133.5,57.4],[-133.5,57.5],[-133.5,57.6],[-133.4,57.6],[-133.3,57.6],[-133.4,57.6],[-133.5,57.6],[-133.6,57.6],[-133.7,57.6],[-133.6,57.7],[-133.5,57.7],[-133.4,57.7],[-133.2,57.6],[-133.1,57.6],[-133.1,57.5],[-133.0,57.5],[-133.1,57.5],[-133.1,57.6],[-133.2,57.6],[-133.3,57.7],[-133.4,57.7],[-133.5,57.7],[-133.5,57.8],[-133.6,57.8],[-133.6,57.9],[-133.5,57.9],[-133.4,57.9],[-133.3,57.9],[-133.2,57.9],[-133.1,57.9],[-133.2,57.9],[-133.6,57.9],[-133.6,57.8],[-133.7,57.8],[-133.8,57.9],[-133.9,58.0],[-133.8,58.0],[-133.7,58.0],[-133.7,57.9],[-133.7,58.0],[-133.8,58.0],[-133.8,58.1],[-133.7,58.1],[-133.7,58.2],[-133.7,58.1],[-133.8,58.1],[-133.7,58.1],[-133.8,58.0],[-133.9,58.0],[-134.0,58.0],[-134.0,58.1],[-134.1,58.1],[-134.0,58.1],[-134.1,58.1],[-134.1,58.2],[-134.1,58.3],[-134.0,58.3],[-134.0,58.4],[-133.9,58.4],[-134.0,58.4],[-133.9,58.5],[-133.8,58.5],[-133.9,58.5],[-134.0,58.5],[-134.0,58.4],[-134.1,58.4],[-134.0,58.4],[-134.1,58.4],[-134.1,58.3],[-134.1,58.2],[-134.2,58.2],[-134.4,58.3],[-134.5,58.3],[-134.5,58.4],[-134.6,58.4],[-134.7,58.4],[-134.8,58.4],[-134.8,58.5],[-134.9,58.6],[-135.0,58.7],[-134.9,58.7],[-134.9,58.8],[-135.0,58.8],[-135.0,58.7],[-135.1,58.8],[-135.1,58.9],[-135.2,58.9],[-135.2,59.0],[-135.2,59.1],[-135.3,59.2],[-135.4,59.3],[-135.3,59.4],[-135.3,59.5],[-135.4,59.5],[-135.4,59.4],[-135.4,59.3],[-135.5,59.3],[-135.6,59.3],[-135.5,59.3],[-135.4,59.3],[-135.4,59.2],[-135.3,59.2],[-135.3,59.1],[-135.4,59.1],[-135.4,59.2],[-135.5,59.2],[-135.6,59.2],[-135.5,59.2],[-135.5,59.1],[-135.4,59.1],[-135.4,59.0],[-135.4,58.9],[-135.3,58.9],[-135.3,58.8],[-135.2,58.8],[-135.2,58.7],[-135.2,58.6],[-135.2,58.5],[-135.1,58.5],[-135.1,58.4],[-135.1,58.3],[-135.1,58.2],[-135.2,58.2],[-135.3,58.3],[-135.4,58.3],[-135.4,58.4],[-135.5,58.4],[-135.5,58.5],[-135.5,58.4],[-135.6,58.4],[-135.7,58.4],[-135.9,58.4],[-135.9,58.5],[-136.0,58.5],[-135.9,58.5],[-135.8,58.5],[-135.9,58.5],[-135.8,58.5],[-135.9,58.6],[-135.8,58.6],[-135.9,58.6],[-135.9,58.7],[-136.0,58.7],[-136.0,58.8],[-136.1,58.8],[-136.0,58.9],[-135.9,58.9],[-135.8,58.9],[-135.9,58.9],[-136.0,58.9],[-135.9,58.9],[-136.0,58.9],[-136.1,58.9],[-136.0,58.9],[-136.1,58.9],[-136.1,59.0],[-136.2,59.0],[-136.1,59.0],[-136.2,58.9],[-136.1,58.9],[-136.1,58.8],[-136.2,58.8],[-136.3,58.8],[-136.4,58.8],[-136.3,58.8],[-136.4,58.8],[-136.5,58.8],[-136.5,58.9],[-136.5,59.0],[-136.6,58.9],[-136.6,59.0],[-136.7,59.0],[-136.6,58.9],[-136.7,58.9],[-136.8,58.9],[-136.8,59.0],[-136.9,59.0],[-137.0,59.1],[-137.1,59.1],[-137.1,59.0],[-137.0,59.0],[-136.9,59.0],[-136.9,58.9],[-137.0,58.9],[-137.1,58.9],[-137.1,58.8],[-137.1,58.9],[-137.0,58.9],[-136.9,58.9],[-136.8,58.9],[-136.8,58.8],[-136.8,58.9],[-136.7,58.9],[-136.7,58.8],[-136.6,58.8],[-136.5,58.8],[-136.6,58.8],[-136.5,58.8],[-136.5,58.7],[-136.4,58.7],[-136.5,58.7],[-136.4,58.7],[-136.3,58.7],[-136.4,58.7],[-136.5,58.6],[-136.4,58.6],[-136.3,58.6],[-136.4,58.6],[-136.3,58.6],[-136.3,58.7],[-136.2,58.6],[-136.1,58.6],[-136.2,58.5],[-136.1,58.5],[-136.1,58.4],[-136.0,58.4],[-136.1,58.4],[-136.1,58.3],[-136.2,58.3],[-136.3,58.3],[-136.3,58.4],[-136.4,58.4],[-136.5,58.4],[-136.6,58.4],[-136.5,58.4],[-136.5,58.3],[-136.5,58.4],[-136.4,58.4],[-136.4,58.3],[-136.5,58.3],[-136.6,58.3],[-136.6,58.4],[-136.7,58.3],[-136.6,58.3],[-136.6,58.2],[-136.7,58.2],[-136.7,58.3],[-136.8,58.3],[-136.8,58.4],[-136.9,58.4],[-136.9,58.3],[-136.9,58.4],[-137.0,58.4],[-137.1,58.4],[-137.2,58.4],[-137.3,58.5],[-137.4,58.5],[-137.5,58.6],[-137.6,58.6],[-137.5,58.6],[-137.5,58.7],[-137.4,58.7],[-137.5,58.7],[-137.6,58.7],[-137.6,58.6],[-137.7,58.6],[-137.7,58.7],[-137.9,58.8],[-137.9,58.9],[-138.0,58.9],[-138.2,59.0],[-138.3,59.0],[-138.3,59.1],[-138.4,59.1],[-138.6,59.1],[-138.5,59.1],[-138.5,59.2],[-138.4,59.2],[-138.6,59.2],[-138.7,59.2],[-138.6,59.2],[-138.6,59.1],[-138.7,59.2],[-138.8,59.2],[-139.0,59.3],[-139.2,59.3],[-139.1,59.3],[-139.2,59.3],[-139.2,59.4],[-139.3,59.4],[-139.4,59.4],[-139.5,59.4],[-139.4,59.4],[-139.3,59.4],[-139.4,59.4],[-139.5,59.4],[-139.6,59.5],[-139.9,59.5],[-139.8,59.6],[-139.8,59.5],[-139.7,59.6],[-139.6,59.6],[-139.5,59.7],[-139.5,59.8],[-139.6,59.8],[-139.6,59.9],[-139.5,59.9],[-139.5,60.0],[-139.4,60.0],[-139.4,59.9],[-139.3,59.9],[-139.3,59.8],[-139.3,59.7],[-139.3,59.6],[-139.2,59.6],[-139.3,59.7],[-139.3,59.8],[-139.2,59.9],[-139.0,59.8],[-138.9,59.8],[-139.0,59.9],[-139.2,59.9],[-139.3,59.9],[-139.4,59.9],[-139.4,60.0],[-139.5,60.0],[-139.5,60.1],[-139.5,60.0],[-139.6,60.0],[-139.6,59.9],[-139.7,59.9],[-139.8,59.9],[-139.8,59.8],[-140.0,59.8],[-140.1,59.7],[-140.3,59.7],[-140.5,59.7],[-140.6,59.7],[-140.7,59.7],[-140.8,59.7],[-140.9,59.7],[-141.0,59.8],[-141.1,59.8],[-141.3,59.8],[-141.4,59.9],[-141.5,59.9],[-141.4,59.9],[-141.5,59.9],[-141.4,59.9],[-141.3,59.9],[-141.3,60.0],[-141.3,60.1],[-141.4,60.1],[-141.5,60.1],[-141.4,60.1],[-141.4,60.0],[-141.5,60.0],[-141.6,60.0],[-141.7,60.0],[-141.9,60.0],[-142.0,60.0],[-142.1,60.0],[-142.2,60.1],[-142.4,60.1],[-142.5,60.1],[-142.6,60.1],[-142.8,60.1],[-143.0,60.1],[-143.2,60.1],[-143.5,60.1],[-143.6,60.0],[-143.7,60.0],[-143.9,60.0],[-144.0,60.0],[-144.1,60.0],[-144.2,60.0],[-144.1,60.0],[-144.0,60.0],[-144.0,60.1],[-144.1,60.1],[-144.2,60.1],[-144.3,60.2],[-144.2,60.2],[-144.3,60.2],[-144.4,60.2],[-144.5,60.2],[-144.6,60.2],[-144.7,60.2],[-144.6,60.2],[-144.7,60.2],[-144.7,60.3],[-144.8,60.3],[-144.9,60.3],[-144.9,60.4],[-144.8,60.4],[-144.9,60.4],[-144.8,60.4],[-144.8,60.5],[-144.9,60.5],[-144.8,60.5],[-144.8,60.6],[-144.8,60.7],[-144.7,60.7],[-144.6,60.7],[-144.7,60.7],[-144.8,60.7],[-144.8,60.6],[-144.9,60.6],[-145.0,60.5],[-145.1,60.5],[-145.1,60.4],[-145.2,60.4],[-145.3,60.4],[-145.4,60.4],[-145.5,60.4],[-145.6,60.4],[-145.6,60.5],[-145.7,60.5],[-145.8,60.5],[-145.9,60.4],[-145.9,60.5],[-145.8,60.5],[-145.7,60.6],[-145.6,60.6],[-145.6,60.7],[-145.7,60.7],[-145.8,60.6],[-145.9,60.6],[-145.8,60.6],[-145.8,60.7],[-145.9,60.7],[-145.8,60.7],[-145.9,60.7],[-145.9,60.6],[-146.0,60.6],[-146.0,60.7],[-145.9,60.7],[-146.0,60.7],[-146.2,60.6],[-146.3,60.6],[-146.3,60.7],[-146.2,60.7],[-146.1,60.7],[-146.1,60.8],[-146.0,60.7],[-146.0,60.8],[-146.1,60.8],[-146.1,60.7],[-146.2,60.7],[-146.2,60.8],[-146.2,60.7],[-146.3,60.7],[-146.3,60.8],[-146.4,60.7],[-146.5,60.7],[-146.6,60.7],[-146.7,60.7],[-146.7,60.8],[-146.7,60.7],[-146.6,60.7],[-146.6,60.8],[-146.5,60.8],[-146.5,60.7],[-146.5,60.8],[-146.4,60.8],[-146.3,60.8],[-146.2,60.8],[-146.2,60.9],[-146.1,60.8],[-146.2,60.9],[-146.3,60.9],[-146.3,60.8],[-146.4,60.8],[-146.5,60.8],[-146.6,60.8],[-146.6,60.9],[-146.6,60.8],[-146.6,60.9],[-146.7,60.9],[-146.8,61.0],[-146.7,61.0],[-146.7,60.9],[-146.6,60.9],[-146.6,61.0],[-146.7,61.0],[-146.6,61.0],[-146.6,61.1],[-146.3,61.1],[-146.2,61.1],[-146.3,61.1],[-146.4,61.1],[-146.5,61.1],[-146.6,61.1],[-146.7,61.1],[-146.8,61.0],[-146.9,61.0],[-146.9,60.9],[-147.0,60.9],[-147.0,61.0],[-147.1,61.0],[-147.0,61.0],[-147.1,61.0],[-147.2,61.0],[-147.1,61.0],[-147.2,61.0],[-147.3,61.0],[-147.3,60.9],[-147.4,60.9],[-147.4,61.0],[-147.5,61.0],[-147.4,61.0],[-147.5,61.0],[-147.5,60.9],[-147.5,61.0],[-147.5,61.1],[-147.5,61.2],[-147.6,61.2],[-147.6,61.1],[-147.6,61.0],[-147.7,61.0],[-147.6,61.0],[-147.6,60.9],[-147.7,60.9],[-147.7,61.0],[-147.7,60.9],[-147.8,60.9],[-147.8,60.8],[-147.9,60.8],[-147.9,60.9],[-148.0,60.9],[-148.1,61.0],[-148.0,61.0],[-147.9,61.0],[-147.9,61.1],[-147.8,61.1],[-147.8,61.2],[-147.7,61.2],[-147.8,61.2],[-147.7,61.3],[-147.8,61.3],[-147.8,61.2],[-147.9,61.2],[-148.0,61.1],[-148.0,61.0],[-148.1,61.0],[-148.1,61.1],[-148.2,61.1],[-148.3,61.1],[-148.4,61.1],[-148.4,61.0],[-148.3,61.0],[-148.3,61.1],[-148.2,61.1],[-148.1,61.1],[-148.2,61.1],[-148.2,61.0],[-148.3,61.0],[-148.3,60.9],[-148.3,60.8],[-148.3,60.9],[-148.4,60.9],[-148.3,60.8],[-148.4,60.8],[-148.5,60.8],[-148.6,60.8],[-148.7,60.8],[-148.6,60.8],[-148.5,60.8],[-148.4,60.8],[-148.5,60.8],[-148.6,60.8],[-148.7,60.7],[-148.6,60.7],[-148.5,60.8],[-148.4,60.8],[-148.4,60.7],[-148.4,60.6],[-148.4,60.7],[-148.3,60.7],[-148.3,60.8],[-148.2,60.8],[-148.3,60.7],[-148.2,60.7],[-148.2,60.6],[-148.3,60.5],[-148.4,60.5],[-148.4,60.6],[-148.5,60.6],[-148.6,60.5],[-148.7,60.5],[-148.6,60.5],[-148.5,60.5],[-148.4,60.5],[-148.3,60.5],[-148.4,60.5],[-148.3,60.5],[-148.2,60.5],[-148.2,60.6],[-148.2,60.5],[-148.1,60.6],[-148.0,60.6],[-148.1,60.5],[-148.0,60.6],[-148.0,60.5],[-147.9,60.5],[-147.9,60.4],[-148.0,60.4],[-148.1,60.4],[-148.2,60.4],[-148.1,60.4],[-148.2,60.4],[-148.3,60.4],[-148.3,60.3],[-148.2,60.3],[-148.2,60.4],[-148.2,60.3],[-148.3,60.3],[-148.4,60.3],[-148.4,60.2],[-148.3,60.2],[-148.3,60.3],[-148.2,60.3],[-148.2,60.2],[-148.3,60.2],[-148.2,60.2],[-148.1,60.2],[-148.2,60.1],[-148.3,60.1],[-148.3,60.2],[-148.4,60.1],[-148.4,60.0],[-148.5,60.0],[-148.6,60.0],[-148.5,60.0],[-148.6,60.0],[-148.6,59.9],[-148.7,59.9],[-148.6,60.0],[-148.7,60.0],[-148.8,60.0],[-148.8,59.9],[-148.9,59.9],[-148.9,60.0],[-149.0,60.0],[-149.1,60.0],[-149.0,60.1],[-149.1,60.1],[-149.1,60.0],[-149.2,60.0],[-149.2,59.9],[-149.3,59.9],[-149.3,60.0],[-149.4,60.1],[-149.4,60.0],[-149.5,59.9],[-149.6,59.9],[-149.6,59.8],[-149.5,59.8],[-149.5,59.7],[-149.6,59.7],[-149.6,59.8],[-149.7,59.8],[-149.6,59.9],[-149.7,59.9],[-149.7,60.0],[-149.7,59.9],[-149.8,59.8],[-149.8,59.9],[-149.9,59.8],[-149.8,59.8],[-149.8,59.7],[-149.7,59.7],[-149.8,59.7],[-149.9,59.7],[-149.9,59.8],[-150.0,59.8],[-150.0,59.7],[-149.9,59.7],[-150.0,59.7],[-150.0,59.6],[-150.1,59.7],[-150.1,59.6],[-150.2,59.6],[-150.2,59.5],[-150.3,59.5],[-150.2,59.5],[-150.3,59.5],[-150.4,59.5],[-150.3,59.5],[-150.4,59.5],[-150.3,59.6],[-150.3,59.7],[-150.2,59.7],[-150.3,59.7],[-150.4,59.6],[-150.4,59.5],[-150.5,59.5],[-150.6,59.5],[-150.5,59.6],[-150.6,59.6],[-150.7,59.6],[-150.7,59.5],[-150.6,59.5],[-150.6,59.4],[-150.7,59.4],[-150.8,59.4],[-150.8,59.3],[-150.9,59.3],[-150.9,59.2],[-151.0,59.2],[-151.0,59.3],[-151.1,59.3],[-151.2,59.3],[-151.3,59.3],[-151.2,59.3],[-151.1,59.3],[-151.1,59.2],[-151.2,59.2],[-151.3,59.2],[-151.4,59.2],[-151.4,59.3],[-151.5,59.2],[-151.6,59.2],[-151.7,59.2],[-151.8,59.2],[-151.9,59.2],[-151.9,59.3],[-152.0,59.3],[-151.9,59.4],[-151.8,59.4],[-151.9,59.4],[-151.8,59.4],[-151.7,59.4],[-151.7,59.5],[-151.5,59.5],[-151.4,59.5],[-151.4,59.4],[-151.4,59.5],[-151.5,59.5],[-151.4,59.5],[-151.4,59.6],[-151.3,59.6],[-151.2,59.6],[-151.2,59.7],[-151.1,59.7],[-151.0,59.8],[-151.1,59.8],[-151.2,59.8],[-151.2,59.7],[-151.4,59.7],[-151.5,59.6],[-151.4,59.6],[-151.7,59.7],[-151.8,59.7],[-151.9,59.7],[-151.9,59.8],[-151.8,59.8],[-151.8,59.9],[-151.7,60.0],[-151.5,60.2],[-151.4,60.2],[-151.4,60.3],[-151.4,60.4],[-151.3,60.4],[-151.3,60.5],[-151.3,60.6],[-151.4,60.6],[-151.4,60.7],[-151.3,60.7],[-151.3,60.8],[-151.1,60.8],[-151.0,60.8],[-150.8,60.9],[-150.6,61.0],[-150.5,61.0],[-150.4,61.0],[-150.3,61.0],[-150.2,60.9],[-150.0,60.9],[-149.9,60.9],[-149.9,61.0],[-149.8,61.0],[-149.7,61.0],[-149.6,60.9],[-149.5,60.9],[-149.1,60.9],[-149.0,60.9],[-149.1,60.9],[-149.2,60.9],[-149.2,61.0],[-149.3,60.9],[-149.4,60.9],[-149.5,61.0],[-149.6,61.0],[-149.8,61.0],[-149.8,61.1],[-149.9,61.1],[-150.1,61.2],[-150.0,61.2],[-149.9,61.2],[-149.9,61.3],[-149.8,61.3],[-149.7,61.4],[-149.3,61.5],[-149.2,61.5],[-149.3,61.5],[-149.4,61.5],[-149.6,61.5],[-149.8,61.5],[-149.8,61.4],[-149.9,61.4],[-149.9,61.3],[-150.0,61.3],[-150.0,61.2],[-150.3,61.3],[-150.5,61.3],[-150.6,61.3],[-150.5,61.4],[-150.6,61.4],[-150.6,61.3],[-150.7,61.3],[-150.9,61.2],[-151.0,61.2],[-151.1,61.2],[-151.1,61.1],[-151.2,61.1],[-151.2,61.0],[-151.3,61.0],[-151.4,61.0],[-151.5,61.0],[-151.6,61.0],[-151.7,60.9],[-151.8,60.9],[-151.8,60.8],[-151.7,60.7],[-151.8,60.7],[-151.8,60.8],[-151.9,60.8],[-151.9,60.7],[-152.0,60.7],[-152.1,60.7],[-152.1,60.6],[-152.2,60.6],[-152.3,60.5],[-152.3,60.4],[-152.2,60.4],[-152.4,60.4],[-152.4,60.3],[-152.5,60.3],[-152.6,60.2],[-152.7,60.2],[-152.8,60.2],[-152.8,60.3],[-152.9,60.3],[-153.0,60.3],[-153.1,60.3],[-153.0,60.3],[-152.9,60.3],[-152.9,60.2],[-152.8,60.2],[-152.7,60.2],[-152.7,60.1],[-152.6,60.1],[-152.6,60.0],[-152.7,60.0],[-152.7,59.9],[-152.8,59.9],[-152.9,59.9],[-153.0,59.9],[-153.1,59.9],[-153.2,59.9],[-153.3,59.8],[-153.2,59.8],[-153.1,59.8],[-153.0,59.8],[-153.0,59.7],[-153.1,59.7],[-153.2,59.7],[-153.2,59.6],[-153.3,59.6],[-153.3,59.7],[-153.3,59.6],[-153.4,59.6],[-153.4,59.7],[-153.4,59.6],[-153.4,59.7],[-153.3,59.7],[-153.4,59.7],[-153.5,59.8],[-153.5,59.7],[-153.4,59.7],[-153.5,59.7],[-153.5,59.6],[-153.6,59.6],[-153.6,59.7],[-153.6,59.6],[-153.7,59.6],[-153.6,59.6],[-153.8,59.5],[-153.8,59.6],[-153.9,59.6],[-153.9,59.5],[-153.8,59.5],[-153.7,59.5],[-153.8,59.4],[-153.9,59.4],[-154.0,59.4],[-154.1,59.4],[-154.1,59.3],[-154.0,59.4],[-154.0,59.3],[-154.1,59.3],[-154.1,59.2],[-154.2,59.2],[-154.3,59.1],[-154.2,59.1],[-154.2,59.0],[-154.1,59.0],[-154.1,59.1],[-154.0,59.1],[-153.9,59.1],[-153.8,59.1],[-153.7,59.1],[-153.7,59.0],[-153.6,59.0],[-153.5,59.0],[-153.4,59.0],[-153.4,58.9],[-153.3,58.9],[-153.4,58.9],[-153.3,58.9],[-153.3,58.8],[-153.3,58.9],[-153.4,58.8],[-153.4,58.7],[-153.5,58.7],[-153.6,58.7],[-153.6,58.6],[-153.7,58.6],[-153.8,58.6],[-153.9,58.6],[-153.9,58.5],[-154.0,58.5],[-153.9,58.5],[-154.0,58.5],[-154.1,58.5],[-154.1,58.4],[-154.0,58.4],[-154.1,58.4],[-154.2,58.4],[-154.2,58.3],[-154.3,58.3],[-154.4,58.3],[-154.3,58.3],[-154.2,58.3],[-154.1,58.3],[-154.2,58.3],[-154.2,58.2],[-154.3,58.2],[-154.2,58.2],[-154.2,58.1],[-154.3,58.1],[-154.3,58.2],[-154.3,58.1],[-154.4,58.1],[-154.4,58.2],[-154.5,58.2],[-154.5,58.1],[-154.6,58.1],[-154.5,58.1],[-154.6,58.1],[-154.6,58.0],[-154.6,58.1],[-154.7,58.1],[-154.7,58.0],[-154.8,58.0],[-154.9,58.0],[-155.0,58.0],[-155.1,58.0],[-155.1,57.9],[-155.3,57.9],[-155.2,57.9],[-155.2,57.8],[-155.3,57.8],[-155.4,57.8],[-155.3,57.8],[-155.3,57.7],[-155.4,57.7],[-155.5,57.8],[-155.6,57.8],[-155.6,57.7],[-155.7,57.6],[-155.8,57.6],[-155.7,57.6],[-155.8,57.5],[-155.8,57.6],[-155.9,57.6],[-155.9,57.5],[-156.0,57.5],[-156.0,57.6],[-156.0,57.5],[-156.1,57.5],[-156.0,57.5],[-156.1,57.4],[-156.2,57.5],[-156.2,57.4],[-156.3,57.4],[-156.5,57.3],[-156.6,57.3],[-156.5,57.3],[-156.4,57.3],[-156.3,57.3],[-156.4,57.3],[-156.4,57.2],[-156.3,57.2],[-156.4,57.2],[-156.4,57.1],[-156.5,57.1],[-156.5,57.0],[-156.6,57.0],[-156.6,57.1],[-156.6,57.0],[-156.5,57.0],[-156.6,57.0],[-156.7,57.0],[-156.8,57.1],[-156.8,57.0],[-156.8,56.9],[-156.9,57.0],[-157.0,57.0],[-156.9,57.0],[-156.9,56.9],[-157.0,56.9],[-156.9,56.9],[-157.0,56.9],[-157.1,56.9],[-157.1,56.8],[-157.2,56.9],[-157.2,56.8],[-157.1,56.8],[-157.2,56.8],[-157.3,56.8],[-157.4,56.9],[-157.5,56.8],[-157.4,56.8],[-157.5,56.8],[-157.6,56.7],[-157.5,56.7],[-157.5,56.6],[-157.6,56.6],[-157.7,56.6],[-157.8,56.7],[-157.9,56.7],[-157.9,56.6],[-158.0,56.6],[-158.1,56.6],[-158.1,56.5],[-158.0,56.6],[-157.9,56.6],[-157.8,56.6],[-157.8,56.5],[-157.9,56.5],[-158.0,56.5],[-158.1,56.5],[-158.2,56.5],[-158.1,56.5],[-158.2,56.5],[-158.3,56.5],[-158.4,56.5],[-158.4,56.4],[-158.5,56.4],[-158.5,56.3],[-158.6,56.3],[-158.5,56.2],[-158.5,56.3],[-158.6,56.3],[-158.5,56.3],[-158.4,56.3],[-158.3,56.3],[-158.2,56.3],[-158.3,56.2],[-158.4,56.2],[-158.3,56.2],[-158.2,56.2],[-158.1,56.2],[-158.2,56.2],[-158.3,56.2],[-158.4,56.2],[-158.4,56.1],[-158.4,56.2],[-158.4,56.1],[-158.5,56.1],[-158.5,56.0],[-158.5,56.1],[-158.4,56.0],[-158.5,56.0],[-158.6,56.0],[-158.5,56.1],[-158.6,56.0],[-158.6,56.1],[-158.5,56.1],[-158.5,56.2],[-158.6,56.2],[-158.6,56.1],[-158.7,56.1],[-158.7,56.2],[-158.7,56.1],[-158.7,56.0],[-158.6,56.0],[-158.7,56.0],[-158.8,56.0],[-158.7,56.0],[-158.8,56.0],[-158.9,56.0],[-158.9,55.9],[-159.0,55.9],[-159.1,55.9],[-159.2,55.9],[-159.3,55.9],[-159.4,55.9],[-159.4,55.8],[-159.5,55.8],[-159.5,55.9],[-159.6,55.9],[-159.5,55.8],[-159.5,55.7],[-159.6,55.7],[-159.5,55.7],[-159.6,55.7],[-159.6,55.6],[-159.7,55.6],[-159.8,55.6],[-159.7,55.6],[-159.6,55.6],[-159.7,55.7],[-159.6,55.7],[-159.7,55.7],[-159.7,55.8],[-159.6,55.8],[-159.7,55.8],[-159.8,55.9],[-159.9,55.8],[-160.0,55.8],[-160.1,55.8],[-160.0,55.7],[-160.1,55.7],[-160.2,55.7],[-160.1,55.7],[-160.2,55.7],[-160.3,55.7],[-160.3,55.6],[-160.4,55.7],[-160.4,55.6],[-160.5,55.6],[-160.4,55.6],[-160.5,55.5],[-160.6,55.5],[-160.6,55.6],[-160.7,55.6],[-160.7,55.5],[-160.8,55.5],[-160.7,55.5],[-160.8,55.4],[-160.8,55.5],[-160.9,55.5],[-161.0,55.5],[-161.0,55.4],[-161.1,55.4],[-161.3,55.4],[-161.4,55.4],[-161.5,55.4],[-161.5,55.5],[-161.4,55.5],[-161.4,55.6],[-161.3,55.6],[-161.3,55.5],[-161.2,55.5],[-161.1,55.5],[-161.2,55.5],[-161.2,55.6],[-161.3,55.6],[-161.4,55.6],[-161.6,55.6],[-161.7,55.6],[-161.7,55.5],[-161.7,55.4],[-161.8,55.3],[-161.9,55.2],[-162.0,55.2],[-161.9,55.2],[-162.0,55.2],[-162.0,55.1],[-162.1,55.1],[-162.1,55.2],[-162.2,55.1],[-162.2,55.0],[-162.3,55.0],[-162.3,55.1],[-162.4,55.0],[-162.5,55.0],[-162.5,55.1],[-162.4,55.1],[-162.5,55.2],[-162.6,55.3],[-162.7,55.3],[-162.7,55.2],[-162.6,55.2],[-162.6,55.1],[-162.6,55.0],[-162.7,55.0],[-162.6,55.0],[-162.6,55.1],[-162.7,55.1],[-162.7,55.0],[-162.8,54.9],[-162.9,54.9],[-162.9,55.0],[-163.0,55.0],[-162.9,55.0],[-163.0,55.0],[-163.0,55.1],[-163.1,55.1],[-163.2,55.1],[-163.1,55.1],[-163.2,55.1],[-163.2,55.0],[-163.1,55.0],[-163.0,54.9],[-163.1,54.9],[-163.2,54.9],[-163.2,54.8],[-163.3,54.8],[-163.4,54.8],[-163.4,54.9],[-163.3,54.9],[-163.3,55.0],[-163.3,54.9],[-163.3,55.0],[-163.2,55.0],[-163.3,55.0],[-163.3,55.1],[-163.1,55.2],[-163.0,55.2],[-163.1,55.2],[-163.0,55.2],[-162.9,55.2],[-162.8,55.2],[-162.9,55.2],[-162.9,55.3],[-162.8,55.3],[-162.7,55.3],[-162.7,55.4],[-162.6,55.4],[-162.6,55.3],[-162.5,55.4],[-162.6,55.4],[-162.5,55.5],[-162.2,55.7],[-162.1,55.7],[-162.1,55.8],[-161.9,55.8],[-161.8,55.9],[-161.7,55.9],[-161.6,55.9],[-161.5,55.9],[-161.5,56.0],[-161.4,56.0],[-161.2,56.0],[-161.3,56.0],[-161.4,56.0],[-161.2,56.0],[-161.2,55.9],[-161.1,56.0],[-161.1,55.9],[-161.0,55.9],[-161.0,56.0],[-160.9,56.0],[-160.9,55.9],[-161.0,55.9],[-160.9,55.9],[-161.0,55.8],[-160.9,55.8],[-160.8,55.7],[-160.8,55.8],[-160.7,55.7],[-160.7,55.8],[-160.8,55.8],[-160.8,55.9],[-160.7,55.9],[-160.5,55.9],[-160.5,55.8],[-160.4,55.8],[-160.3,55.8],[-160.2,55.8],[-160.3,55.8],[-160.2,55.8],[-160.3,55.9],[-160.5,55.9],[-160.6,55.9],[-160.5,56.0],[-160.6,56.0],[-160.5,56.0],[-160.5,56.1],[-160.5,56.2],[-160.4,56.2],[-160.4,56.3],[-160.2,56.3],[-160.2,56.4],[-160.0,56.4],[-159.9,56.5],[-159.8,56.5],[-159.7,56.6],[-159.5,56.6],[-159.6,56.6],[-159.5,56.6],[-159.3,56.7],[-159.2,56.7],[-159.3,56.7],[-159.2,56.8],[-159.1,56.8],[-159.0,56.8],[-158.9,56.9],[-159.0,56.9],[-159.0,56.8],[-158.9,56.8],[-158.8,56.8],[-158.7,56.8],[-158.6,56.8],[-158.7,56.8],[-158.7,56.9],[-158.7,57.0],[-158.7,57.1],[-158.6,57.1],[-158.3,57.3],[-158.2,57.4],[-158.1,57.4],[-158.0,57.4],[-158.0,57.5],[-157.9,57.5],[-157.8,57.6],[-157.7,57.6],[-157.7,57.5],[-157.5,57.5],[-157.4,57.5],[-157.4,57.6],[-157.5,57.6],[-157.4,57.5],[-157.5,57.5],[-157.6,57.5],[-157.6,57.6],[-157.7,57.6],[-157.7,57.7],[-157.7,57.8],[-157.6,57.9],[-157.6,58.0],[-157.6,58.1],[-157.6,58.2],[-157.5,58.2],[-157.4,58.2],[-157.2,58.2],[-157.1,58.2],[-157.2,58.2],[-157.3,58.2],[-157.4,58.2],[-157.5,58.2],[-157.5,58.3],[-157.6,58.3],[-157.6,58.4],[-157.5,58.5],[-157.4,58.5],[-157.3,58.6],[-157.1,58.7],[-157.0,58.7],[-156.9,58.7],[-157.0,58.7],[-157.1,58.7],[-157.1,58.8],[-157.0,58.8],[-157.0,58.9],[-157.0,59.0],[-156.9,59.0],[-156.9,59.1],[-156.8,59.1],[-156.8,59.2],[-156.9,59.1],[-156.9,59.0],[-157.0,59.0],[-157.1,58.9],[-157.3,58.8],[-157.4,58.8],[-157.5,58.8],[-157.6,58.7],[-157.7,58.7],[-157.8,58.7],[-158.0,58.6],[-158.2,58.6],[-158.3,58.6],[-158.3,58.7],[-158.4,58.7],[-158.4,58.8],[-158.5,58.8],[-158.6,58.8],[-158.5,58.9],[-158.5,59.0],[-158.4,59.0],[-158.5,59.0],[-158.4,59.0],[-158.2,59.0],[-158.1,59.0],[-158.1,58.9],[-158.0,58.9],[-158.1,58.9],[-158.0,58.9],[-158.1,59.0],[-158.2,59.0],[-158.3,59.1],[-158.4,59.1],[-158.5,59.1],[-158.5,59.2],[-158.5,59.1],[-158.5,59.0],[-158.6,59.0],[-158.6,58.9],[-158.7,58.9],[-158.8,58.9],[-158.7,58.9],[-158.8,58.9],[-158.8,59.0],[-158.7,59.0],[-158.8,59.0],[-158.8,58.9],[-158.8,58.8],[-158.8,58.7],[-158.9,58.7],[-158.9,58.8],[-158.8,58.8],[-158.9,58.8],[-158.9,58.7],[-158.8,58.6],[-158.8,58.5],[-158.7,58.5],[-158.8,58.4],[-158.9,58.4],[-159.0,58.4],[-159.1,58.4],[-159.0,58.4],[-159.0,58.5],[-159.1,58.5],[-159.2,58.5],[-159.2,58.6],[-159.3,58.7],[-159.4,58.8],[-159.5,58.8],[-159.6,58.8],[-159.7,58.8],[-159.6,58.9],[-159.7,58.9],[-159.8,58.9],[-159.7,58.9],[-159.8,58.8],[-159.9,58.8],[-160.0,58.8],[-160.0,58.9],[-160.1,58.9],[-160.2,58.9],[-160.3,58.9],[-160.3,59.0],[-160.3,58.9],[-160.3,59.0],[-160.3,59.1],[-160.4,59.1],[-160.4,59.0],[-160.5,59.0],[-160.7,58.9],[-160.8,58.9],[-160.8,58.8],[-160.8,58.9],[-160.9,58.9],[-161.0,58.9],[-161.0,58.8],[-161.1,58.8],[-161.2,58.8],[-161.3,58.8],[-161.3,58.7],[-161.4,58.7],[-161.3,58.7],[-161.4,58.7],[-161.5,58.6],[-161.6,58.6],[-161.7,58.6],[-161.8,58.6],[-161.7,58.6],[-161.8,58.6],[-161.9,58.6],[-162.0,58.6],[-162.1,58.6],[-162.2,58.6],[-162.1,58.7],[-162.0,58.7],[-161.9,58.7],[-162.0,58.7],[-161.9,58.7],[-161.9,58.6],[-161.9,58.7],[-161.8,58.7],[-161.9,58.7],[-161.8,58.7],[-161.8,58.8],[-161.7,58.8],[-161.8,58.8],[-161.8,58.9],[-161.8,59.0],[-161.9,59.0],[-161.8,59.0],[-161.7,59.0],[-161.7,59.1],[-161.6,59.1],[-161.7,59.1],[-161.8,59.1],[-161.9,59.1],[-161.8,59.1],[-161.9,59.1],[-162.0,59.1],[-162.0,59.2],[-162.1,59.3],[-162.0,59.3],[-162.0,59.2],[-162.0,59.3],[-162.0,59.4],[-161.9,59.4],[-161.8,59.4],[-161.8,59.5],[-161.7,59.5],[-161.9,59.6],[-161.9,59.7],[-162.0,59.8],[-162.1,59.9],[-162.1,60.0],[-162.2,60.0],[-162.2,60.1],[-162.2,60.2],[-162.3,60.2],[-162.2,60.2],[-162.1,60.2],[-162.2,60.3],[-162.2,60.2],[-162.3,60.2],[-162.2,60.2],[-162.2,60.1],[-162.3,60.1],[-162.4,60.2],[-162.3,60.2],[-162.4,60.2],[-162.4,60.3],[-162.5,60.3],[-162.4,60.3],[-162.3,60.4],[-162.3,60.5],[-162.2,60.5],[-162.2,60.6],[-162.1,60.6],[-162.1,60.7],[-162.0,60.6],[-161.9,60.7],[-162.0,60.7],[-161.9,60.7],[-162.0,60.7],[-162.1,60.7],[-162.2,60.7],[-162.1,60.7],[-162.1,60.6],[-162.2,60.6],[-162.3,60.6],[-162.3,60.5],[-162.4,60.5],[-162.4,60.4],[-162.5,60.4],[-162.5,60.3],[-162.6,60.3],[-162.7,60.3],[-162.6,60.2],[-162.5,60.2],[-162.5,60.1],[-162.5,60.0],[-162.6,60.0],[-162.7,60.0],[-162.8,60.0],[-162.8,59.9],[-163.1,59.9],[-163.3,59.8],[-163.6,59.8],[-163.9,59.8],[-164.1,59.8],[-164.2,59.9],[-164.2,60.0],[-164.1,60.0],[-164.2,60.0],[-164.3,60.1],[-164.4,60.1],[-164.5,60.1],[-164.5,60.2],[-164.6,60.2],[-164.7,60.3],[-164.6,60.3],[-164.7,60.3],[-164.6,60.3],[-164.7,60.3],[-164.8,60.3],[-165.0,60.3],[-165.0,60.4],[-165.1,60.4],[-165.1,60.5],[-165.0,60.5],[-165.0,60.6],[-165.2,60.5],[-165.4,60.5],[-165.4,60.6],[-165.3,60.6],[-165.2,60.6],[-165.1,60.7],[-165.0,60.7],[-165.0,60.8],[-164.9,60.8],[-164.9,60.9],[-165.0,60.9],[-164.9,60.9],[-164.8,60.9],[-164.7,60.9],[-164.6,60.9],[-164.7,60.9],[-164.7,60.8],[-164.6,60.8],[-164.5,60.8],[-164.4,60.8],[-164.3,60.8],[-164.3,60.7],[-164.2,60.7],[-164.3,60.7],[-164.3,60.6],[-164.4,60.6],[-164.3,60.6],[-164.3,60.7],[-164.2,60.7],[-164.1,60.7],[-164.0,60.8],[-163.9,60.8],[-163.8,60.8],[-163.8,60.7],[-163.8,60.6],[-163.7,60.6],[-163.6,60.6],[-163.5,60.7],[-163.4,60.7],[-163.5,60.8],[-163.4,60.8],[-163.5,60.8],[-163.9,60.9],[-163.9,60.8],[-163.9,60.9],[-163.8,60.9],[-163.7,60.9],[-163.6,60.9],[-163.7,60.9],[-163.8,60.9],[-163.7,61.0],[-163.8,61.0],[-163.9,60.9],[-164.0,60.9],[-164.1,60.9],[-164.4,60.9],[-164.6,60.9],[-164.7,60.9],[-164.8,60.9],[-164.9,61.0],[-165.0,61.0],[-165.0,60.9],[-165.1,60.9],[-165.2,60.9],[-165.2,61.0],[-165.1,61.0],[-165.0,61.0],[-165.0,61.1],[-164.9,61.1],[-164.8,61.1],[-164.9,61.1],[-165.0,61.1],[-165.1,61.1],[-165.2,61.1],[-165.1,61.1],[-165.1,61.2],[-165.1,61.3],[-165.1,61.2],[-165.2,61.2],[-165.1,61.2],[-165.2,61.2],[-165.2,61.1],[-165.3,61.2],[-165.4,61.2],[-165.3,61.2],[-165.3,61.3],[-165.2,61.3],[-165.3,61.3],[-165.2,61.3],[-165.2,61.4],[-165.1,61.4],[-165.0,61.4],[-165.1,61.4],[-165.1,61.5],[-165.0,61.5],[-164.9,61.5],[-164.8,61.5],[-164.7,61.6],[-164.8,61.6],[-164.7,61.6],[-164.8,61.6],[-164.7,61.6],[-164.8,61.6],[-164.9,61.5],[-165.0,61.5],[-165.1,61.5],[-165.1,61.4],[-165.2,61.4],[-165.3,61.4],[-165.3,61.3],[-165.2,61.3],[-165.3,61.3],[-165.4,61.2],[-165.3,61.2],[-165.4,61.1],[-165.5,61.1],[-165.6,61.1],[-165.6,61.2],[-165.6,61.3],[-165.7,61.3],[-165.8,61.3],[-165.9,61.3],[-165.9,61.4],[-165.8,61.4],[-165.8,61.5],[-165.9,61.5],[-165.9,61.6],[-166.1,61.5],[-166.2,61.6],[-166.2,61.7],[-166.1,61.7],[-166.2,61.7],[-166.1,61.7],[-166.1,61.6],[-166.0,61.6],[-166.0,61.7],[-165.8,61.7],[-165.9,61.7],[-166.0,61.7],[-166.0,61.8],[-166.1,61.8],[-166.0,61.8],[-165.9,61.8],[-165.8,61.8],[-165.7,61.8],[-165.6,61.9],[-165.7,61.9],[-165.7,62.0],[-165.8,62.0],[-165.7,62.1],[-165.6,62.2],[-165.4,62.3],[-165.3,62.4],[-165.2,62.5],[-165.1,62.5],[-165.0,62.5],[-164.9,62.5],[-164.8,62.5],[-164.9,62.5],[-164.8,62.5],[-164.7,62.5],[-164.7,62.4],[-164.6,62.4],[-164.7,62.4],[-164.6,62.4],[-164.6,62.5],[-164.7,62.5],[-164.6,62.5],[-164.7,62.5],[-164.8,62.5],[-164.8,62.6],[-164.9,62.6],[-164.8,62.6],[-164.7,62.6],[-164.5,62.7],[-164.5,62.8],[-164.5,62.7],[-164.6,62.7],[-164.7,62.7],[-164.7,62.6],[-164.8,62.6],[-164.8,62.7],[-164.9,62.7],[-164.9,62.8],[-164.8,62.8],[-164.9,62.8],[-164.9,62.9],[-164.8,62.9],[-164.8,63.0],[-164.7,63.0],[-164.5,63.0],[-164.4,63.0],[-164.3,63.0],[-164.4,63.1],[-164.5,63.1],[-164.6,63.1],[-164.5,63.2],[-164.4,63.2],[-164.1,63.3],[-164.0,63.3],[-163.8,63.2],[-163.7,63.2],[-163.6,63.2],[-163.6,63.1],[-163.7,63.1],[-163.6,63.1],[-163.5,63.1],[-163.6,63.1],[-163.7,63.1],[-163.8,63.0],[-163.7,63.0],[-163.6,63.1],[-163.5,63.1],[-163.4,63.1],[-163.4,63.0],[-163.3,63.0],[-163.1,63.1],[-163.0,63.1],[-162.9,63.1],[-162.9,63.2],[-162.8,63.2],[-162.7,63.2],[-162.6,63.3],[-162.4,63.4],[-162.4,63.5],[-162.3,63.5],[-162.3,63.6],[-162.3,63.5],[-162.2,63.5],[-162.1,63.5],[-162.0,63.5],[-162.1,63.5],[-162.1,63.4],[-162.2,63.4],[-161.9,63.5],[-161.7,63.5],[-161.6,63.5],[-161.5,63.5],[-161.4,63.5],[-161.2,63.5],[-161.1,63.6],[-161.0,63.6],[-160.9,63.6],[-160.9,63.7],[-160.8,63.7],[-160.8,63.8],[-160.8,63.9],[-160.9,64.0],[-160.9,64.1],[-161.0,64.2],[-161.0,64.3],[-161.1,64.3],[-161.2,64.4],[-161.3,64.4],[-161.2,64.4],[-161.3,64.4],[-161.4,64.4],[-161.5,64.4],[-161.5,64.5],[-161.4,64.5],[-161.3,64.5],[-161.1,64.5],[-161.0,64.5],[-161.1,64.5],[-161.1,64.6],[-161.0,64.6],[-160.9,64.6],[-160.8,64.6],[-160.8,64.7],[-160.8,64.8],[-160.9,64.8],[-161.0,64.8],[-161.0,64.9],[-161.1,64.9],[-161.2,64.9],[-161.1,64.9],[-161.0,64.9],[-161.1,64.9],[-161.2,64.9],[-161.3,64.9],[-161.3,64.8],[-161.4,64.8],[-161.5,64.8],[-161.6,64.8],[-161.7,64.8],[-161.8,64.8],[-161.7,64.8],[-161.9,64.8],[-161.9,64.7],[-161.8,64.8],[-161.8,64.7],[-161.9,64.7],[-162.0,64.7],[-162.1,64.7],[-162.2,64.7],[-162.2,64.6],[-162.3,64.6],[-162.5,64.6],[-162.6,64.5],[-162.6,64.4],[-162.7,64.4],[-162.8,64.4],[-162.8,64.3],[-162.8,64.4],[-162.9,64.5],[-162.8,64.5],[-162.9,64.5],[-163.0,64.6],[-163.1,64.6],[-163.0,64.6],[-163.1,64.6],[-163.1,64.7],[-163.2,64.7],[-163.2,64.6],[-163.4,64.6],[-163.3,64.6],[-163.2,64.6],[-163.2,64.5],[-163.1,64.5],[-163.0,64.5],[-163.1,64.5],[-163.0,64.5],[-163.1,64.5],[-163.1,64.4],[-163.2,64.4],[-163.3,64.5],[-163.4,64.5],[-163.5,64.6],[-163.7,64.6],[-163.8,64.6],[-164.0,64.6],[-164.4,64.6],[-164.3,64.6],[-164.7,64.5],[-164.8,64.5],[-164.9,64.5],[-165.0,64.5],[-164.9,64.5],[-164.8,64.5],[-165.0,64.4],[-165.4,64.5],[-165.9,64.5],[-166.0,64.6],[-166.2,64.6],[-166.4,64.6],[-166.4,64.7],[-166.5,64.7],[-166.5,64.8],[-166.4,64.8],[-166.4,64.9],[-166.5,64.9],[-166.5,65.0],[-166.5,64.9],[-166.4,64.9],[-166.5,64.9],[-166.6,65.0],[-166.7,65.0],[-166.7,65.1],[-166.8,65.1],[-166.9,65.1],[-167.0,65.2],[-166.9,65.2],[-166.9,65.3],[-166.9,65.2],[-166.9,65.1],[-166.8,65.1],[-166.7,65.1],[-166.6,65.1],[-166.5,65.1],[-166.5,65.2],[-166.4,65.3],[-166.3,65.3],[-166.1,65.2],[-166.0,65.2],[-166.1,65.3],[-166.2,65.3],[-166.3,65.3],[-166.4,65.3],[-166.5,65.3],[-166.6,65.4],[-166.9,65.4],[-166.8,65.4],[-166.7,65.3],[-166.6,65.3],[-166.8,65.3],[-166.9,65.4],[-167.0,65.4],[-167.2,65.4],[-167.4,65.4],[-167.6,65.5],[-167.7,65.5],[-167.8,65.5],[-167.9,65.5],[-168.0,65.6],[-168.1,65.6],[-168.1,65.7],[-168.0,65.7],[-167.9,65.7],[-167.9,65.8],[-167.9,65.7],[-168.0,65.7],[-168.1,65.7],[-168.0,65.6],[-167.9,65.7],[-167.8,65.7],[-167.6,65.7],[-167.5,65.7],[-167.5,65.8],[-167.6,65.8],[-167.5,65.8],[-167.3,65.9],[-167.2,65.9],[-167.1,65.9],[-167.0,65.9],[-166.9,65.9],[-167.0,66.0],[-166.9,66.0],[-166.8,66.0],[-166.9,66.0],[-166.8,66.0],[-166.7,66.1],[-166.5,66.1],[-166.4,66.1],[-166.4,66.2],[-166.3,66.2],[-166.2,66.2],[-166.1,66.2],[-166.2,66.2],[-166.1,66.1],[-165.8,66.1],[-165.5,66.2],[-165.6,66.2],[-165.7,66.2],[-165.8,66.2],[-165.9,66.2],[-165.9,66.3],[-165.8,66.3],[-165.5,66.4],[-165.4,66.4],[-165.3,66.4],[-165.1,66.4],[-165.0,66.4],[-165.0,66.5],[-164.9,66.5],[-164.7,66.5],[-164.7,66.6],[-164.5,66.6],[-164.3,66.6],[-164.0,66.6],[-163.7,66.6],[-163.6,66.6],[-163.9,66.6],[-163.8,66.6],[-163.8,66.5],[-163.9,66.4],[-163.9,66.3],[-163.9,66.2],[-164.0,66.2],[-164.1,66.2],[-164.2,66.2],[-164.0,66.2],[-163.9,66.2],[-163.9,66.1],[-163.8,66.1],[-163.7,66.1],[-163.4,66.1],[-163.3,66.1],[-163.1,66.1],[-163.0,66.1],[-162.9,66.1],[-162.8,66.1],[-162.7,66.1],[-162.7,66.0],[-162.6,66.0],[-162.5,66.1],[-162.4,66.1],[-162.4,66.0],[-162.3,66.0],[-162.2,66.1],[-161.9,66.0],[-162.0,66.0],[-161.9,66.0],[-161.8,66.0],[-161.8,66.1],[-161.7,66.1],[-161.8,66.1],[-161.7,66.1],[-161.7,66.2],[-161.6,66.2],[-161.6,66.3],[-161.5,66.3],[-161.4,66.3],[-161.3,66.2],[-161.2,66.2],[-161.1,66.2],[-161.1,66.3],[-161.1,66.2],[-161.1,66.1],[-161.2,66.1],[-161.1,66.1],[-161.1,66.2],[-161.0,66.2],[-161.0,66.3],[-161.1,66.3],[-161.3,66.4],[-161.4,66.4],[-161.5,66.4],[-161.7,66.4],[-161.8,66.4],[-161.9,66.4],[-161.9,66.3],[-162.0,66.3],[-162.0,66.4],[-161.9,66.4],[-161.9,66.5],[-161.9,66.6],[-162.1,66.6],[-162.2,66.7],[-162.3,66.7],[-162.4,66.7],[-162.5,66.7],[-162.5,66.8],[-162.6,66.8],[-162.6,66.9],[-162.5,66.9],[-162.5,67.0],[-162.5,66.9],[-162.4,66.9],[-162.4,67.0],[-162.3,67.0],[-162.3,66.9],[-162.2,66.9],[-162.1,66.8],[-162.0,66.8],[-162.1,66.7],[-162.0,66.6],[-161.9,66.6],[-161.9,66.5],[-161.6,66.5],[-161.4,66.5],[-161.3,66.5],[-161.2,66.5],[-161.1,66.5],[-161.0,66.5],[-161.0,66.4],[-160.8,66.4],[-160.7,66.4],[-160.6,66.4],[-160.5,66.4],[-160.2,66.4],[-160.2,66.5],[-160.2,66.6],[-160.3,66.6],[-160.2,66.6],[-160.3,66.7],[-160.4,66.6],[-160.5,66.6],[-160.6,66.6],[-160.7,66.6],[-160.8,66.7],[-160.9,66.7],[-161.1,66.7],[-161.2,66.6],[-161.3,66.5],[-161.4,66.5],[-161.5,66.5],[-161.5,66.6],[-161.6,66.6],[-161.5,66.6],[-161.6,66.6],[-161.9,66.7],[-161.9,66.8],[-161.8,66.8],[-161.8,66.9],[-161.7,66.9],[-161.7,67.0],[-161.6,67.0],[-161.5,67.0],[-161.6,67.0],[-161.7,67.0],[-161.8,67.0],[-161.8,67.1],[-162.0,67.0],[-162.2,67.0],[-162.3,67.0],[-162.3,67.1],[-162.3,67.0],[-162.4,67.0],[-162.5,67.0],[-162.4,67.1],[-162.3,67.1],[-162.3,67.2],[-162.4,67.2],[-162.4,67.1],[-162.5,67.1],[-162.6,67.0],[-162.7,67.0],[-162.9,67.0],[-163.0,67.0],[-162.9,67.0],[-162.8,67.0],[-162.9,67.0],[-163.1,67.0],[-163.1,67.1],[-163.4,67.1],[-163.7,67.1],[-163.8,67.1],[-163.8,67.2],[-163.8,67.3],[-163.8,67.4],[-164.0,67.5],[-164.0,67.6],[-164.2,67.6],[-164.4,67.7],[-164.5,67.8],[-164.6,67.8],[-164.7,67.8],[-164.8,67.8],[-164.7,67.8],[-164.8,67.8],[-164.9,67.8],[-165.1,67.9],[-165.2,68.0],[-165.4,68.1],[-165.6,68.1],[-165.8,68.1],[-165.9,68.1],[-166.0,68.2],[-166.1,68.2],[-166.2,68.3],[-166.3,68.3],[-166.6,68.3],[-166.8,68.3],[-166.8,68.4],[-166.6,68.4],[-166.5,68.4],[-166.4,68.4],[-166.5,68.4],[-166.7,68.4],[-166.5,68.4],[-166.4,68.4],[-166.3,68.4],[-166.4,68.4],[-166.3,68.5],[-166.3,68.6],[-166.2,68.6],[-166.2,68.7],[-166.2,68.8],[-166.2,68.9],[-166.1,68.9],[-166.0,68.9],[-165.8,68.9],[-165.7,68.9],[-165.3,68.9],[-165.0,68.9],[-164.8,68.9],[-164.3,68.9],[-164.2,69.0],[-164.1,69.0],[-164.0,69.0],[-163.9,69.0],[-163.8,69.0],[-163.6,69.1],[-163.3,69.3],[-163.2,69.4],[-163.2,69.3],[-163.3,69.3],[-163.2,69.3],[-163.2,69.4],[-163.1,69.4],[-163.1,69.5],[-163.1,69.6],[-163.0,69.6],[-163.1,69.6],[-163.0,69.7],[-163.1,69.7],[-163.0,69.7],[-162.9,69.7],[-163.0,69.7],[-163.0,69.8],[-162.9,69.8],[-162.8,69.9],[-162.7,69.9],[-162.6,69.9],[-162.5,70.0],[-162.5,70.1],[-162.4,70.1],[-162.3,70.1],[-162.4,70.1],[-162.3,70.1],[-162.2,70.2],[-162.1,70.2],[-162.0,70.3],[-161.9,70.3],[-161.8,70.3],[-161.9,70.3],[-161.7,70.3],[-161.9,70.3],[-161.9,70.2],[-161.8,70.2],[-161.9,70.2],[-161.8,70.2],[-161.9,70.2],[-162.0,70.2],[-162.1,70.2],[-161.9,70.2],[-161.8,70.2],[-161.7,70.2],[-161.7,70.3],[-161.6,70.3],[-161.3,70.3],[-161.2,70.3],[-161.1,70.3],[-161.0,70.3],[-160.9,70.3],[-161.0,70.3],[-160.9,70.3],[-160.6,70.4],[-160.7,70.4],[-160.8,70.4],[-160.7,70.4],[-160.4,70.5],[-160.2,70.6],[-160.1,70.6],[-160.0,70.6],[-159.9,70.6],[-159.9,70.5],[-160.0,70.5],[-160.1,70.5],[-160.2,70.5],[-160.1,70.5],[-159.9,70.5],[-160.0,70.5],[-160.0,70.4],[-160.1,70.4],[-160.1,70.3],[-160.0,70.4],[-159.9,70.4],[-159.9,70.3],[-159.8,70.3],[-159.8,70.2],[-159.8,70.3],[-159.9,70.3],[-159.8,70.3],[-159.9,70.4],[-159.8,70.5],[-159.7,70.5],[-159.6,70.5],[-159.5,70.5],[-159.4,70.5],[-159.3,70.5],[-159.4,70.5],[-159.5,70.5],[-159.6,70.5],[-159.7,70.5],[-159.8,70.5],[-159.8,70.6],[-159.9,70.6],[-160.0,70.6],[-160.1,70.6],[-159.9,70.7],[-159.8,70.7],[-159.7,70.8],[-159.6,70.8],[-159.5,70.8],[-159.4,70.8],[-159.3,70.9],[-159.2,70.9],[-159.3,70.9],[-159.4,70.8],[-159.2,70.9],[-159.2,70.8],[-159.1,70.8],[-159.2,70.8],[-159.3,70.8],[-159.4,70.8],[-159.3,70.8],[-159.3,70.7],[-159.2,70.7],[-159.3,70.7],[-159.3,70.8],[-159.2,70.8],[-159.1,70.8],[-159.0,70.8],[-159.1,70.8],[-158.7,70.8],[-158.3,70.8],[-158.4,70.8],[-158.5,70.8],[-158.5,70.9],[-158.4,70.8],[-158.0,70.8],[-157.9,70.9],[-157.7,70.9],[-157.6,70.9],[-157.6,71.0],[-157.2,71.1],[-157.1,71.2],[-157.0,71.2],[-156.8,71.3],[-156.7,71.4],[-156.6,71.4],[-156.5,71.4],[-156.4,71.4],[-156.5,71.4],[-156.6,71.4],[-156.6,71.3],[-156.5,71.3],[-156.4,71.3],[-156.2,71.3],[-156.1,71.3],[-156.1,71.2],[-156.0,71.2],[-156.1,71.2],[-156.0,71.2],[-155.9,71.2],[-155.8,71.2],[-155.6,71.2],[-155.6,71.1],[-155.7,71.1],[-155.7,71.0],[-155.8,71.0],[-156.1,71.0],[-156.0,71.0],[-156.0,70.9],[-156.1,70.9],[-156.2,70.9],[-156.1,70.9],[-156.0,70.9],[-155.9,70.9],[-156.0,70.8],[-155.9,70.8],[-155.8,70.8],[-155.7,70.8],[-155.6,70.8],[-155.7,70.8],[-155.7,70.9],[-155.6,70.9],[-155.6,70.8],[-155.5,70.9],[-155.5,71.0],[-155.4,71.0],[-155.3,71.0],[-155.2,71.0],[-155.2,71.1],[-155.3,71.1],[-155.2,71.1],[-155.1,71.1],[-155.1,71.2],[-155.1,71.1],[-155.0,71.1],[-155.1,71.1],[-155.0,71.1],[-155.1,71.0],[-155.0,71.0],[-155.0,71.1],[-154.9,71.1],[-154.8,71.1],[-154.7,71.1],[-154.6,71.0],[-154.6,70.9],[-154.7,70.9],[-154.8,70.9],[-154.7,70.9],[-154.6,70.9],[-154.6,70.8],[-154.5,70.8],[-154.4,70.8],[-154.3,70.8],[-154.2,70.8],[-154.3,70.8],[-154.2,70.8],[-154.1,70.8],[-154.0,70.8],[-153.9,70.9],[-153.5,70.9],[-153.4,70.9],[-153.3,70.9],[-153.2,70.9],[-153.1,70.9],[-153.0,70.9],[-152.9,70.9],[-152.8,70.9],[-152.7,70.8],[-152.7,70.9],[-152.5,70.9],[-152.3,70.9],[-152.2,70.8],[-152.3,70.8],[-152.4,70.7],[-152.5,70.7],[-152.5,70.6],[-152.4,70.6],[-152.3,70.6],[-152.2,70.6],[-152.1,70.6],[-152.2,70.6],[-152.4,70.6],[-152.5,70.6],[-152.6,70.6],[-152.5,70.5],[-152.5,70.6],[-152.0,70.6],[-151.8,70.6],[-151.7,70.6],[-151.8,70.5],[-151.9,70.5],[-151.8,70.5],[-151.9,70.5],[-152.0,70.4],[-151.7,70.4],[-151.5,70.4],[-151.4,70.4],[-151.3,70.4],[-151.2,70.4],[-151.0,70.5],[-150.9,70.5],[-150.8,70.5],[-150.7,70.5],[-150.8,70.5],[-150.6,70.5],[-150.5,70.5],[-150.4,70.5],[-150.4,70.4],[-150.3,70.4],[-150.1,70.4],[-149.9,70.5],[-149.8,70.5],[-149.7,70.5],[-149.6,70.5],[-149.5,70.5],[-149.4,70.5],[-149.3,70.5],[-149.0,70.5],[-149.0,70.4],[-148.9,70.4],[-148.8,70.4],[-148.7,70.4],[-148.6,70.4],[-148.5,70.4],[-148.5,70.3],[-148.4,70.3],[-148.3,70.3],[-148.3,70.4],[-148.2,70.4],[-148.1,70.3],[-148.0,70.3],[-147.9,70.3],[-147.8,70.3],[-147.8,70.2],[-147.7,70.2],[-147.4,70.2],[-147.2,70.2],[-147.1,70.2],[-146.9,70.2],[-146.8,70.2],[-146.7,70.2],[-146.4,70.2],[-146.2,70.2],[-146.1,70.2],[-146.0,70.2],[-145.9,70.2],[-145.8,70.2],[-145.8,70.1],[-145.7,70.1],[-145.6,70.1],[-145.5,70.1],[-145.4,70.0],[-145.3,70.0],[-145.2,70.0],[-145.3,70.0],[-145.2,70.0],[-144.9,70.0],[-144.8,70.0],[-144.7,70.0],[-144.6,70.0],[-144.5,70.0],[-144.4,70.0],[-144.2,70.0],[-144.1,70.1],[-144.1,70.0],[-144.0,70.0],[-144.0,70.1],[-144.1,70.1],[-144.0,70.1],[-143.9,70.1],[-143.8,70.1],[-143.7,70.1],[-143.6,70.1],[-143.5,70.1],[-143.4,70.1],[-143.3,70.1],[-143.3,70.0],[-143.3,70.1],[-143.2,70.1],[-143.1,70.1],[-143.0,70.1],[-142.9,70.1],[-142.7,70.0],[-142.6,70.0],[-142.5,70.0],[-142.4,69.9],[-142.3,69.9],[-142.1,69.8],[-142.0,69.8],[-141.9,69.8],[-141.8,69.8],[-141.7,69.8],[-141.6,69.7],[-141.5,69.7],[-141.4,69.7],[-141.3,69.6],[-141.2,69.7],[-141.3,69.7],[-141.0,69.7]]],[[[-152.2,57.6],[-152.1,57.6],[-152.2,57.6],[-152.2,57.5],[-152.3,57.5],[-152.3,57.4],[-152.4,57.4],[-152.5,57.4],[-152.5,57.5],[-152.5,57.4],[-152.6,57.5],[-152.6,57.4],[-152.6,57.5],[-152.7,57.5],[-152.8,57.5],[-152.9,57.5],[-153.0,57.5],[-152.9,57.5],[-153.0,57.5],[-153.0,57.4],[-153.0,57.5],[-152.8,57.5],[-152.7,57.4],[-152.6,57.4],[-152.6,57.3],[-152.7,57.3],[-152.8,57.3],[-152.9,57.3],[-152.9,57.4],[-152.9,57.3],[-153.0,57.3],[-153.1,57.3],[-153.2,57.3],[-153.2,57.4],[-153.2,57.3],[-153.1,57.3],[-153.0,57.3],[-153.1,57.2],[-153.2,57.2],[-153.3,57.2],[-153.4,57.2],[-153.4,57.1],[-153.5,57.1],[-153.5,57.2],[-153.5,57.1],[-153.6,57.1],[-153.7,57.1],[-153.8,57.1],[-153.8,57.0],[-153.6,57.1],[-153.6,57.0],[-153.7,57.0],[-153.6,57.0],[-153.6,56.9],[-153.7,56.9],[-153.7,57.0],[-153.7,56.9],[-153.8,56.9],[-153.7,56.9],[-153.8,56.9],[-153.8,56.8],[-153.9,56.8],[-154.0,56.7],[-154.0,56.8],[-154.1,56.8],[-154.1,56.7],[-154.1,56.8],[-154.0,56.9],[-153.9,56.9],[-153.8,57.0],[-153.9,57.0],[-153.8,57.0],[-153.9,57.0],[-154.0,57.0],[-153.9,57.0],[-153.9,57.1],[-153.8,57.1],[-153.7,57.1],[-153.8,57.2],[-153.8,57.1],[-153.9,57.1],[-154.0,57.1],[-154.0,57.0],[-154.1,57.0],[-154.1,57.1],[-154.0,57.1],[-154.1,57.1],[-154.2,57.1],[-154.2,57.2],[-154.3,57.1],[-154.4,57.1],[-154.5,57.1],[-154.4,57.1],[-154.3,57.1],[-154.1,57.1],[-154.1,57.0],[-154.2,57.0],[-154.2,56.9],[-154.3,56.9],[-154.2,56.9],[-154.3,56.9],[-154.4,57.0],[-154.5,57.0],[-154.5,57.1],[-154.5,57.2],[-154.6,57.2],[-154.6,57.3],[-154.7,57.3],[-154.8,57.3],[-154.8,57.4],[-154.7,57.3],[-154.7,57.4],[-154.7,57.5],[-154.6,57.5],[-154.7,57.5],[-154.6,57.5],[-154.5,57.5],[-154.5,57.6],[-154.4,57.6],[-154.3,57.7],[-154.3,57.6],[-154.3,57.7],[-154.2,57.7],[-154.1,57.7],[-154.0,57.6],[-154.1,57.5],[-154.0,57.5],[-153.9,57.5],[-153.9,57.4],[-153.8,57.4],[-153.8,57.3],[-153.7,57.3],[-153.6,57.3],[-153.7,57.3],[-153.8,57.3],[-153.8,57.4],[-153.8,57.5],[-153.8,57.6],[-153.9,57.6],[-153.8,57.6],[-153.7,57.5],[-153.7,57.6],[-153.8,57.6],[-153.9,57.6],[-153.9,57.7],[-153.8,57.7],[-153.7,57.6],[-153.6,57.6],[-153.7,57.7],[-153.8,57.7],[-153.9,57.7],[-153.9,57.8],[-153.8,57.9],[-153.7,57.9],[-153.6,57.9],[-153.6,57.8],[-153.6,57.7],[-153.5,57.7],[-153.5,57.6],[-153.5,57.7],[-153.4,57.7],[-153.5,57.7],[-153.5,57.8],[-153.4,57.8],[-153.4,57.7],[-153.3,57.7],[-153.3,57.8],[-153.4,57.8],[-153.5,57.8],[-153.4,57.8],[-153.3,57.8],[-153.2,57.8],[-153.2,57.7],[-153.2,57.8],[-153.2,57.9],[-153.1,57.9],[-153.1,57.8],[-153.0,57.8],[-153.1,57.8],[-153.1,57.9],[-153.2,57.9],[-153.2,58.0],[-153.3,58.0],[-153.2,58.0],[-153.1,58.0],[-153.1,57.9],[-153.0,57.9],[-153.0,58.0],[-152.9,57.9],[-152.8,57.9],[-152.9,57.9],[-152.9,57.8],[-152.9,57.7],[-152.9,57.8],[-152.8,57.8],[-152.8,57.9],[-152.8,57.8],[-152.7,57.8],[-152.7,57.9],[-152.6,57.9],[-152.5,57.9],[-152.4,57.9],[-152.4,57.8],[-152.3,57.8],[-152.4,57.8],[-152.5,57.8],[-152.5,57.7],[-152.6,57.7],[-152.5,57.7],[-152.4,57.7],[-152.4,57.6],[-152.3,57.6],[-152.2,57.6]]],[[[-132.0,54.8],[-131.9,54.8],[-132.0,54.8],[-132.0,54.7],[-132.1,54.7],[-132.2,54.7],[-132.3,54.7],[-132.3,54.8],[-132.2,54.8],[-132.3,54.8],[-132.4,54.8],[-132.3,54.8],[-132.3,54.9],[-132.4,54.9],[-132.3,54.9],[-132.4,54.9],[-132.4,55.0],[-132.4,54.9],[-132.5,54.9],[-132.4,55.0],[-132.5,55.0],[-132.5,54.9],[-132.6,54.9],[-132.6,55.0],[-132.5,55.0],[-132.6,55.0],[-132.6,55.1],[-132.5,55.1],[-132.5,55.0],[-132.5,55.1],[-132.6,55.1],[-132.6,55.2],[-132.6,55.3],[-132.7,55.2],[-132.6,55.2],[-132.6,55.1],[-132.7,55.1],[-132.7,55.2],[-132.8,55.2],[-132.8,55.3],[-132.9,55.2],[-133.0,55.2],[-132.9,55.3],[-133.0,55.3],[-133.1,55.3],[-133.2,55.3],[-133.3,55.3],[-133.2,55.3],[-133.2,55.4],[-133.1,55.4],[-133.0,55.4],[-132.9,55.4],[-132.8,55.4],[-132.9,55.4],[-133.0,55.4],[-133.1,55.4],[-133.0,55.4],[-133.0,55.5],[-133.1,55.5],[-133.1,55.6],[-133.0,55.6],[-132.9,55.6],[-133.0,55.6],[-133.1,55.6],[-133.2,55.6],[-133.3,55.6],[-133.4,55.6],[-133.4,55.7],[-133.3,55.7],[-133.4,55.7],[-133.3,55.7],[-133.3,55.8],[-133.3,55.7],[-133.2,55.7],[-133.2,55.8],[-133.1,55.8],[-133.1,55.9],[-133.2,55.9],[-133.3,55.9],[-133.3,56.0],[-133.2,56.0],[-133.3,56.1],[-133.3,56.2],[-133.4,56.2],[-133.5,56.2],[-133.6,56.2],[-133.6,56.3],[-133.6,56.4],[-133.4,56.3],[-133.3,56.3],[-133.2,56.3],[-133.1,56.3],[-133.1,56.2],[-133.0,56.2],[-133.1,56.1],[-133.0,56.1],[-133.0,56.0],[-133.0,56.1],[-132.9,56.1],[-132.9,56.0],[-132.8,56.0],[-132.7,56.0],[-132.7,55.9],[-132.6,55.9],[-132.5,55.8],[-132.5,55.7],[-132.4,55.7],[-132.5,55.7],[-132.4,55.7],[-132.4,55.6],[-132.4,55.7],[-132.3,55.6],[-132.3,55.5],[-132.2,55.5],[-132.1,55.5],[-132.2,55.4],[-132.2,55.5],[-132.3,55.5],[-132.4,55.5],[-132.4,55.6],[-132.5,55.6],[-132.6,55.6],[-132.5,55.6],[-132.6,55.6],[-132.5,55.6],[-132.5,55.5],[-132.6,55.5],[-132.7,55.5],[-132.7,55.4],[-132.6,55.4],[-132.7,55.4],[-132.6,55.4],[-132.6,55.5],[-132.5,55.5],[-132.4,55.5],[-132.3,55.5],[-132.3,55.4],[-132.4,55.4],[-132.5,55.4],[-132.4,55.4],[-132.3,55.4],[-132.2,55.4],[-132.2,55.3],[-132.1,55.3],[-132.1,55.2],[-132.2,55.2],[-132.2,55.3],[-132.2,55.2],[-132.3,55.2],[-132.2,55.2],[-132.1,55.2],[-132.1,55.3],[-132.0,55.3],[-132.0,55.2],[-132.0,55.1],[-132.1,55.1],[-132.1,55.0],[-132.2,55.0],[-132.1,55.0],[-132.0,55.0],[-132.0,54.9],[-132.0,54.8]]],[[[-135.8,57.4],[-135.9,57.4],[-135.9,57.5],[-136.0,57.5],[-135.9,57.5],[-135.8,57.5],[-135.8,57.4],[-135.8,57.5],[-136.0,57.6],[-136.1,57.6],[-136.0,57.6],[-136.1,57.6],[-136.1,57.7],[-136.2,57.7],[-136.2,57.8],[-136.3,57.8],[-136.4,57.8],[-136.4,57.9],[-136.3,57.9],[-136.4,57.9],[-136.4,58.0],[-136.3,58.0],[-136.2,57.9],[-136.1,57.9],[-136.0,57.8],[-136.1,57.9],[-136.2,58.0],[-136.3,58.0],[-136.4,58.1],[-136.3,58.1],[-136.3,58.2],[-136.4,58.2],[-136.3,58.2],[-136.2,58.2],[-136.2,58.1],[-136.1,58.1],[-136.2,58.1],[-136.2,58.2],[-136.1,58.2],[-136.0,58.2],[-135.9,58.2],[-135.8,58.3],[-135.7,58.2],[-135.6,58.2],[-135.5,58.2],[-135.6,58.2],[-135.5,58.2],[-135.5,58.1],[-135.6,58.1],[-135.6,58.0],[-135.7,58.1],[-135.8,58.0],[-135.7,58.0],[-135.6,58.0],[-135.7,58.0],[-135.8,58.0],[-135.7,58.0],[-135.7,57.9],[-135.6,58.0],[-135.5,58.1],[-135.4,58.1],[-135.5,58.1],[-135.4,58.1],[-135.3,58.1],[-135.2,58.1],[-135.1,58.1],[-135.0,58.1],[-134.9,58.0],[-134.9,57.9],[-135.0,57.9],[-134.9,57.9],[-134.9,57.8],[-134.9,57.9],[-135.0,57.9],[-135.1,57.9],[-135.2,57.9],[-135.1,57.9],[-135.0,57.9],[-135.0,57.8],[-134.9,57.8],[-135.0,57.8],[-135.2,57.8],[-135.3,57.8],[-135.4,57.9],[-135.5,57.9],[-135.7,57.9],[-135.8,58.0],[-135.9,58.0],[-135.8,58.0],[-135.8,57.9],[-135.6,57.9],[-135.5,57.9],[-135.5,57.8],[-135.4,57.8],[-135.3,57.8],[-135.4,57.7],[-135.3,57.7],[-135.2,57.7],[-135.1,57.7],[-135.1,57.8],[-135.0,57.8],[-135.0,57.7],[-135.0,57.8],[-134.9,57.8],[-134.9,57.7],[-134.9,57.6],[-134.8,57.6],[-134.8,57.5],[-134.9,57.5],[-134.8,57.5],[-134.9,57.5],[-135.0,57.5],[-135.1,57.5],[-135.2,57.5],[-135.3,57.6],[-135.5,57.6],[-135.6,57.7],[-135.8,57.8],[-135.8,57.7],[-135.7,57.7],[-135.8,57.7],[-135.8,57.6],[-135.7,57.7],[-135.7,57.6],[-135.6,57.6],[-135.7,57.6],[-135.6,57.6],[-135.6,57.5],[-135.5,57.5],[-135.6,57.5],[-135.6,57.4],[-135.7,57.4],[-135.6,57.4],[-135.7,57.4],[-135.8,57.4]]],[[[-166.3,53.7],[-166.4,53.7],[-166.4,53.6],[-166.5,53.6],[-166.6,53.6],[-166.5,53.6],[-166.6,53.6],[-166.6,53.5],[-166.6,53.6],[-166.7,53.6],[-166.6,53.6],[-166.6,53.5],[-166.7,53.5],[-166.8,53.5],[-166.8,53.6],[-166.8,53.5],[-166.7,53.5],[-166.8,53.5],[-166.8,53.4],[-166.8,53.5],[-166.8,53.4],[-166.9,53.5],[-166.9,53.4],[-166.9,53.5],[-167.0,53.5],[-167.0,53.4],[-167.0,53.5],[-167.1,53.4],[-167.2,53.4],[-167.3,53.4],[-167.3,53.3],[-167.4,53.3],[-167.5,53.3],[-167.6,53.3],[-167.7,53.2],[-167.7,53.3],[-167.8,53.3],[-167.9,53.3],[-167.7,53.4],[-167.6,53.4],[-167.5,53.4],[-167.4,53.4],[-167.3,53.4],[-167.3,53.5],[-167.2,53.5],[-167.1,53.5],[-167.0,53.5],[-167.1,53.5],[-167.1,53.6],[-167.2,53.6],[-167.1,53.6],[-167.0,53.6],[-167.1,53.6],[-167.0,53.6],[-167.1,53.6],[-167.0,53.6],[-167.0,53.7],[-167.1,53.7],[-167.0,53.7],[-166.9,53.7],[-166.9,53.6],[-166.8,53.7],[-166.8,53.6],[-166.8,53.7],[-166.7,53.7],[-166.8,53.7],[-166.7,53.7],[-166.8,53.7],[-166.9,53.8],[-167.0,53.8],[-167.1,53.8],[-167.2,53.8],[-167.2,53.9],[-167.1,53.9],[-167.0,53.9],[-167.0,54.0],[-166.9,54.0],[-166.8,54.0],[-166.7,54.0],[-166.8,54.0],[-166.7,54.0],[-166.6,54.0],[-166.6,53.9],[-166.6,53.8],[-166.5,53.9],[-166.4,53.9],[-166.4,54.0],[-166.3,53.9],[-166.3,54.0],[-166.3,53.9],[-166.2,53.9],[-166.3,53.9],[-166.4,53.9],[-166.4,53.8],[-166.5,53.8],[-166.6,53.7],[-166.5,53.7],[-166.6,53.7],[-166.5,53.7],[-166.4,53.8],[-166.4,53.7],[-166.4,53.8],[-166.3,53.8],[-166.3,53.7]]]]},"properties":{"country":"United States of America","iso3":"USA","entries":3084,"_k":"2"}},{"type":"Feature","geometry":{"type":"MultiPolygon","coordinates":[[[[122.3,18.4],[122.3,18.3],[122.3,18.2],[122.2,18.2],[122.2,18.1],[122.2,18.0],[122.1,17.8],[122.1,17.7],[122.2,17.7],[122.2,17.6],[122.2,17.5],[122.2,17.4],[122.3,17.4],[122.3,17.3],[122.4,17.4],[122.4,17.3],[122.4,17.2],[122.4,17.1],[122.5,17.1],[122.5,17.0],[122.5,16.9],[122.4,16.9],[122.4,16.8],[122.4,16.7],[122.3,16.6],[122.3,16.5],[122.2,16.5],[122.2,16.4],[122.2,16.3],[122.2,16.2],[122.1,16.2],[122.1,16.1],[122.0,16.1],[122.0,16.0],[122.0,16.1],[122.1,16.1],[122.1,16.2],[122.1,16.3],[122.1,16.2],[122.0,16.2],[122.0,16.1],[121.9,16.1],[121.8,16.1],[121.7,16.0],[121.6,16.0],[121.6,15.9],[121.6,15.8],[121.6,15.7],[121.6,15.6],[121.5,15.6],[121.5,15.5],[121.5,15.4],[121.4,15.4],[121.4,15.3],[121.4,15.2],[121.5,15.2],[121.5,15.1],[121.5,15.0],[121.6,15.0],[121.6,14.9],[121.6,14.8],[121.7,14.7],[121.6,14.7],[121.6,14.6],[121.6,14.5],[121.7,14.5],[121.7,14.4],[121.7,14.3],[121.8,14.3],[121.8,14.2],[121.7,14.2],[121.8,14.1],[121.9,14.0],[122.1,13.9],[122.2,13.9],[122.2,14.0],[122.3,14.0],[122.3,14.1],[122.2,14.1],[122.2,14.2],[122.2,14.1],[122.2,14.2],[122.3,14.3],[122.3,14.2],[122.3,14.1],[122.3,14.2],[122.4,14.2],[122.3,14.2],[122.4,14.2],[122.4,14.3],[122.5,14.3],[122.6,14.3],[122.7,14.3],[122.7,14.4],[122.7,14.3],[122.8,14.3],[122.9,14.3],[122.9,14.2],[123.0,14.2],[123.0,14.1],[123.0,14.0],[123.1,14.0],[123.1,13.9],[123.0,13.8],[123.1,13.8],[123.1,13.7],[123.2,13.7],[123.3,13.7],[123.3,13.8],[123.3,13.9],[123.3,14.0],[123.3,13.9],[123.2,14.0],[123.3,14.0],[123.2,14.0],[123.3,14.0],[123.3,14.1],[123.4,14.1],[123.4,14.0],[123.3,14.0],[123.4,14.0],[123.4,13.9],[123.4,14.0],[123.5,14.0],[123.5,13.9],[123.6,13.9],[123.7,13.9],[123.8,13.9],[123.8,13.8],[123.9,13.8],[124.0,13.8],[124.0,13.7],[123.9,13.7],[123.8,13.7],[123.7,13.7],[123.6,13.7],[123.5,13.6],[123.6,13.6],[123.6,13.5],[123.7,13.5],[123.7,13.4],[123.7,13.3],[123.8,13.3],[123.8,13.2],[123.8,13.3],[123.8,13.2],[123.9,13.2],[123.8,13.2],[123.7,13.2],[123.8,13.1],[123.7,13.1],[123.8,13.1],[123.7,13.1],[123.8,13.1],[123.9,13.1],[124.0,13.1],[124.1,13.0],[124.1,13.1],[124.2,13.1],[124.2,13.0],[124.1,13.0],[124.1,12.9],[124.1,12.8],[124.1,12.7],[124.1,12.6],[124.1,12.5],[124.0,12.5],[124.0,12.6],[123.9,12.6],[123.9,12.7],[123.8,12.7],[123.8,12.8],[123.9,12.9],[123.9,12.8],[123.9,12.9],[124.0,12.9],[124.0,13.0],[123.9,13.0],[123.9,12.9],[123.8,12.9],[123.7,12.9],[123.7,12.8],[123.7,12.9],[123.6,12.9],[123.5,12.9],[123.5,13.0],[123.4,13.0],[123.3,13.0],[123.3,13.1],[123.3,13.2],[123.3,13.3],[123.2,13.3],[123.2,13.4],[123.1,13.5],[123.0,13.5],[122.9,13.5],[122.9,13.6],[122.8,13.6],[122.8,13.7],[122.9,13.7],[122.8,13.7],[122.8,13.8],[122.7,13.8],[122.6,13.8],[122.7,13.8],[122.7,13.9],[122.6,13.9],[122.5,14.0],[122.5,13.9],[122.4,13.9],[122.4,14.0],[122.4,13.9],[122.5,13.9],[122.5,13.8],[122.5,13.7],[122.5,13.6],[122.6,13.6],[122.6,13.5],[122.6,13.6],[122.6,13.5],[122.7,13.4],[122.7,13.3],[122.7,13.2],[122.6,13.2],[122.5,13.2],[122.5,13.3],[122.5,13.4],[122.4,13.5],[122.3,13.6],[122.2,13.6],[122.2,13.7],[122.1,13.8],[122.0,13.8],[121.9,13.8],[121.9,13.9],[121.8,13.9],[121.7,14.0],[121.7,13.9],[121.6,13.9],[121.5,13.9],[121.5,13.8],[121.4,13.8],[121.4,13.7],[121.5,13.7],[121.4,13.7],[121.3,13.6],[121.2,13.6],[121.1,13.6],[121.0,13.6],[121.0,13.7],[121.1,13.7],[121.0,13.8],[120.9,13.7],[120.9,13.8],[120.9,13.9],[120.8,13.9],[120.7,13.9],[120.7,13.8],[120.6,13.8],[120.6,13.9],[120.6,14.0],[120.6,14.1],[120.6,14.2],[120.6,14.3],[120.7,14.3],[120.8,14.3],[120.8,14.4],[120.9,14.5],[121.0,14.5],[121.0,14.6],[120.9,14.7],[120.8,14.7],[120.8,14.8],[120.7,14.8],[120.6,14.8],[120.6,14.9],[120.6,14.8],[120.6,14.9],[120.6,14.8],[120.5,14.8],[120.5,14.7],[120.6,14.7],[120.6,14.6],[120.6,14.5],[120.6,14.4],[120.5,14.4],[120.4,14.5],[120.4,14.6],[120.3,14.6],[120.3,14.7],[120.2,14.7],[120.3,14.7],[120.3,14.8],[120.2,14.8],[120.3,14.8],[120.3,14.9],[120.2,14.9],[120.2,14.8],[120.1,14.8],[120.1,14.9],[120.0,14.9],[120.1,15.0],[120.1,15.1],[120.0,15.2],[120.0,15.3],[120.0,15.4],[119.9,15.4],[119.9,15.5],[120.0,15.5],[119.9,15.5],[119.9,15.6],[119.9,15.7],[119.9,15.8],[119.9,15.9],[119.8,16.0],[119.8,15.9],[119.8,16.1],[119.8,16.2],[119.8,16.3],[119.8,16.4],[119.9,16.4],[119.9,16.3],[119.9,16.2],[120.0,16.2],[120.1,16.2],[120.1,16.1],[120.1,16.0],[120.2,16.0],[120.3,16.1],[120.3,16.0],[120.3,16.1],[120.4,16.1],[120.3,16.1],[120.4,16.1],[120.4,16.2],[120.4,16.3],[120.3,16.3],[120.3,16.5],[120.3,16.6],[120.3,16.7],[120.3,16.8],[120.4,16.9],[120.4,17.0],[120.4,17.2],[120.4,17.3],[120.4,17.4],[120.4,17.5],[120.3,17.5],[120.3,17.6],[120.4,17.7],[120.4,17.8],[120.4,17.9],[120.5,17.9],[120.5,18.0],[120.5,18.1],[120.5,18.2],[120.6,18.3],[120.6,18.4],[120.6,18.5],[120.7,18.5],[120.8,18.6],[120.9,18.6],[121.0,18.6],[121.1,18.6],[121.2,18.6],[121.3,18.6],[121.4,18.5],[121.5,18.4],[121.6,18.4],[121.6,18.3],[121.6,18.4],[121.7,18.4],[121.9,18.3],[122.0,18.3],[122.1,18.4],[122.1,18.5],[122.2,18.5],[122.3,18.4]]],[[[126.6,7.3],[126.6,7.2],[126.5,7.1],[126.5,7.0],[126.4,7.0],[126.3,7.0],[126.3,6.9],[126.3,6.8],[126.3,6.9],[126.2,6.9],[126.2,6.8],[126.3,6.8],[126.3,6.7],[126.2,6.7],[126.2,6.6],[126.2,6.5],[126.2,6.4],[126.2,6.3],[126.2,6.4],[126.1,6.4],[126.1,6.5],[126.1,6.6],[126.1,6.7],[126.1,6.8],[126.0,6.9],[126.0,7.0],[125.9,7.1],[125.9,7.2],[125.9,7.3],[125.8,7.3],[125.9,7.3],[125.8,7.4],[125.7,7.3],[125.7,7.2],[125.7,7.1],[125.6,7.1],[125.6,7.0],[125.5,7.0],[125.5,6.9],[125.4,6.8],[125.4,6.7],[125.4,6.6],[125.5,6.6],[125.5,6.5],[125.6,6.5],[125.6,6.4],[125.6,6.3],[125.7,6.3],[125.7,6.1],[125.7,6.0],[125.6,5.9],[125.5,5.7],[125.4,5.6],[125.3,5.6],[125.3,5.7],[125.2,5.7],[125.2,5.8],[125.2,5.9],[125.3,5.9],[125.3,6.0],[125.3,6.1],[125.2,6.1],[125.1,6.1],[125.1,6.0],[125.1,5.9],[125.0,5.9],[124.9,5.9],[124.8,5.9],[124.7,5.9],[124.6,6.0],[124.4,6.1],[124.2,6.2],[124.2,6.3],[124.1,6.4],[124.0,6.5],[124.1,6.5],[124.1,6.6],[124.1,6.7],[124.0,6.7],[124.0,6.8],[124.0,6.9],[124.0,7.0],[124.0,7.1],[124.1,7.1],[124.1,7.2],[124.2,7.2],[124.2,7.3],[124.2,7.4],[124.1,7.5],[124.1,7.6],[124.0,7.6],[124.0,7.7],[123.9,7.7],[123.8,7.7],[123.7,7.8],[123.6,7.8],[123.5,7.8],[123.4,7.8],[123.5,7.7],[123.5,7.6],[123.4,7.6],[123.4,7.5],[123.5,7.5],[123.5,7.4],[123.4,7.4],[123.3,7.4],[123.3,7.5],[123.2,7.5],[123.1,7.5],[123.1,7.6],[123.2,7.6],[123.2,7.7],[123.1,7.7],[123.1,7.6],[123.0,7.6],[123.0,7.5],[122.9,7.5],[122.8,7.5],[122.8,7.6],[122.8,7.7],[122.8,7.8],[122.7,7.8],[122.6,7.8],[122.5,7.7],[122.4,7.6],[122.5,7.6],[122.5,7.5],[122.4,7.5],[122.5,7.5],[122.4,7.5],[122.3,7.5],[122.4,7.4],[122.3,7.3],[122.3,7.2],[122.2,7.1],[122.2,7.0],[122.2,6.9],[122.1,6.9],[122.0,6.9],[122.0,7.0],[121.9,7.0],[121.9,7.1],[121.9,7.2],[122.0,7.3],[122.1,7.3],[122.0,7.3],[122.0,7.4],[122.0,7.5],[122.1,7.5],[122.1,7.6],[122.1,7.7],[122.1,7.8],[122.2,7.9],[122.2,8.0],[122.3,8.0],[122.4,8.0],[122.4,8.1],[122.5,8.1],[122.6,8.1],[122.7,8.1],[122.7,8.2],[122.7,8.1],[122.8,8.1],[122.9,8.1],[122.9,8.2],[123.0,8.2],[123.0,8.3],[123.0,8.4],[123.0,8.5],[123.1,8.5],[123.2,8.5],[123.3,8.5],[123.3,8.6],[123.4,8.6],[123.4,8.7],[123.5,8.7],[123.5,8.6],[123.6,8.6],[123.6,8.7],[123.7,8.6],[123.8,8.6],[123.8,8.5],[123.9,8.4],[123.9,8.2],[123.8,8.1],[123.7,8.0],[123.9,8.1],[123.9,8.2],[124.0,8.2],[124.2,8.2],[124.3,8.3],[124.3,8.4],[124.3,8.5],[124.4,8.6],[124.5,8.6],[124.6,8.5],[124.7,8.5],[124.6,8.5],[124.6,8.4],[124.7,8.5],[124.8,8.5],[124.7,8.5],[124.8,8.6],[124.8,8.7],[124.7,8.7],[124.8,8.7],[124.8,8.8],[124.8,8.9],[124.8,9.0],[124.9,9.0],[125.0,8.9],[125.1,8.9],[125.1,8.8],[125.2,8.9],[125.2,9.0],[125.2,9.1],[125.3,9.0],[125.4,9.0],[125.5,9.0],[125.5,9.1],[125.5,9.2],[125.5,9.3],[125.5,9.4],[125.5,9.5],[125.4,9.5],[125.4,9.7],[125.5,9.8],[125.6,9.8],[125.6,9.7],[125.6,9.6],[125.7,9.6],[125.8,9.6],[125.8,9.5],[125.9,9.5],[126.0,9.5],[126.0,9.4],[125.9,9.4],[126.0,9.4],[126.0,9.3],[126.1,9.2],[126.1,9.3],[126.2,9.3],[126.2,9.2],[126.2,9.1],[126.2,9.0],[126.3,9.0],[126.3,8.9],[126.3,8.8],[126.2,8.7],[126.3,8.7],[126.2,8.7],[126.1,8.7],[126.1,8.6],[126.1,8.5],[126.2,8.5],[126.2,8.6],[126.2,8.5],[126.3,8.5],[126.3,8.6],[126.3,8.5],[126.4,8.5],[126.4,8.4],[126.3,8.4],[126.3,8.3],[126.4,8.3],[126.3,8.2],[126.4,8.2],[126.5,8.2],[126.5,8.1],[126.4,8.1],[126.4,8.0],[126.5,8.0],[126.4,8.0],[126.4,7.9],[126.4,7.8],[126.5,7.8],[126.5,7.7],[126.6,7.7],[126.6,7.6],[126.6,7.5],[126.6,7.4],[126.6,7.3]]],[[[119.7,10.6],[119.7,10.5],[119.6,10.4],[119.5,10.4],[119.4,10.4],[119.4,10.3],[119.3,10.3],[119.3,10.2],[119.2,10.2],[119.2,10.1],[119.2,10.0],[119.1,10.0],[119.0,10.0],[118.9,10.0],[118.8,10.0],[118.8,9.9],[118.8,9.8],[118.8,9.7],[118.7,9.7],[118.7,9.8],[118.7,9.7],[118.8,9.7],[118.7,9.7],[118.7,9.6],[118.6,9.4],[118.5,9.4],[118.5,9.3],[118.4,9.3],[118.4,9.2],[118.3,9.2],[118.2,9.2],[118.2,9.1],[118.1,9.1],[118.1,9.0],[118.0,8.9],[117.9,8.8],[117.8,8.8],[117.8,8.7],[117.7,8.7],[117.6,8.7],[117.6,8.6],[117.5,8.5],[117.4,8.5],[117.3,8.5],[117.3,8.4],[117.2,8.4],[117.2,8.3],[117.2,8.4],[117.2,8.5],[117.2,8.6],[117.3,8.6],[117.3,8.7],[117.4,8.7],[117.3,8.7],[117.4,8.7],[117.4,8.8],[117.5,8.8],[117.5,8.9],[117.6,9.0],[117.7,9.1],[117.8,9.1],[117.8,9.2],[117.9,9.2],[117.9,9.3],[118.0,9.3],[118.0,9.2],[118.0,9.3],[118.1,9.3],[118.1,9.4],[118.2,9.4],[118.2,9.5],[118.3,9.5],[118.3,9.6],[118.4,9.7],[118.5,9.7],[118.5,9.8],[118.6,9.9],[118.7,10.0],[118.8,10.1],[118.8,10.0],[118.8,10.1],[118.8,10.2],[118.9,10.2],[119.0,10.2],[119.0,10.3],[118.9,10.3],[119.0,10.3],[119.0,10.4],[119.0,10.3],[119.0,10.4],[119.1,10.4],[119.1,10.5],[119.1,10.4],[119.2,10.4],[119.2,10.5],[119.3,10.5],[119.2,10.5],[119.3,10.6],[119.3,10.5],[119.3,10.6],[119.3,10.7],[119.3,10.8],[119.2,10.8],[119.2,10.9],[119.3,10.9],[119.2,10.9],[119.2,11.0],[119.2,10.9],[119.3,10.9],[119.3,10.8],[119.4,10.8],[119.4,10.7],[119.5,10.7],[119.5,10.8],[119.4,10.8],[119.5,10.8],[119.4,10.8],[119.4,10.9],[119.3,10.9],[119.4,10.9],[119.3,10.9],[119.3,11.0],[119.4,11.0],[119.3,11.1],[119.4,11.1],[119.4,11.0],[119.4,11.1],[119.4,11.2],[119.4,11.3],[119.5,11.3],[119.5,11.4],[119.5,11.3],[119.6,11.3],[119.6,11.2],[119.5,11.2],[119.5,11.1],[119.6,11.1],[119.6,11.0],[119.5,11.0],[119.5,10.9],[119.5,10.8],[119.6,10.8],[119.6,10.7],[119.7,10.7],[119.6,10.7],[119.6,10.6],[119.7,10.6]]],[[[125.7,11.1],[125.8,11.1],[125.8,11.0],[125.7,11.0],[125.7,11.1],[125.6,11.1],[125.6,11.2],[125.6,11.1],[125.5,11.1],[125.4,11.1],[125.3,11.1],[125.2,11.1],[125.2,11.2],[125.2,11.3],[125.1,11.3],[125.0,11.3],[125.0,11.4],[125.0,11.5],[124.9,11.5],[124.8,11.5],[124.9,11.5],[124.9,11.6],[125.0,11.6],[125.0,11.7],[125.1,11.7],[125.0,11.8],[124.9,11.7],[124.9,11.8],[124.8,11.8],[124.8,11.9],[124.7,11.9],[124.7,12.0],[124.6,12.0],[124.6,12.1],[124.5,12.1],[124.4,12.2],[124.3,12.4],[124.3,12.5],[124.3,12.6],[124.4,12.5],[124.4,12.6],[124.4,12.5],[124.5,12.5],[124.6,12.5],[124.7,12.5],[124.9,12.5],[124.9,12.6],[125.0,12.6],[125.0,12.5],[125.1,12.5],[125.1,12.6],[125.2,12.6],[125.2,12.5],[125.3,12.5],[125.3,12.4],[125.3,12.3],[125.4,12.3],[125.3,12.3],[125.4,12.3],[125.5,12.3],[125.5,12.2],[125.5,12.1],[125.5,12.0],[125.4,11.9],[125.5,11.9],[125.5,11.8],[125.4,11.8],[125.5,11.8],[125.5,11.7],[125.5,11.6],[125.5,11.5],[125.6,11.4],[125.6,11.3],[125.6,11.2],[125.7,11.2],[125.7,11.1]]],[[[123.2,11.5],[123.2,11.4],[123.1,11.4],[123.1,11.3],[123.1,11.2],[123.0,11.2],[123.0,11.1],[123.0,11.0],[123.0,11.1],[122.9,11.1],[122.9,11.0],[122.8,11.0],[122.8,10.9],[122.8,10.8],[122.7,10.8],[122.6,10.8],[122.6,10.7],[122.5,10.7],[122.4,10.7],[122.3,10.7],[122.3,10.6],[122.2,10.6],[122.1,10.6],[122.0,10.5],[122.0,10.4],[121.9,10.4],[121.9,10.5],[122.0,10.6],[122.0,10.7],[121.9,10.8],[122.0,10.8],[122.0,10.9],[122.0,11.0],[122.1,11.1],[122.1,11.2],[122.1,11.3],[122.0,11.3],[122.1,11.3],[122.1,11.4],[122.1,11.5],[122.1,11.7],[122.0,11.7],[122.0,11.8],[121.9,11.8],[121.9,11.9],[122.0,11.9],[122.1,11.9],[122.1,11.8],[122.2,11.8],[122.3,11.8],[122.3,11.7],[122.4,11.7],[122.5,11.7],[122.5,11.6],[122.6,11.6],[122.6,11.5],[122.7,11.5],[122.6,11.5],[122.7,11.6],[122.7,11.5],[122.7,11.6],[122.8,11.6],[122.9,11.6],[122.9,11.5],[122.9,11.4],[122.9,11.5],[123.0,11.5],[123.1,11.5],[123.1,11.6],[123.2,11.6],[123.2,11.5],[123.1,11.5],[123.2,11.5]]],[[[125.3,10.3],[125.2,10.3],[125.1,10.3],[125.1,10.2],[125.2,10.2],[125.1,10.2],[125.1,10.3],[125.0,10.3],[125.0,10.4],[125.0,10.3],[125.0,10.2],[125.0,10.1],[125.0,10.0],[125.0,10.1],[124.9,10.1],[124.8,10.1],[124.8,10.2],[124.8,10.3],[124.8,10.4],[124.7,10.4],[124.7,10.5],[124.8,10.5],[124.8,10.6],[124.8,10.7],[124.8,10.8],[124.7,10.9],[124.7,11.0],[124.6,11.0],[124.5,11.0],[124.6,11.0],[124.6,10.9],[124.5,10.9],[124.4,10.9],[124.4,11.0],[124.4,11.1],[124.4,11.2],[124.4,11.3],[124.3,11.3],[124.4,11.4],[124.3,11.4],[124.3,11.5],[124.3,11.6],[124.4,11.5],[124.4,11.4],[124.5,11.4],[124.6,11.3],[124.7,11.3],[124.8,11.4],[124.9,11.4],[125.0,11.4],[125.0,11.3],[125.0,11.2],[125.0,11.1],[125.1,11.0],[125.0,10.8],[125.0,10.7],[125.1,10.7],[125.2,10.6],[125.2,10.5],[125.2,10.4],[125.3,10.4],[125.3,10.3]]]]},"properties":{"country":"Philippines","iso3":"PHL","entries":596,"_k":"3"}},{"type":"Feature","geometry":{"type":"MultiPolygon","coordinates":[[[[-7.2,55.1],[-7.3,55.1],[-7.3,55.0],[-7.4,55.0],[-7.4,54.9],[-7.5,54.9],[-7.5,54.8],[-7.6,54.8],[-7.5,54.7],[-7.6,54.7],[-7.7,54.7],[-7.8,54.7],[-7.9,54.7],[-7.9,54.6],[-7.8,54.6],[-7.7,54.6],[-7.8,54.5],[-7.9,54.5],[-8.0,54.5],[-8.1,54.5],[-8.2,54.5],[-8.2,54.4],[-8.1,54.4],[-8.0,54.4],[-8.0,54.3],[-7.9,54.3],[-7.9,54.2],[-7.8,54.2],[-7.7,54.2],[-7.6,54.2],[-7.6,54.1],[-7.5,54.1],[-7.4,54.1],[-7.3,54.1],[-7.3,54.2],[-7.3,54.1],[-7.3,54.2],[-7.2,54.2],[-7.3,54.2],[-7.2,54.2],[-7.1,54.3],[-7.2,54.3],[-7.1,54.3],[-7.1,54.4],[-7.0,54.4],[-6.9,54.4],[-6.9,54.3],[-6.8,54.3],[-6.8,54.2],[-6.7,54.2],[-6.6,54.2],[-6.6,54.1],[-6.7,54.1],[-6.6,54.0],[-6.6,54.1],[-6.6,54.0],[-6.5,54.1],[-6.4,54.1],[-6.3,54.1],[-6.2,54.1],[-6.2,54.0],[-6.1,54.0],[-6.2,54.0],[-6.3,54.0],[-6.4,54.0],[-6.3,54.0],[-6.4,54.0],[-6.4,53.9],[-6.3,53.9],[-6.2,53.9],[-6.3,53.8],[-6.2,53.8],[-6.2,53.7],[-6.2,53.6],[-6.1,53.6],[-6.1,53.5],[-6.2,53.5],[-6.1,53.4],[-6.2,53.4],[-6.2,53.3],[-6.1,53.3],[-6.1,53.2],[-6.0,53.1],[-6.0,53.0],[-6.1,53.0],[-6.0,53.0],[-6.0,52.9],[-6.1,52.9],[-6.1,52.8],[-6.2,52.8],[-6.1,52.7],[-6.2,52.7],[-6.2,52.6],[-6.2,52.5],[-6.3,52.5],[-6.3,52.4],[-6.4,52.4],[-6.4,52.3],[-6.4,52.4],[-6.5,52.4],[-6.5,52.3],[-6.4,52.3],[-6.5,52.3],[-6.4,52.3],[-6.3,52.2],[-6.4,52.2],[-6.5,52.2],[-6.4,52.2],[-6.5,52.2],[-6.6,52.2],[-6.7,52.2],[-6.8,52.2],[-6.8,52.3],[-6.8,52.2],[-6.9,52.2],[-6.9,52.1],[-6.9,52.2],[-7.0,52.2],[-7.0,52.3],[-7.0,52.2],[-7.0,52.1],[-7.1,52.1],[-7.1,52.2],[-7.2,52.2],[-7.2,52.1],[-7.4,52.1],[-7.5,52.1],[-7.6,52.1],[-7.5,52.1],[-7.6,52.0],[-7.7,52.0],[-7.7,51.9],[-7.8,52.0],[-7.9,52.0],[-7.9,51.9],[-8.0,51.9],[-8.0,51.8],[-8.1,51.8],[-8.2,51.8],[-8.3,51.8],[-8.2,51.8],[-8.2,51.9],[-8.3,51.9],[-8.4,51.9],[-8.3,51.9],[-8.3,51.8],[-8.3,51.7],[-8.4,51.7],[-8.5,51.7],[-8.6,51.7],[-8.5,51.7],[-8.5,51.6],[-8.6,51.6],[-8.8,51.6],[-8.7,51.6],[-8.8,51.6],[-8.9,51.6],[-8.9,51.5],[-9.0,51.5],[-9.0,51.6],[-9.1,51.5],[-9.1,51.6],[-9.1,51.5],[-9.2,51.5],[-9.3,51.5],[-9.4,51.5],[-9.3,51.5],[-9.4,51.5],[-9.3,51.5],[-9.4,51.5],[-9.4,51.6],[-9.5,51.6],[-9.4,51.5],[-9.5,51.5],[-9.6,51.5],[-9.7,51.5],[-9.8,51.5],[-9.8,51.4],[-9.8,51.5],[-9.8,51.4],[-9.8,51.5],[-9.7,51.5],[-9.7,51.6],[-9.6,51.6],[-9.5,51.6],[-9.6,51.6],[-9.8,51.6],[-9.8,51.5],[-9.8,51.6],[-9.7,51.6],[-9.6,51.6],[-9.6,51.7],[-9.5,51.7],[-9.4,51.7],[-9.5,51.7],[-9.5,51.8],[-9.6,51.8],[-9.6,51.7],[-9.5,51.7],[-9.6,51.7],[-9.7,51.7],[-9.9,51.7],[-9.9,51.6],[-10.0,51.6],[-10.1,51.6],[-10.2,51.6],[-10.1,51.6],[-10.1,51.7],[-10.0,51.7],[-9.9,51.7],[-9.9,51.8],[-9.9,51.7],[-9.9,51.8],[-9.8,51.8],[-9.7,51.8],[-9.6,51.9],[-9.7,51.9],[-9.8,51.8],[-9.9,51.8],[-10.0,51.8],[-10.1,51.8],[-10.1,51.7],[-10.1,51.8],[-10.2,51.8],[-10.2,51.9],[-10.2,51.8],[-10.3,51.8],[-10.4,51.8],[-10.4,51.9],[-10.3,51.9],[-10.3,52.0],[-10.2,52.0],[-10.1,52.0],[-10.0,52.0],[-10.0,52.1],[-9.9,52.1],[-9.8,52.1],[-9.8,52.2],[-10.0,52.1],[-9.9,52.1],[-10.0,52.1],[-10.2,52.1],[-10.3,52.1],[-10.4,52.1],[-10.5,52.1],[-10.5,52.2],[-10.4,52.2],[-10.3,52.2],[-10.3,52.3],[-10.2,52.3],[-10.2,52.2],[-10.1,52.2],[-10.1,52.3],[-10.0,52.3],[-10.1,52.3],[-10.0,52.3],[-10.0,52.2],[-9.9,52.2],[-9.8,52.3],[-9.8,52.2],[-9.7,52.2],[-9.8,52.3],[-9.9,52.3],[-9.8,52.3],[-9.9,52.3],[-9.8,52.3],[-9.8,52.4],[-9.9,52.4],[-9.8,52.4],[-9.7,52.5],[-9.6,52.5],[-9.7,52.5],[-9.7,52.6],[-9.6,52.6],[-9.5,52.6],[-9.4,52.6],[-9.3,52.6],[-9.2,52.6],[-9.1,52.6],[-9.0,52.6],[-9.0,52.7],[-8.8,52.7],[-8.9,52.7],[-9.0,52.7],[-8.9,52.7],[-9.0,52.7],[-9.0,52.8],[-8.9,52.8],[-9.0,52.8],[-9.0,52.7],[-9.1,52.7],[-9.1,52.6],[-9.2,52.6],[-9.3,52.6],[-9.4,52.6],[-9.5,52.6],[-9.5,52.7],[-9.6,52.7],[-9.6,52.6],[-9.7,52.6],[-9.8,52.6],[-9.9,52.6],[-9.8,52.6],[-9.6,52.7],[-9.5,52.7],[-9.5,52.8],[-9.4,52.8],[-9.4,52.9],[-9.5,52.9],[-9.4,53.0],[-9.3,53.1],[-9.3,53.2],[-9.2,53.1],[-9.1,53.1],[-9.1,53.2],[-9.0,53.1],[-9.0,53.2],[-9.0,53.1],[-8.9,53.1],[-8.9,53.2],[-9.0,53.2],[-8.9,53.2],[-9.0,53.2],[-9.0,53.3],[-8.9,53.3],[-9.0,53.3],[-9.1,53.3],[-9.4,53.2],[-9.5,53.2],[-9.6,53.3],[-9.5,53.3],[-9.6,53.3],[-9.6,53.2],[-9.6,53.3],[-9.6,53.4],[-9.6,53.3],[-9.7,53.3],[-9.6,53.4],[-9.7,53.4],[-9.7,53.3],[-9.8,53.3],[-9.9,53.3],[-9.9,53.4],[-9.8,53.4],[-9.9,53.4],[-9.8,53.4],[-9.9,53.4],[-10.0,53.4],[-10.1,53.4],[-10.2,53.4],[-10.1,53.4],[-10.1,53.5],[-10.0,53.5],[-10.1,53.5],[-10.2,53.5],[-10.2,53.6],[-10.1,53.6],[-10.1,53.5],[-10.1,53.6],[-10.0,53.6],[-10.0,53.5],[-10.0,53.6],[-9.9,53.6],[-9.8,53.6],[-9.7,53.6],[-9.8,53.6],[-9.9,53.6],[-9.9,53.7],[-9.9,53.8],[-9.8,53.8],[-9.6,53.8],[-9.6,53.9],[-9.8,53.9],[-9.9,53.9],[-9.9,54.0],[-9.8,53.9],[-9.8,54.0],[-9.9,54.0],[-9.8,54.0],[-9.9,54.0],[-9.9,54.1],[-9.8,54.1],[-9.9,54.1],[-10.0,54.1],[-9.9,54.1],[-10.0,54.1],[-10.0,54.2],[-9.9,54.1],[-9.9,54.2],[-10.0,54.2],[-9.9,54.2],[-10.0,54.2],[-10.1,54.2],[-10.0,54.2],[-10.1,54.2],[-10.1,54.1],[-10.1,54.2],[-10.1,54.3],[-10.0,54.3],[-9.9,54.3],[-9.9,54.2],[-10.0,54.2],[-9.9,54.2],[-9.9,54.3],[-9.8,54.3],[-9.7,54.3],[-9.5,54.3],[-9.4,54.3],[-9.3,54.3],[-9.2,54.3],[-9.2,54.2],[-9.1,54.2],[-9.1,54.1],[-9.1,54.2],[-9.1,54.3],[-9.0,54.3],[-8.9,54.3],[-8.8,54.3],[-8.7,54.3],[-8.6,54.3],[-8.6,54.2],[-8.5,54.2],[-8.6,54.2],[-8.6,54.3],[-8.5,54.3],[-8.6,54.3],[-8.5,54.3],[-8.6,54.3],[-8.7,54.3],[-8.7,54.4],[-8.6,54.4],[-8.5,54.4],[-8.5,54.5],[-8.4,54.5],[-8.4,54.4],[-8.4,54.5],[-8.3,54.5],[-8.2,54.5],[-8.3,54.5],[-8.2,54.6],[-8.1,54.6],[-8.1,54.7],[-8.1,54.6],[-8.2,54.6],[-8.3,54.6],[-8.4,54.6],[-8.5,54.6],[-8.4,54.6],[-8.5,54.6],[-8.6,54.6],[-8.7,54.6],[-8.8,54.7],[-8.7,54.7],[-8.7,54.8],[-8.6,54.8],[-8.5,54.8],[-8.4,54.8],[-8.5,54.8],[-8.6,54.8],[-8.5,54.8],[-8.5,54.9],[-8.5,54.8],[-8.4,54.8],[-8.3,54.8],[-8.4,54.8],[-8.4,54.9],[-8.3,54.9],[-8.4,54.9],[-8.5,54.9],[-8.4,54.9],[-8.4,55.0],[-8.5,55.0],[-8.4,55.0],[-8.4,55.1],[-8.3,55.1],[-8.3,55.0],[-8.3,55.1],[-8.3,55.2],[-8.2,55.1],[-8.2,55.2],[-8.1,55.2],[-8.2,55.1],[-8.1,55.1],[-8.1,55.2],[-8.0,55.2],[-7.9,55.2],[-7.9,55.1],[-7.8,55.1],[-7.8,55.2],[-7.9,55.2],[-7.8,55.2],[-7.8,55.3],[-7.8,55.2],[-7.7,55.2],[-7.7,55.1],[-7.7,55.2],[-7.8,55.2],[-7.8,55.3],[-7.7,55.3],[-7.6,55.3],[-7.6,55.2],[-7.6,55.1],[-7.5,55.1],[-7.6,55.1],[-7.6,55.0],[-7.6,55.1],[-7.6,55.0],[-7.7,55.0],[-7.6,55.0],[-7.5,55.0],[-7.5,55.1],[-7.5,55.2],[-7.5,55.3],[-7.4,55.3],[-7.3,55.3],[-7.4,55.3],[-7.4,55.4],[-7.3,55.4],[-7.2,55.4],[-7.2,55.3],[-7.1,55.3],[-7.0,55.3],[-7.0,55.2],[-7.0,55.3],[-6.9,55.2],[-7.0,55.2],[-7.1,55.2],[-7.2,55.2],[-7.2,55.1]]],[[[-10.0,54.0],[-9.9,54.0],[-9.9,53.9],[-10.0,53.9],[-10.1,53.9],[-10.1,54.0],[-10.2,54.0],[-10.3,54.0],[-10.2,54.0],[-10.1,54.0],[-10.0,54.0],[-9.9,54.0],[-10.0,54.0]]]]},"properties":{"country":"Ireland","iso3":"IRL","entries":9,"_k":"4"}},{"type":"Feature","geometry":{"type":"MultiPolygon","coordinates":[[[[20.6,69.0],[20.7,69.0],[20.8,69.0],[20.9,69.0],[20.9,68.9],[21.1,68.9],[21.2,68.8],[21.3,68.8],[21.4,68.8],[21.4,68.7],[21.5,68.7],[21.6,68.7],[21.7,68.6],[21.9,68.6],[22.0,68.5],[22.1,68.5],[22.3,68.5],[22.4,68.5],[22.5,68.5],[22.5,68.4],[22.6,68.4],[22.7,68.4],[22.8,68.4],[22.9,68.4],[22.9,68.3],[23.1,68.3],[23.1,68.2],[23.2,68.2],[23.1,68.2],[23.2,68.2],[23.1,68.1],[23.2,68.1],[23.3,68.1],[23.4,68.1],[23.5,68.0],[23.6,68.0],[23.7,68.0],[23.7,67.9],[23.6,67.9],[23.5,67.9],[23.5,67.8],[23.5,67.7],[23.5,67.6],[23.6,67.6],[23.5,67.6],[23.5,67.5],[23.4,67.5],[23.5,67.4],[23.6,67.5],[23.7,67.4],[23.8,67.4],[23.8,67.3],[23.7,67.3],[23.6,67.3],[23.6,67.2],[23.6,67.1],[23.7,67.1],[23.7,67.0],[23.8,67.0],[23.9,66.9],[24.0,66.9],[24.0,66.8],[23.9,66.8],[23.9,66.7],[23.9,66.6],[23.8,66.5],[23.7,66.5],[23.6,66.4],[23.7,66.4],[23.7,66.3],[23.7,66.2],[23.8,66.2],[23.9,66.2],[23.9,66.1],[24.0,66.1],[24.0,66.0],[24.1,66.0],[24.1,65.9],[24.2,65.8],[24.1,65.8],[24.0,65.8],[24.1,65.8],[24.0,65.8],[23.9,65.8],[23.8,65.8],[23.7,65.8],[23.6,65.8],[23.5,65.8],[23.4,65.8],[23.3,65.8],[23.2,65.8],[23.1,65.7],[23.1,65.8],[23.0,65.8],[22.9,65.8],[22.8,65.8],[22.8,65.9],[22.7,65.9],[22.6,65.9],[22.7,65.9],[22.7,65.8],[22.6,65.8],[22.7,65.8],[22.6,65.8],[22.5,65.8],[22.5,65.9],[22.4,65.9],[22.4,65.8],[22.3,65.8],[22.4,65.8],[22.3,65.8],[22.4,65.8],[22.3,65.7],[22.2,65.8],[22.2,65.7],[22.3,65.7],[22.4,65.7],[22.3,65.7],[22.3,65.6],[22.2,65.6],[22.3,65.6],[22.3,65.7],[22.3,65.6],[22.4,65.6],[22.3,65.6],[22.4,65.6],[22.4,65.5],[22.4,65.6],[22.3,65.6],[22.2,65.6],[22.1,65.6],[22.0,65.6],[21.9,65.7],[21.8,65.7],[22.0,65.6],[22.1,65.6],[22.2,65.6],[22.2,65.5],[22.1,65.5],[22.0,65.5],[21.9,65.5],[22.0,65.5],[21.9,65.5],[22.0,65.5],[22.0,65.4],[21.9,65.5],[21.9,65.4],[21.8,65.4],[21.7,65.4],[21.6,65.4],[21.5,65.4],[21.6,65.4],[21.5,65.4],[21.4,65.4],[21.5,65.4],[21.5,65.3],[21.6,65.3],[21.7,65.3],[21.6,65.2],[21.5,65.2],[21.5,65.3],[21.4,65.3],[21.4,65.4],[21.3,65.4],[21.3,65.3],[21.4,65.3],[21.5,65.3],[21.5,65.2],[21.6,65.2],[21.6,65.1],[21.5,65.1],[21.6,65.1],[21.5,65.1],[21.6,65.1],[21.5,65.1],[21.5,65.0],[21.4,65.0],[21.3,65.0],[21.2,65.0],[21.2,64.9],[21.3,64.9],[21.2,64.9],[21.2,64.8],[21.1,64.8],[21.1,64.9],[21.0,64.8],[21.1,64.8],[21.2,64.8],[21.3,64.8],[21.3,64.7],[21.2,64.8],[21.2,64.7],[21.3,64.7],[21.2,64.7],[21.1,64.7],[21.2,64.7],[21.3,64.6],[21.2,64.6],[21.3,64.6],[21.4,64.6],[21.5,64.6],[21.5,64.5],[21.6,64.5],[21.5,64.5],[21.4,64.5],[21.3,64.5],[21.4,64.5],[21.5,64.5],[21.6,64.5],[21.6,64.4],[21.5,64.4],[21.4,64.4],[21.4,64.3],[21.3,64.4],[21.3,64.3],[21.2,64.3],[21.1,64.2],[21.0,64.2],[21.0,64.1],[20.9,64.1],[21.0,64.1],[20.9,64.1],[20.9,64.0],[20.8,64.0],[20.8,63.9],[20.7,63.8],[20.6,63.8],[20.5,63.8],[20.4,63.8],[20.4,63.7],[20.3,63.8],[20.3,63.7],[20.2,63.7],[20.1,63.6],[20.1,63.7],[20.0,63.7],[20.0,63.6],[19.9,63.6],[19.8,63.6],[19.8,63.5],[19.7,63.5],[19.7,63.4],[19.6,63.4],[19.6,63.5],[19.5,63.5],[19.5,63.6],[19.4,63.6],[19.4,63.5],[19.5,63.5],[19.5,63.4],[19.4,63.5],[19.3,63.5],[19.4,63.4],[19.3,63.4],[19.3,63.5],[19.3,63.4],[19.3,63.3],[19.2,63.3],[19.1,63.3],[19.2,63.3],[19.1,63.3],[19.1,63.2],[19.1,63.3],[19.0,63.2],[19.1,63.2],[19.0,63.2],[18.9,63.3],[18.9,63.2],[18.8,63.3],[18.7,63.3],[18.8,63.2],[18.9,63.2],[18.8,63.2],[18.7,63.2],[18.8,63.2],[18.6,63.2],[18.6,63.1],[18.7,63.1],[18.6,63.1],[18.5,63.1],[18.6,63.1],[18.5,63.1],[18.5,63.0],[18.4,63.0],[18.4,63.1],[18.4,63.0],[18.3,63.0],[18.2,63.0],[18.3,63.0],[18.5,63.0],[18.6,63.0],[18.5,63.0],[18.5,62.9],[18.5,63.0],[18.4,63.0],[18.4,62.9],[18.5,62.9],[18.4,62.9],[18.5,62.9],[18.4,62.9],[18.4,62.8],[18.3,62.8],[18.3,62.9],[18.2,62.9],[18.3,62.9],[18.2,62.9],[18.2,62.8],[18.3,62.8],[18.2,62.8],[18.1,62.8],[18.0,62.8],[18.1,62.8],[18.1,62.9],[18.0,62.8],[17.9,62.8],[17.9,62.9],[17.9,63.0],[17.8,63.0],[17.7,63.0],[17.8,62.9],[17.9,62.9],[17.9,62.8],[18.0,62.8],[18.0,62.7],[17.9,62.7],[18.0,62.6],[18.1,62.6],[18.0,62.6],[17.9,62.6],[17.9,62.5],[17.8,62.5],[17.7,62.5],[17.7,62.4],[17.6,62.4],[17.5,62.4],[17.5,62.5],[17.4,62.5],[17.3,62.5],[17.4,62.4],[17.3,62.4],[17.4,62.4],[17.4,62.3],[17.5,62.3],[17.5,62.2],[17.6,62.3],[17.6,62.2],[17.7,62.2],[17.6,62.2],[17.5,62.2],[17.6,62.2],[17.5,62.2],[17.5,62.1],[17.4,62.1],[17.5,62.1],[17.5,62.0],[17.4,62.0],[17.5,62.0],[17.4,62.0],[17.3,61.9],[17.4,61.9],[17.3,61.9],[17.4,61.9],[17.4,61.8],[17.3,61.8],[17.4,61.8],[17.4,61.7],[17.5,61.7],[17.5,61.6],[17.4,61.6],[17.4,61.7],[17.3,61.7],[17.4,61.7],[17.3,61.7],[17.2,61.7],[17.1,61.7],[17.2,61.7],[17.3,61.7],[17.2,61.7],[17.2,61.6],[17.1,61.6],[17.2,61.6],[17.1,61.6],[17.2,61.6],[17.1,61.6],[17.1,61.5],[17.2,61.5],[17.1,61.5],[17.2,61.5],[17.2,61.4],[17.2,61.5],[17.2,61.4],[17.1,61.4],[17.2,61.4],[17.2,61.3],[17.3,61.3],[17.2,61.3],[17.1,61.3],[17.2,61.3],[17.2,61.2],[17.2,61.1],[17.1,61.1],[17.2,61.1],[17.2,61.0],[17.2,60.9],[17.3,60.8],[17.3,60.7],[17.2,60.7],[17.3,60.7],[17.4,60.6],[17.3,60.6],[17.4,60.6],[17.5,60.6],[17.6,60.6],[17.7,60.6],[17.6,60.6],[17.6,60.5],[17.7,60.5],[17.8,60.6],[17.9,60.6],[18.0,60.6],[18.0,60.5],[18.1,60.5],[18.1,60.4],[18.2,60.4],[18.3,60.4],[18.2,60.4],[18.2,60.3],[18.3,60.3],[18.3,60.4],[18.4,60.3],[18.5,60.3],[18.4,60.3],[18.6,60.3],[18.6,60.2],[18.4,60.3],[18.3,60.3],[18.4,60.3],[18.4,60.2],[18.5,60.2],[18.5,60.1],[18.6,60.1],[18.6,60.2],[18.7,60.1],[18.7,60.0],[18.8,60.0],[18.8,60.1],[18.9,60.0],[18.9,59.9],[19.0,59.9],[19.1,59.9],[19.1,59.8],[19.0,59.8],[18.9,59.9],[18.9,59.8],[18.8,59.8],[18.7,59.8],[18.8,59.8],[19.0,59.8],[19.1,59.8],[19.1,59.7],[19.0,59.7],[18.9,59.7],[18.9,59.8],[18.9,59.7],[18.8,59.7],[18.7,59.7],[18.7,59.6],[18.6,59.6],[18.5,59.5],[18.4,59.5],[18.3,59.5],[18.2,59.5],[18.3,59.4],[18.2,59.4],[18.2,59.5],[18.2,59.4],[18.1,59.4],[18.1,59.5],[18.1,59.4],[18.0,59.4],[18.1,59.3],[18.2,59.3],[18.3,59.4],[18.4,59.4],[18.4,59.3],[18.5,59.3],[18.5,59.4],[18.4,59.4],[18.5,59.4],[18.4,59.4],[18.5,59.4],[18.6,59.4],[18.5,59.4],[18.6,59.4],[18.6,59.3],[18.5,59.3],[18.4,59.3],[18.3,59.3],[18.3,59.2],[18.4,59.2],[18.3,59.2],[18.4,59.2],[18.4,59.1],[18.3,59.1],[18.2,59.1],[18.3,59.1],[18.2,59.1],[18.3,59.1],[18.2,59.1],[18.1,59.1],[18.0,59.1],[18.0,59.0],[18.1,59.0],[18.0,59.0],[18.0,58.9],[17.9,58.9],[17.8,58.9],[17.8,59.0],[17.8,58.9],[17.7,58.9],[17.8,59.0],[17.7,59.0],[17.8,59.0],[17.8,59.1],[17.7,59.1],[17.7,59.2],[17.7,59.1],[17.6,59.1],[17.6,59.0],[17.6,58.9],[17.5,58.9],[17.6,58.9],[17.5,58.9],[17.4,58.9],[17.5,58.9],[17.5,58.8],[17.4,58.8],[17.5,58.8],[17.3,58.8],[17.4,58.8],[17.3,58.8],[17.3,58.7],[17.2,58.7],[17.1,58.7],[17.1,58.8],[17.0,58.8],[17.0,58.7],[17.1,58.7],[17.0,58.7],[17.0,58.6],[16.9,58.6],[16.6,58.6],[16.2,58.7],[16.3,58.7],[16.3,58.6],[16.2,58.6],[16.3,58.6],[16.4,58.6],[16.5,58.6],[16.6,58.6],[16.7,58.6],[16.8,58.6],[16.8,58.5],[16.9,58.5],[16.8,58.5],[16.9,58.5],[16.8,58.5],[16.8,58.4],[16.7,58.4],[16.6,58.4],[16.5,58.5],[16.4,58.5],[16.7,58.4],[16.8,58.4],[16.8,58.3],[16.6,58.4],[16.6,58.3],[16.7,58.3],[16.8,58.3],[16.7,58.3],[16.8,58.2],[16.8,58.1],[16.7,58.1],[16.7,58.2],[16.6,58.2],[16.7,58.2],[16.7,58.1],[16.7,58.0],[16.8,58.0],[16.7,58.0],[16.6,58.0],[16.7,58.0],[16.7,57.9],[16.8,57.9],[16.7,57.9],[16.8,57.9],[16.7,57.9],[16.6,57.9],[16.5,58.0],[16.6,57.9],[16.5,57.9],[16.7,57.8],[16.7,57.7],[16.6,57.8],[16.5,57.8],[16.4,57.9],[16.5,57.8],[16.6,57.8],[16.7,57.7],[16.6,57.7],[16.6,57.6],[16.5,57.6],[16.6,57.6],[16.7,57.5],[16.6,57.4],[16.7,57.4],[16.6,57.4],[16.5,57.4],[16.6,57.3],[16.5,57.3],[16.6,57.3],[16.5,57.3],[16.5,57.2],[16.5,57.1],[16.6,57.1],[16.6,57.0],[16.5,57.1],[16.5,57.0],[16.5,57.1],[16.4,57.1],[16.4,57.0],[16.5,57.0],[16.4,57.0],[16.5,57.0],[16.5,56.9],[16.4,56.9],[16.4,56.8],[16.5,56.8],[16.4,56.8],[16.4,56.7],[16.3,56.7],[16.2,56.6],[16.2,56.5],[16.1,56.5],[16.1,56.4],[16.1,56.3],[16.0,56.3],[16.0,56.2],[15.9,56.2],[15.9,56.1],[15.8,56.1],[15.8,56.2],[15.7,56.2],[15.6,56.2],[15.5,56.2],[15.4,56.2],[15.4,56.1],[15.3,56.1],[15.3,56.2],[15.2,56.2],[15.1,56.2],[15.0,56.2],[14.9,56.2],[14.8,56.2],[14.8,56.1],[14.8,56.2],[14.7,56.2],[14.7,56.1],[14.8,56.0],[14.7,56.0],[14.6,56.0],[14.6,56.1],[14.6,56.0],[14.6,56.1],[14.5,56.0],[14.4,56.0],[14.3,56.0],[14.3,55.9],[14.2,55.9],[14.2,55.8],[14.2,55.7],[14.3,55.7],[14.3,55.6],[14.4,55.6],[14.4,55.5],[14.3,55.5],[14.2,55.4],[14.1,55.4],[14.0,55.4],[13.9,55.4],[13.8,55.4],[13.6,55.4],[13.5,55.4],[13.4,55.4],[13.4,55.3],[13.3,55.3],[13.1,55.4],[13.0,55.4],[12.9,55.4],[12.8,55.4],[12.9,55.4],[13.0,55.4],[13.0,55.5],[13.0,55.4],[13.0,55.5],[12.9,55.5],[12.9,55.6],[13.0,55.6],[13.1,55.7],[13.0,55.7],[12.9,55.7],[12.9,55.8],[12.9,55.9],[12.8,55.9],[12.8,56.0],[12.7,56.0],[12.7,56.1],[12.6,56.1],[12.6,56.2],[12.5,56.2],[12.5,56.3],[12.6,56.3],[12.7,56.3],[12.7,56.2],[12.8,56.2],[12.8,56.3],[12.7,56.4],[12.6,56.4],[12.7,56.5],[12.8,56.4],[12.9,56.5],[12.9,56.6],[12.8,56.7],[12.8,56.6],[12.7,56.6],[12.7,56.7],[12.6,56.7],[12.6,56.8],[12.5,56.8],[12.5,56.9],[12.4,56.9],[12.3,56.9],[12.3,57.0],[12.4,57.0],[12.3,57.0],[12.2,57.1],[12.2,57.2],[12.1,57.2],[12.2,57.2],[12.1,57.2],[12.2,57.2],[12.1,57.2],[12.1,57.3],[12.0,57.4],[12.1,57.4],[12.1,57.5],[12.0,57.5],[12.0,57.4],[12.0,57.3],[12.0,57.4],[11.9,57.4],[11.9,57.5],[11.9,57.6],[11.8,57.6],[11.8,57.7],[11.9,57.7],[11.8,57.7],[11.7,57.7],[11.8,57.7],[11.7,57.7],[11.8,57.8],[11.7,57.8],[11.7,57.9],[11.8,57.9],[11.7,57.9],[11.8,57.9],[11.7,57.9],[11.7,58.0],[11.8,58.0],[11.8,58.1],[11.8,58.2],[11.9,58.2],[11.8,58.3],[11.9,58.3],[11.8,58.3],[11.7,58.3],[11.6,58.3],[11.6,58.2],[11.6,58.3],[11.5,58.3],[11.5,58.2],[11.5,58.3],[11.6,58.4],[11.7,58.4],[11.6,58.4],[11.6,58.5],[11.5,58.5],[11.6,58.4],[11.5,58.4],[11.5,58.3],[11.4,58.3],[11.4,58.4],[11.4,58.3],[11.3,58.3],[11.4,58.4],[11.3,58.4],[11.2,58.3],[11.2,58.4],[11.3,58.4],[11.3,58.5],[11.2,58.5],[11.3,58.5],[11.3,58.6],[11.2,58.6],[11.2,58.7],[11.2,58.8],[11.2,58.9],[11.1,58.9],[11.1,59.0],[11.2,59.0],[11.1,59.0],[11.2,59.1],[11.3,59.1],[11.4,59.1],[11.4,59.0],[11.5,59.0],[11.5,58.9],[11.6,58.9],[11.7,58.9],[11.7,59.0],[11.7,59.1],[11.8,59.2],[11.8,59.3],[11.8,59.4],[11.7,59.6],[11.8,59.7],[11.9,59.7],[11.9,59.8],[11.8,59.8],[11.8,59.9],[11.9,59.9],[12.1,59.9],[12.3,60.0],[12.4,60.1],[12.5,60.1],[12.5,60.2],[12.5,60.3],[12.6,60.4],[12.6,60.5],[12.5,60.7],[12.4,60.8],[12.3,60.8],[12.3,60.9],[12.3,61.0],[12.5,61.0],[12.6,61.1],[12.7,61.0],[12.7,61.1],[12.7,61.2],[12.8,61.2],[12.9,61.3],[12.9,61.4],[12.6,61.5],[12.6,61.6],[12.5,61.6],[12.4,61.6],[12.3,61.6],[12.3,61.7],[12.2,61.7],[12.2,62.0],[12.3,62.2],[12.3,62.3],[12.1,62.6],[12.1,62.7],[12.2,62.7],[12.1,62.9],[12.2,63.0],[12.1,63.2],[12.0,63.3],[12.2,63.5],[12.2,63.6],[12.3,63.7],[12.5,63.8],[12.7,64.0],[12.8,64.0],[13.0,64.1],[13.2,64.1],[13.6,64.1],[13.9,64.0],[14.0,64.0],[14.1,64.2],[14.2,64.2],[14.1,64.4],[14.1,64.5],[14.0,64.5],[13.9,64.5],[13.6,64.6],[13.9,64.8],[14.2,65.0],[14.3,65.1],[14.4,65.2],[14.4,65.3],[14.5,65.3],[14.5,65.4],[14.5,65.5],[14.6,65.7],[14.6,65.8],[14.5,66.1],[14.8,66.1],[15.1,66.2],[15.5,66.3],[15.5,66.4],[15.4,66.5],[15.7,66.6],[16.0,66.9],[16.1,66.9],[16.3,67.0],[16.4,67.0],[16.4,67.1],[16.4,67.2],[16.1,67.4],[16.2,67.5],[16.4,67.5],[16.5,67.6],[16.6,67.6],[16.8,67.9],[17.2,68.0],[17.3,68.1],[17.6,68.0],[17.9,68.0],[18.0,68.0],[18.2,68.2],[18.1,68.4],[18.2,68.5],[18.4,68.6],[18.5,68.6],[18.6,68.5],[18.7,68.5],[19.0,68.5],[19.5,68.4],[19.9,68.4],[20.0,68.4],[20.2,68.5],[20.0,68.5],[20.2,68.6],[20.2,68.7],[20.3,68.8],[20.4,68.8],[20.3,68.9],[20.1,69.0],[20.4,69.0],[20.6,69.0]]],[[[19.0,57.9],[19.1,57.9],[19.1,57.8],[19.0,57.8],[18.9,57.8],[18.9,57.7],[18.8,57.7],[18.8,57.6],[18.8,57.5],[18.8,57.4],[18.9,57.4],[18.8,57.4],[18.7,57.3],[18.7,57.2],[18.6,57.2],[18.4,57.2],[18.4,57.1],[18.5,57.1],[18.4,57.1],[18.3,57.1],[18.3,57.0],[18.4,57.0],[18.3,57.0],[18.4,57.0],[18.3,57.0],[18.3,56.9],[18.2,56.9],[18.1,56.9],[18.2,57.0],[18.3,57.0],[18.3,57.1],[18.2,57.1],[18.2,57.2],[18.1,57.3],[18.2,57.3],[18.2,57.4],[18.1,57.4],[18.1,57.5],[18.2,57.6],[18.3,57.7],[18.5,57.8],[18.6,57.8],[18.6,57.9],[18.7,57.9],[18.8,57.9],[18.8,57.8],[18.8,57.9],[18.9,57.9],[18.8,57.9],[18.9,57.9],[19.0,57.9]]],[[[17.1,57.3],[17.0,57.3],[17.1,57.2],[17.0,57.2],[17.0,57.1],[16.9,57.1],[16.9,57.0],[16.9,56.9],[16.8,56.8],[16.8,56.7],[16.7,56.6],[16.6,56.6],[16.6,56.5],[16.6,56.4],[16.6,56.3],[16.5,56.3],[16.5,56.2],[16.4,56.2],[16.4,56.3],[16.4,56.4],[16.4,56.5],[16.4,56.6],[16.5,56.6],[16.6,56.9],[16.7,56.9],[16.8,57.0],[16.8,57.1],[16.9,57.1],[16.9,57.2],[17.0,57.2],[17.0,57.3],[17.0,57.4],[17.1,57.4],[17.1,57.3],[17.1,57.4],[17.1,57.3]]],[[[11.8,58.2],[11.8,58.1],[11.7,58.1],[11.6,58.1],[11.5,58.1],[11.4,58.1],[11.4,58.2],[11.5,58.2],[11.6,58.2],[11.7,58.2],[11.7,58.3],[11.8,58.3],[11.8,58.2]]]]},"properties":{"country":"Sweden","iso3":"SWE","entries":318,"_k":"5"}},{"type":"Feature","geometry":{"type":"MultiPolygon","coordinates":[[[[133.4,34.4],[133.3,34.3],[133.3,34.4],[133.2,34.4],[133.2,34.3],[133.1,34.3],[133.1,34.4],[133.1,34.3],[133.1,34.4],[133.2,34.4],[133.1,34.4],[133.1,34.3],[133.0,34.3],[132.9,34.3],[132.8,34.3],[132.8,34.2],[132.7,34.2],[132.6,34.2],[132.5,34.2],[132.6,34.2],[132.5,34.2],[132.5,34.3],[132.5,34.4],[132.5,34.3],[132.4,34.4],[132.3,34.3],[132.2,34.2],[132.2,34.1],[132.2,34.0],[132.2,33.9],[132.1,33.9],[132.2,33.9],[132.2,33.8],[132.1,33.8],[132.0,33.8],[132.1,33.8],[132.1,33.9],[132.0,33.9],[131.9,34.0],[131.8,34.0],[131.7,34.1],[131.7,34.0],[131.6,34.0],[131.5,34.0],[131.4,34.0],[131.3,34.0],[131.3,33.9],[131.2,33.9],[131.2,34.0],[131.2,33.9],[131.2,34.0],[131.1,34.0],[131.0,34.0],[130.9,33.9],[130.9,34.0],[130.9,33.9],[130.9,34.0],[130.9,34.1],[130.9,34.2],[130.9,34.3],[130.9,34.4],[130.9,34.3],[130.9,34.4],[131.0,34.4],[130.9,34.4],[131.0,34.4],[131.1,34.4],[131.2,34.4],[131.3,34.4],[131.2,34.4],[131.3,34.4],[131.4,34.4],[131.4,34.5],[131.5,34.5],[131.5,34.6],[131.6,34.6],[131.6,34.7],[131.7,34.7],[131.8,34.7],[131.9,34.7],[131.9,34.8],[132.0,34.8],[132.0,34.9],[132.1,34.9],[132.1,35.0],[132.2,35.0],[132.3,35.0],[132.3,35.1],[132.4,35.1],[132.4,35.2],[132.5,35.2],[132.5,35.3],[132.6,35.3],[132.7,35.3],[132.7,35.4],[132.6,35.4],[132.7,35.4],[132.7,35.5],[132.8,35.5],[132.7,35.5],[132.8,35.5],[132.9,35.5],[133.0,35.5],[133.0,35.6],[133.1,35.6],[133.2,35.6],[133.3,35.6],[133.3,35.5],[133.4,35.5],[133.5,35.5],[133.6,35.5],[133.7,35.5],[133.9,35.5],[134.0,35.5],[134.2,35.5],[134.3,35.6],[134.4,35.6],[134.5,35.6],[134.5,35.7],[134.6,35.7],[134.7,35.7],[134.8,35.7],[134.8,35.6],[134.9,35.7],[134.9,35.6],[134.9,35.7],[135.0,35.7],[135.1,35.7],[135.1,35.8],[135.2,35.8],[135.3,35.8],[135.3,35.7],[135.2,35.6],[135.2,35.5],[135.2,35.6],[135.3,35.6],[135.2,35.6],[135.2,35.5],[135.3,35.5],[135.3,35.4],[135.3,35.5],[135.4,35.5],[135.3,35.5],[135.4,35.6],[135.5,35.6],[135.5,35.5],[135.6,35.5],[135.7,35.5],[135.6,35.5],[135.7,35.5],[135.7,35.6],[135.8,35.5],[135.8,35.6],[135.9,35.6],[135.8,35.6],[135.9,35.6],[136.0,35.6],[136.0,35.7],[136.0,35.8],[136.0,35.7],[136.1,35.7],[136.1,35.8],[136.0,35.8],[136.0,35.9],[136.0,36.0],[136.0,36.1],[136.1,36.2],[136.1,36.3],[136.2,36.3],[136.3,36.3],[136.3,36.4],[136.4,36.4],[136.6,36.7],[136.7,36.7],[136.8,36.9],[136.8,37.0],[136.7,37.0],[136.7,37.1],[136.7,37.2],[136.7,37.3],[136.7,37.4],[136.8,37.4],[136.9,37.4],[137.0,37.4],[137.1,37.5],[137.3,37.5],[137.4,37.5],[137.3,37.5],[137.4,37.5],[137.4,37.4],[137.3,37.4],[137.2,37.4],[137.3,37.4],[137.3,37.3],[137.2,37.3],[137.1,37.3],[137.1,37.2],[137.0,37.2],[136.9,37.2],[137.0,37.2],[136.9,37.2],[136.9,37.1],[137.0,37.1],[137.0,37.0],[137.0,37.1],[137.1,37.1],[137.0,37.0],[137.1,37.0],[137.0,36.9],[137.0,36.8],[137.1,36.8],[137.2,36.8],[137.3,36.8],[137.4,36.8],[137.4,36.9],[137.5,37.0],[137.6,37.0],[137.7,37.0],[137.8,37.0],[137.9,37.1],[138.0,37.1],[138.1,37.1],[138.1,37.2],[138.2,37.2],[138.3,37.2],[138.4,37.3],[138.6,37.4],[138.6,37.5],[138.7,37.5],[138.7,37.6],[138.8,37.6],[138.8,37.8],[138.9,37.8],[138.9,37.9],[139.1,37.9],[139.1,38.0],[139.2,38.0],[139.3,38.0],[139.4,38.1],[139.4,38.2],[139.5,38.4],[139.5,38.5],[139.6,38.6],[139.6,38.7],[139.7,38.7],[139.7,38.8],[139.8,38.8],[139.8,38.9],[139.9,39.0],[139.9,39.1],[139.9,39.2],[139.9,39.3],[140.0,39.3],[140.0,39.4],[140.0,39.5],[140.1,39.7],[140.0,39.8],[140.0,39.9],[139.9,39.9],[139.8,39.9],[139.7,39.9],[139.7,40.0],[139.8,40.0],[139.9,40.0],[140.0,40.1],[140.0,40.2],[140.0,40.3],[140.0,40.4],[139.9,40.4],[139.9,40.5],[139.9,40.6],[139.9,40.7],[140.0,40.7],[140.0,40.8],[140.1,40.8],[140.1,40.7],[140.2,40.8],[140.3,40.8],[140.3,40.9],[140.3,41.0],[140.4,41.0],[140.3,41.0],[140.3,41.1],[140.3,41.0],[140.3,41.1],[140.2,41.1],[140.3,41.1],[140.3,41.2],[140.3,41.3],[140.4,41.3],[140.4,41.2],[140.5,41.2],[140.6,41.2],[140.6,41.1],[140.6,41.0],[140.7,41.0],[140.7,40.9],[140.8,40.8],[140.8,40.9],[140.9,40.9],[140.8,40.9],[140.8,41.0],[140.9,41.0],[141.0,41.0],[141.0,40.9],[141.1,40.9],[141.2,40.9],[141.2,41.0],[141.2,41.1],[141.3,41.1],[141.3,41.2],[141.2,41.2],[141.2,41.3],[141.1,41.3],[141.1,41.2],[141.2,41.3],[141.2,41.2],[141.1,41.2],[141.0,41.2],[140.9,41.2],[140.8,41.1],[140.8,41.2],[140.8,41.3],[140.8,41.4],[140.9,41.4],[140.9,41.5],[141.0,41.5],[141.1,41.5],[141.1,41.4],[141.2,41.4],[141.3,41.4],[141.4,41.4],[141.5,41.4],[141.4,41.4],[141.4,41.3],[141.4,41.2],[141.4,41.1],[141.4,41.0],[141.4,40.9],[141.4,40.8],[141.4,40.7],[141.5,40.6],[141.5,40.5],[141.6,40.5],[141.7,40.5],[141.7,40.4],[141.8,40.4],[141.8,40.3],[141.8,40.2],[141.9,40.2],[141.9,40.1],[141.8,40.1],[141.9,40.1],[141.9,40.0],[142.0,40.0],[142.0,39.9],[141.9,39.9],[142.0,39.9],[142.0,39.8],[142.0,39.7],[142.0,39.6],[142.1,39.6],[142.1,39.5],[142.0,39.5],[142.0,39.4],[142.0,39.5],[142.1,39.5],[142.0,39.5],[142.0,39.4],[141.9,39.4],[142.0,39.4],[141.9,39.3],[142.0,39.3],[142.0,39.4],[142.0,39.3],[141.9,39.3],[141.9,39.2],[141.8,39.2],[141.9,39.1],[141.8,39.1],[141.9,39.1],[141.8,39.1],[141.8,39.0],[141.9,39.0],[141.8,39.0],[141.7,39.0],[141.7,38.9],[141.7,39.0],[141.6,39.0],[141.6,38.9],[141.7,38.9],[141.6,38.9],[141.6,38.8],[141.5,38.8],[141.5,38.7],[141.6,38.7],[141.5,38.7],[141.5,38.6],[141.5,38.5],[141.5,38.4],[141.5,38.3],[141.4,38.3],[141.4,38.4],[141.3,38.4],[141.2,38.4],[141.2,38.3],[141.1,38.3],[141.1,38.4],[141.1,38.3],[141.0,38.3],[141.1,38.3],[141.0,38.2],[140.9,38.0],[140.9,37.9],[141.0,37.8],[141.0,37.7],[141.0,37.6],[141.0,37.4],[141.0,37.3],[141.0,37.2],[141.0,37.1],[141.0,37.0],[140.9,36.9],[140.8,36.9],[140.8,36.8],[140.7,36.8],[140.7,36.6],[140.6,36.5],[140.6,36.4],[140.6,36.3],[140.6,36.2],[140.6,36.1],[140.6,36.0],[140.8,35.8],[140.8,35.7],[140.9,35.7],[140.8,35.7],[140.7,35.7],[140.6,35.7],[140.5,35.6],[140.4,35.5],[140.4,35.4],[140.4,35.3],[140.4,35.2],[140.3,35.2],[140.3,35.1],[140.2,35.1],[140.1,35.1],[140.0,35.0],[140.0,34.9],[139.9,34.9],[139.8,34.9],[139.8,35.0],[139.9,35.0],[139.8,35.0],[139.8,35.1],[139.8,35.2],[139.9,35.2],[139.8,35.3],[139.8,35.4],[139.9,35.4],[140.0,35.5],[140.1,35.5],[140.1,35.6],[140.0,35.6],[140.0,35.7],[139.9,35.7],[139.9,35.6],[139.8,35.6],[139.8,35.7],[139.8,35.6],[139.8,35.5],[139.7,35.5],[139.6,35.5],[139.7,35.4],[139.6,35.4],[139.7,35.4],[139.7,35.3],[139.6,35.3],[139.7,35.3],[139.6,35.3],[139.7,35.3],[139.7,35.2],[139.7,35.1],[139.6,35.1],[139.6,35.2],[139.6,35.3],[139.5,35.3],[139.4,35.3],[139.3,35.3],[139.2,35.3],[139.1,35.2],[139.2,35.1],[139.1,35.2],[139.1,35.1],[139.1,35.0],[139.1,34.9],[139.1,34.8],[139.0,34.8],[139.0,34.7],[139.0,34.6],[139.0,34.7],[138.9,34.7],[138.9,34.6],[138.8,34.6],[138.8,34.7],[138.7,34.7],[138.8,34.7],[138.8,34.8],[138.7,34.8],[138.8,34.8],[138.8,34.9],[138.8,35.0],[138.9,35.0],[138.9,35.1],[138.8,35.1],[138.7,35.1],[138.6,35.1],[138.5,35.1],[138.5,35.0],[138.4,34.9],[138.3,34.9],[138.3,34.8],[138.2,34.7],[138.2,34.6],[138.0,34.7],[137.9,34.7],[137.8,34.6],[137.7,34.7],[137.6,34.7],[137.5,34.7],[137.4,34.7],[137.3,34.6],[137.1,34.6],[137.0,34.6],[137.1,34.6],[137.1,34.7],[137.1,34.6],[137.2,34.7],[137.3,34.7],[137.3,34.8],[137.2,34.8],[137.1,34.8],[137.0,34.8],[137.0,34.9],[136.9,34.9],[136.9,34.8],[136.9,34.7],[137.0,34.7],[136.9,34.7],[136.8,34.8],[136.9,34.8],[136.9,34.9],[136.8,34.9],[136.8,35.0],[136.9,35.0],[136.9,35.1],[136.8,35.0],[136.8,35.1],[136.8,35.0],[136.7,35.0],[136.6,35.0],[136.6,34.9],[136.7,34.9],[136.6,34.9],[136.6,34.8],[136.5,34.8],[136.5,34.7],[136.5,34.6],[136.6,34.6],[136.7,34.6],[136.8,34.5],[136.9,34.5],[136.9,34.4],[136.9,34.3],[136.9,34.2],[136.8,34.2],[136.8,34.3],[136.9,34.3],[136.8,34.3],[136.7,34.3],[136.6,34.3],[136.7,34.3],[136.6,34.3],[136.5,34.3],[136.5,34.2],[136.4,34.2],[136.3,34.2],[136.3,34.1],[136.2,34.1],[136.3,34.1],[136.3,34.0],[136.2,34.0],[136.2,33.9],[136.1,33.9],[136.1,33.8],[136.0,33.7],[136.0,33.6],[135.9,33.6],[136.0,33.6],[135.9,33.6],[135.9,33.5],[135.8,33.5],[135.8,33.4],[135.8,33.5],[135.7,33.5],[135.6,33.5],[135.5,33.5],[135.4,33.6],[135.4,33.7],[135.3,33.7],[135.4,33.7],[135.3,33.7],[135.3,33.8],[135.2,33.8],[135.2,33.9],[135.1,33.9],[135.1,34.0],[135.2,34.0],[135.1,34.1],[135.2,34.1],[135.2,34.2],[135.1,34.2],[135.1,34.3],[135.2,34.3],[135.3,34.4],[135.4,34.5],[135.4,34.6],[135.4,34.7],[135.3,34.7],[135.2,34.7],[135.1,34.6],[135.0,34.6],[134.9,34.7],[134.8,34.7],[134.8,34.8],[134.7,34.8],[134.6,34.8],[134.5,34.8],[134.4,34.7],[134.3,34.7],[134.2,34.7],[134.3,34.7],[134.2,34.7],[134.2,34.6],[134.1,34.6],[134.0,34.6],[133.9,34.6],[134.0,34.6],[134.0,34.5],[133.9,34.5],[133.8,34.5],[133.8,34.4],[133.8,34.5],[133.7,34.5],[133.6,34.5],[133.5,34.5],[133.5,34.4],[133.5,34.5],[133.4,34.5],[133.4,34.4]]],[[[131.7,32.5],[131.7,32.4],[131.6,32.4],[131.6,32.3],[131.6,32.2],[131.5,32.1],[131.5,32.0],[131.5,31.9],[131.4,31.9],[131.4,31.8],[131.5,31.8],[131.5,31.7],[131.5,31.6],[131.4,31.6],[131.4,31.5],[131.4,31.4],[131.3,31.4],[131.2,31.4],[131.2,31.5],[131.1,31.5],[131.1,31.4],[131.0,31.4],[131.1,31.3],[131.1,31.2],[131.0,31.2],[131.0,31.1],[130.9,31.1],[130.8,31.1],[130.7,31.0],[130.7,31.1],[130.8,31.2],[130.8,31.3],[130.8,31.4],[130.7,31.4],[130.7,31.5],[130.6,31.6],[130.7,31.6],[130.8,31.6],[130.8,31.7],[130.7,31.7],[130.6,31.7],[130.6,31.6],[130.5,31.5],[130.5,31.4],[130.6,31.4],[130.6,31.3],[130.7,31.3],[130.7,31.2],[130.6,31.2],[130.5,31.2],[130.3,31.3],[130.2,31.2],[130.2,31.3],[130.2,31.4],[130.1,31.4],[130.2,31.4],[130.3,31.4],[130.3,31.5],[130.3,31.6],[130.3,31.7],[130.2,31.7],[130.2,31.8],[130.2,31.9],[130.2,32.0],[130.2,32.1],[130.3,32.1],[130.3,32.2],[130.4,32.2],[130.4,32.3],[130.5,32.3],[130.5,32.4],[130.6,32.4],[130.6,32.5],[130.6,32.6],[130.7,32.6],[130.6,32.6],[130.5,32.6],[130.4,32.6],[130.5,32.6],[130.5,32.7],[130.6,32.7],[130.6,32.8],[130.5,32.9],[130.4,32.9],[130.4,33.0],[130.4,33.1],[130.3,33.1],[130.3,33.2],[130.2,33.2],[130.2,33.1],[130.1,33.1],[130.2,33.1],[130.2,33.0],[130.2,32.9],[130.1,32.9],[130.2,32.8],[130.2,32.9],[130.3,32.9],[130.4,32.8],[130.4,32.7],[130.3,32.7],[130.3,32.6],[130.2,32.6],[130.1,32.6],[130.1,32.7],[130.2,32.7],[130.2,32.8],[130.1,32.8],[130.0,32.8],[130.0,32.7],[130.0,32.8],[129.9,32.8],[130.0,32.7],[129.9,32.7],[129.9,32.6],[129.8,32.6],[129.7,32.6],[129.8,32.6],[129.8,32.7],[129.9,32.7],[129.8,32.7],[129.8,32.8],[129.7,32.8],[129.7,32.9],[129.6,32.9],[129.6,33.0],[129.7,33.0],[129.6,33.0],[129.7,33.0],[129.7,33.1],[129.7,33.0],[129.7,33.1],[129.8,33.1],[129.8,33.0],[129.7,33.0],[129.8,33.0],[129.8,32.9],[129.8,32.8],[129.9,32.8],[129.9,32.9],[130.0,32.8],[130.0,32.9],[129.9,32.9],[129.9,33.0],[129.9,33.1],[129.8,33.0],[129.8,33.1],[129.7,33.1],[129.8,33.1],[129.7,33.1],[129.7,33.2],[129.7,33.1],[129.7,33.2],[129.6,33.2],[129.6,33.3],[129.6,33.4],[129.7,33.4],[129.8,33.3],[129.9,33.3],[129.8,33.3],[129.9,33.4],[129.8,33.4],[129.8,33.5],[129.8,33.4],[129.9,33.4],[129.9,33.5],[129.8,33.5],[129.9,33.5],[129.9,33.6],[129.9,33.5],[130.0,33.5],[129.9,33.5],[130.0,33.5],[130.0,33.4],[130.0,33.5],[130.1,33.5],[130.2,33.5],[130.1,33.5],[130.1,33.6],[130.2,33.6],[130.2,33.7],[130.2,33.6],[130.3,33.6],[130.4,33.6],[130.4,33.7],[130.4,33.6],[130.3,33.6],[130.3,33.7],[130.4,33.7],[130.5,33.7],[130.5,33.8],[130.4,33.8],[130.5,33.8],[130.5,33.9],[130.5,33.8],[130.5,33.9],[130.6,33.9],[130.7,33.9],[130.8,33.9],[130.9,33.9],[131.0,34.0],[131.0,33.9],[131.0,33.8],[131.0,33.7],[131.1,33.7],[131.1,33.6],[131.2,33.6],[131.3,33.6],[131.4,33.6],[131.5,33.6],[131.5,33.7],[131.6,33.7],[131.7,33.7],[131.7,33.6],[131.7,33.5],[131.7,33.4],[131.6,33.4],[131.6,33.3],[131.5,33.4],[131.5,33.3],[131.6,33.3],[131.7,33.3],[131.8,33.3],[131.8,33.2],[131.9,33.3],[131.9,33.2],[131.8,33.2],[131.8,33.1],[131.9,33.1],[132.0,33.1],[132.0,33.0],[131.9,33.0],[132.0,32.9],[132.0,33.0],[132.0,32.9],[132.0,33.0],[132.1,32.9],[132.0,32.9],[132.0,32.8],[131.9,32.8],[131.9,32.7],[131.8,32.7],[131.8,32.6],[131.7,32.6],[131.7,32.5]]],[[[145.8,43.4],[145.8,43.3],[145.7,43.3],[145.6,43.3],[145.6,43.2],[145.5,43.2],[145.4,43.2],[145.3,43.2],[145.3,43.1],[145.2,43.1],[145.1,43.1],[145.2,43.1],[145.1,43.1],[145.1,43.0],[145.0,43.0],[144.9,43.0],[144.8,43.0],[144.7,43.0],[144.8,43.0],[144.8,42.9],[144.7,42.9],[144.6,42.9],[144.5,42.9],[144.4,43.0],[144.3,43.0],[144.2,43.0],[144.0,42.9],[143.9,42.8],[143.8,42.8],[143.6,42.7],[143.6,42.6],[143.4,42.5],[143.3,42.3],[143.3,42.2],[143.3,42.1],[143.3,42.0],[143.3,41.9],[143.2,41.9],[143.2,42.0],[143.1,42.0],[143.0,42.1],[142.8,42.2],[142.5,42.3],[142.3,42.4],[142.2,42.4],[142.2,42.5],[142.1,42.5],[142.0,42.5],[141.9,42.6],[141.8,42.6],[141.7,42.6],[141.6,42.6],[141.5,42.6],[141.4,42.6],[141.3,42.5],[141.2,42.5],[141.2,42.4],[141.1,42.4],[141.0,42.3],[140.9,42.3],[141.0,42.3],[140.9,42.4],[140.7,42.6],[140.6,42.6],[140.5,42.6],[140.4,42.5],[140.3,42.4],[140.3,42.3],[140.3,42.2],[140.4,42.2],[140.5,42.2],[140.5,42.1],[140.6,42.1],[140.7,42.1],[140.8,42.1],[140.8,42.0],[140.9,42.0],[141.0,41.9],[141.1,41.9],[141.2,41.8],[141.1,41.8],[141.0,41.7],[140.9,41.8],[140.8,41.8],[140.7,41.7],[140.7,41.8],[140.6,41.8],[140.6,41.7],[140.5,41.7],[140.4,41.6],[140.4,41.5],[140.3,41.5],[140.2,41.5],[140.2,41.4],[140.1,41.4],[140.0,41.4],[140.0,41.5],[140.0,41.6],[140.0,41.7],[140.1,41.8],[140.1,41.9],[140.2,41.9],[140.1,41.9],[140.1,42.0],[140.1,42.1],[140.0,42.1],[139.9,42.1],[139.9,42.2],[139.8,42.2],[139.8,42.3],[139.8,42.4],[139.8,42.5],[139.8,42.6],[139.9,42.7],[140.0,42.7],[140.1,42.7],[140.1,42.8],[140.2,42.8],[140.3,42.8],[140.4,42.9],[140.5,43.0],[140.5,43.1],[140.4,43.1],[140.4,43.2],[140.3,43.2],[140.3,43.3],[140.4,43.3],[140.5,43.3],[140.5,43.4],[140.5,43.3],[140.6,43.3],[140.7,43.3],[140.7,43.2],[140.8,43.2],[140.9,43.2],[141.0,43.2],[141.1,43.2],[141.2,43.1],[141.2,43.2],[141.3,43.2],[141.4,43.3],[141.4,43.4],[141.4,43.5],[141.4,43.6],[141.3,43.7],[141.4,43.8],[141.5,43.8],[141.6,43.9],[141.7,44.0],[141.7,44.1],[141.7,44.3],[141.7,44.4],[141.8,44.6],[141.8,44.8],[141.8,44.9],[141.7,45.0],[141.6,45.2],[141.6,45.3],[141.7,45.4],[141.6,45.4],[141.7,45.5],[141.7,45.4],[141.8,45.4],[141.9,45.4],[141.9,45.5],[142.0,45.5],[142.1,45.4],[142.2,45.3],[142.5,45.0],[142.6,44.9],[142.7,44.9],[142.7,44.8],[142.9,44.6],[143.0,44.6],[143.1,44.5],[143.2,44.4],[143.3,44.4],[143.4,44.4],[143.4,44.3],[143.6,44.3],[143.8,44.2],[143.7,44.2],[143.7,44.1],[143.8,44.1],[143.9,44.1],[144.0,44.1],[144.1,44.1],[144.2,44.1],[144.1,44.1],[144.1,44.0],[144.2,44.0],[144.2,44.1],[144.3,44.1],[144.3,44.0],[144.4,44.0],[144.4,43.9],[144.6,43.9],[144.7,43.9],[144.8,43.9],[144.9,44.0],[145.0,44.1],[145.1,44.2],[145.2,44.2],[145.3,44.3],[145.4,44.3],[145.4,44.2],[145.3,44.2],[145.3,44.1],[145.2,44.0],[145.1,44.0],[145.1,43.9],[145.1,43.8],[145.1,43.7],[145.2,43.6],[145.2,43.5],[145.3,43.5],[145.3,43.4],[145.3,43.3],[145.4,43.3],[145.3,43.3],[145.4,43.3],[145.5,43.3],[145.5,43.2],[145.5,43.3],[145.6,43.3],[145.6,43.4],[145.7,43.4],[145.8,43.4]]],[[[134.7,33.8],[134.8,33.8],[134.7,33.8],[134.6,33.8],[134.6,33.7],[134.5,33.7],[134.4,33.7],[134.4,33.6],[134.3,33.6],[134.3,33.5],[134.2,33.5],[134.2,33.4],[134.2,33.3],[134.2,33.2],[134.2,33.3],[134.1,33.3],[134.0,33.4],[133.9,33.5],[133.8,33.5],[133.7,33.5],[133.6,33.5],[133.5,33.5],[133.5,33.4],[133.4,33.4],[133.3,33.4],[133.3,33.3],[133.3,33.2],[133.2,33.2],[133.2,33.1],[133.1,33.1],[133.1,33.0],[133.0,33.0],[133.0,32.9],[133.0,32.8],[133.0,32.7],[133.0,32.8],[132.9,32.8],[132.8,32.8],[132.8,32.7],[132.8,32.8],[132.7,32.8],[132.6,32.8],[132.7,32.9],[132.6,32.9],[132.5,32.9],[132.5,33.0],[132.4,33.0],[132.4,33.1],[132.4,33.0],[132.4,33.1],[132.5,33.1],[132.4,33.1],[132.5,33.1],[132.4,33.1],[132.4,33.2],[132.5,33.2],[132.4,33.2],[132.5,33.2],[132.5,33.3],[132.4,33.3],[132.4,33.4],[132.4,33.5],[132.3,33.5],[132.3,33.4],[132.2,33.4],[132.1,33.4],[132.0,33.3],[132.0,33.4],[132.1,33.4],[132.2,33.4],[132.2,33.5],[132.3,33.5],[132.4,33.5],[132.4,33.6],[132.5,33.6],[132.6,33.7],[132.7,33.7],[132.7,33.8],[132.7,33.9],[132.8,33.9],[132.8,34.0],[132.9,34.1],[133.0,34.1],[133.1,34.0],[133.1,33.9],[133.2,33.9],[133.2,34.0],[133.3,34.0],[133.4,34.0],[133.5,34.0],[133.6,34.0],[133.6,34.1],[133.6,34.2],[133.6,34.3],[133.6,34.2],[133.7,34.2],[133.7,34.3],[133.8,34.3],[133.9,34.3],[133.9,34.4],[134.0,34.4],[134.0,34.3],[134.0,34.4],[134.1,34.3],[134.1,34.4],[134.2,34.4],[134.2,34.3],[134.2,34.4],[134.2,34.3],[134.3,34.3],[134.4,34.2],[134.4,34.3],[134.4,34.2],[134.5,34.2],[134.6,34.2],[134.6,34.3],[134.6,34.2],[134.6,34.1],[134.6,34.0],[134.7,34.0],[134.7,33.9],[134.6,33.9],[134.7,33.8]]],[[[128.3,26.8],[128.3,26.7],[128.2,26.6],[128.1,26.6],[128.1,26.5],[128.1,26.6],[128.0,26.5],[127.9,26.5],[127.9,26.4],[127.8,26.4],[127.9,26.4],[127.9,26.3],[127.8,26.3],[127.8,26.2],[127.8,26.1],[127.7,26.1],[127.6,26.2],[127.7,26.2],[127.7,26.3],[127.7,26.4],[127.8,26.4],[127.8,26.5],[127.9,26.5],[128.0,26.6],[127.9,26.6],[127.9,26.7],[128.0,26.7],[128.0,26.6],[128.1,26.6],[128.1,26.7],[128.2,26.7],[128.2,26.8],[128.3,26.9],[128.3,26.8]]],[[[129.7,28.5],[129.7,28.4],[129.6,28.4],[129.6,28.3],[129.5,28.3],[129.4,28.3],[129.5,28.3],[129.4,28.3],[129.4,28.2],[129.5,28.2],[129.4,28.2],[129.4,28.1],[129.3,28.1],[129.3,28.2],[129.2,28.2],[129.1,28.2],[129.1,28.3],[129.2,28.3],[129.3,28.3],[129.2,28.3],[129.3,28.3],[129.3,28.4],[129.4,28.4],[129.5,28.4],[129.6,28.5],[129.6,28.4],[129.7,28.5]]]]},"properties":{"country":"Japan","iso3":"JPN","entries":1184,"_k":"6"}},{"type":"Feature","geometry":{"type":"MultiPolygon","coordinates":[[[[20.6,69.0],[20.4,69.0],[20.1,69.0],[20.3,68.9],[20.4,68.8],[20.3,68.8],[20.2,68.7],[20.2,68.6],[20.0,68.5],[20.2,68.5],[20.0,68.4],[19.9,68.4],[19.5,68.4],[19.0,68.5],[18.7,68.5],[18.6,68.5],[18.5,68.6],[18.4,68.6],[18.2,68.5],[18.1,68.4],[18.2,68.2],[18.0,68.0],[17.9,68.0],[17.6,68.0],[17.3,68.1],[17.2,68.0],[16.8,67.9],[16.6,67.6],[16.5,67.6],[16.4,67.5],[16.2,67.5],[16.1,67.4],[16.4,67.2],[16.4,67.1],[16.4,67.0],[16.3,67.0],[16.1,66.9],[16.0,66.9],[15.7,66.6],[15.4,66.5],[15.5,66.4],[15.5,66.3],[15.1,66.2],[14.8,66.1],[14.5,66.1],[14.6,65.8],[14.6,65.7],[14.5,65.5],[14.5,65.4],[14.5,65.3],[14.4,65.3],[14.4,65.2],[14.3,65.1],[14.2,65.0],[13.9,64.8],[13.6,64.6],[13.9,64.5],[14.0,64.5],[14.1,64.5],[14.1,64.4],[14.2,64.2],[14.1,64.2],[14.0,64.0],[13.9,64.0],[13.6,64.1],[13.2,64.1],[13.0,64.1],[12.8,64.0],[12.7,64.0],[12.5,63.8],[12.3,63.7],[12.2,63.6],[12.2,63.5],[12.0,63.3],[12.1,63.2],[12.2,63.0],[12.1,62.9],[12.2,62.7],[12.1,62.7],[12.1,62.6],[12.3,62.3],[12.3,62.2],[12.2,62.0],[12.2,61.7],[12.3,61.7],[12.3,61.6],[12.4,61.6],[12.5,61.6],[12.6,61.6],[12.6,61.5],[12.9,61.4],[12.9,61.3],[12.8,61.2],[12.7,61.2],[12.7,61.1],[12.7,61.0],[12.6,61.1],[12.5,61.0],[12.3,61.0],[12.3,60.9],[12.3,60.8],[12.4,60.8],[12.5,60.7],[12.6,60.5],[12.6,60.4],[12.5,60.3],[12.5,60.2],[12.5,60.1],[12.4,60.1],[12.3,60.0],[12.1,59.9],[11.9,59.9],[11.8,59.9],[11.8,59.8],[11.9,59.8],[11.9,59.7],[11.8,59.7],[11.7,59.6],[11.8,59.4],[11.8,59.3],[11.8,59.2],[11.7,59.1],[11.7,59.0],[11.7,58.9],[11.6,58.9],[11.5,58.9],[11.5,59.0],[11.4,59.0],[11.4,59.1],[11.3,59.1],[11.2,59.1],[11.2,59.2],[11.1,59.2],[11.2,59.2],[11.1,59.1],[11.1,59.2],[11.1,59.1],[11.0,59.1],[11.0,59.2],[10.9,59.2],[10.9,59.1],[10.9,59.2],[10.8,59.2],[10.8,59.3],[10.8,59.2],[10.7,59.2],[10.7,59.3],[10.8,59.3],[10.7,59.3],[10.7,59.4],[10.6,59.4],[10.7,59.4],[10.6,59.4],[10.6,59.5],[10.7,59.5],[10.6,59.4],[10.7,59.4],[10.7,59.5],[10.6,59.5],[10.6,59.6],[10.7,59.6],[10.6,59.6],[10.6,59.7],[10.6,59.8],[10.7,59.9],[10.7,59.8],[10.7,59.7],[10.7,59.8],[10.8,59.9],[10.7,59.9],[10.8,59.9],[10.7,59.9],[10.6,59.9],[10.5,59.9],[10.5,59.8],[10.5,59.7],[10.6,59.7],[10.6,59.6],[10.5,59.5],[10.4,59.5],[10.4,59.6],[10.4,59.7],[10.3,59.7],[10.2,59.7],[10.3,59.7],[10.4,59.7],[10.4,59.6],[10.4,59.5],[10.3,59.5],[10.3,59.6],[10.2,59.6],[10.2,59.5],[10.3,59.5],[10.4,59.5],[10.5,59.4],[10.4,59.4],[10.4,59.3],[10.5,59.3],[10.5,59.2],[10.4,59.3],[10.4,59.2],[10.3,59.2],[10.3,59.1],[10.3,59.0],[10.2,59.1],[10.2,59.0],[10.1,59.0],[10.2,59.0],[10.2,59.1],[10.1,59.1],[10.1,59.0],[10.0,59.0],[9.8,59.0],[9.8,59.1],[9.8,59.0],[9.7,59.0],[9.7,59.1],[9.7,59.0],[9.7,59.1],[9.6,59.1],[9.5,59.1],[9.6,59.1],[9.6,59.0],[9.7,59.0],[9.6,58.9],[9.5,58.9],[9.4,58.9],[9.3,58.9],[9.3,58.8],[9.4,58.8],[9.5,58.8],[9.4,58.8],[9.3,58.8],[9.3,58.7],[9.2,58.7],[9.1,58.7],[9.2,58.7],[9.1,58.7],[9.2,58.7],[9.1,58.7],[9.2,58.7],[9.2,58.6],[9.1,58.6],[9.0,58.6],[8.9,58.6],[9.0,58.5],[8.9,58.5],[8.8,58.5],[8.8,58.4],[8.7,58.4],[8.6,58.4],[8.6,58.3],[8.5,58.3],[8.4,58.3],[8.4,58.2],[8.3,58.2],[8.2,58.2],[8.3,58.2],[8.2,58.2],[8.2,58.1],[8.1,58.1],[8.0,58.1],[8.1,58.1],[8.1,58.2],[8.0,58.2],[8.0,58.1],[7.9,58.1],[8.0,58.1],[7.9,58.1],[7.8,58.1],[7.7,58.1],[7.7,58.0],[7.6,58.0],[7.6,58.1],[7.6,58.0],[7.4,58.0],[7.3,58.0],[7.2,58.1],[7.2,58.0],[7.2,58.1],[7.1,58.0],[7.0,58.0],[7.1,58.1],[7.0,58.1],[7.0,58.0],[6.9,58.0],[7.0,58.1],[6.9,58.1],[6.8,58.1],[6.9,58.1],[7.0,58.1],[6.9,58.1],[6.8,58.1],[6.8,58.2],[6.8,58.1],[6.7,58.1],[6.7,58.2],[6.7,58.1],[6.8,58.1],[6.7,58.1],[6.6,58.1],[6.5,58.1],[6.6,58.1],[6.6,58.2],[6.7,58.2],[6.8,58.2],[6.8,58.3],[6.7,58.2],[6.6,58.3],[6.7,58.3],[6.6,58.3],[6.6,58.2],[6.5,58.3],[6.4,58.3],[6.3,58.3],[6.2,58.3],[6.1,58.3],[6.1,58.4],[6.0,58.4],[6.0,58.5],[5.9,58.5],[5.8,58.5],[5.7,58.5],[5.6,58.5],[5.7,58.6],[5.6,58.6],[5.5,58.7],[5.5,58.8],[5.5,58.9],[5.6,58.9],[5.5,58.9],[5.5,59.0],[5.6,58.9],[5.6,59.0],[5.5,59.0],[5.6,59.0],[5.7,59.0],[5.7,58.9],[5.8,58.9],[5.8,59.0],[5.9,59.0],[5.9,58.9],[6.0,58.9],[6.1,58.8],[6.2,58.8],[6.1,58.9],[6.1,59.0],[6.2,59.0],[6.6,59.1],[6.4,59.0],[6.3,59.0],[6.2,59.0],[6.1,59.0],[6.0,58.9],[6.0,59.0],[6.1,59.0],[6.0,59.0],[5.9,59.0],[5.9,59.1],[6.0,59.1],[6.1,59.1],[6.1,59.2],[6.0,59.1],[6.0,59.2],[6.1,59.2],[6.2,59.3],[6.3,59.3],[6.4,59.3],[6.5,59.3],[6.3,59.3],[6.2,59.3],[6.1,59.3],[6.2,59.3],[6.2,59.4],[6.2,59.3],[6.1,59.3],[6.1,59.4],[6.1,59.3],[6.0,59.3],[6.0,59.4],[6.1,59.4],[6.2,59.4],[6.2,59.5],[6.4,59.6],[6.5,59.6],[6.3,59.6],[6.3,59.5],[6.2,59.5],[6.3,59.6],[6.3,59.7],[6.3,59.6],[6.2,59.6],[6.2,59.5],[6.1,59.5],[6.1,59.4],[6.0,59.4],[5.9,59.4],[6.2,59.5],[6.1,59.5],[6.0,59.5],[5.9,59.5],[5.8,59.5],[5.7,59.4],[5.7,59.5],[5.7,59.4],[5.6,59.4],[5.7,59.4],[5.8,59.4],[5.9,59.4],[5.8,59.3],[5.7,59.3],[5.6,59.3],[5.6,59.4],[5.6,59.3],[5.5,59.3],[5.4,59.3],[5.4,59.4],[5.4,59.3],[5.4,59.4],[5.3,59.4],[5.4,59.4],[5.3,59.4],[5.3,59.3],[5.2,59.4],[5.2,59.5],[5.2,59.6],[5.3,59.6],[5.4,59.7],[5.4,59.6],[5.4,59.7],[5.5,59.7],[5.5,59.6],[5.5,59.5],[5.4,59.5],[5.5,59.5],[5.5,59.6],[5.6,59.7],[5.7,59.7],[5.7,59.6],[5.8,59.6],[5.8,59.7],[5.9,59.7],[5.8,59.7],[5.7,59.7],[5.8,59.7],[5.9,59.7],[5.9,59.8],[5.9,59.7],[6.0,59.7],[6.2,59.8],[6.3,59.8],[6.3,59.9],[6.2,59.8],[6.1,59.8],[6.0,59.8],[5.9,59.8],[6.0,59.8],[6.0,59.9],[5.9,59.9],[5.9,59.8],[5.8,59.8],[5.7,59.8],[5.7,59.9],[5.7,59.8],[5.6,59.9],[5.7,59.9],[5.8,59.9],[5.9,60.0],[6.0,60.0],[5.9,60.0],[6.0,60.1],[6.1,60.1],[6.3,60.1],[6.3,60.2],[6.2,60.2],[6.2,60.1],[6.1,60.1],[6.1,60.2],[6.2,60.2],[6.2,60.3],[6.3,60.3],[6.3,60.4],[6.4,60.4],[6.5,60.4],[6.6,60.4],[6.6,60.3],[6.5,60.3],[6.5,60.2],[6.5,60.1],[6.5,60.2],[6.6,60.2],[6.6,60.3],[6.6,60.4],[6.7,60.4],[6.8,60.5],[6.9,60.5],[7.0,60.5],[7.1,60.5],[6.9,60.5],[7.0,60.5],[7.0,60.6],[6.9,60.6],[6.9,60.5],[6.8,60.5],[6.7,60.5],[6.7,60.4],[6.6,60.4],[6.6,60.5],[6.7,60.5],[6.6,60.5],[6.5,60.5],[6.5,60.4],[6.4,60.4],[6.3,60.4],[6.2,60.4],[6.2,60.5],[6.2,60.4],[6.1,60.4],[6.2,60.4],[6.2,60.3],[6.1,60.3],[6.2,60.3],[6.1,60.3],[6.1,60.2],[6.1,60.3],[6.0,60.3],[6.0,60.2],[5.9,60.2],[5.9,60.1],[5.9,60.0],[5.8,60.0],[5.7,60.0],[5.7,60.1],[5.8,60.1],[5.7,60.1],[5.7,60.2],[5.8,60.2],[5.7,60.2],[5.6,60.1],[5.6,60.2],[5.5,60.2],[5.6,60.2],[5.7,60.2],[5.6,60.2],[5.6,60.3],[5.6,60.2],[5.6,60.3],[5.7,60.3],[5.7,60.4],[5.6,60.4],[5.6,60.3],[5.6,60.4],[5.6,60.3],[5.5,60.2],[5.4,60.2],[5.4,60.1],[5.4,60.2],[5.3,60.2],[5.4,60.2],[5.3,60.2],[5.2,60.2],[5.3,60.2],[5.3,60.3],[5.2,60.3],[5.1,60.3],[5.1,60.4],[5.2,60.4],[5.3,60.4],[5.3,60.5],[5.2,60.5],[5.3,60.5],[5.4,60.5],[5.4,60.4],[5.5,60.4],[5.6,60.4],[5.7,60.4],[5.6,60.4],[5.7,60.5],[5.7,60.6],[5.7,60.7],[5.7,60.8],[5.7,60.7],[5.6,60.7],[5.5,60.7],[5.5,60.6],[5.4,60.6],[5.3,60.6],[5.2,60.6],[5.1,60.6],[5.1,60.7],[5.2,60.6],[5.2,60.7],[5.1,60.7],[5.0,60.7],[5.0,60.8],[4.9,60.8],[5.0,60.8],[5.1,60.8],[5.2,60.7],[5.3,60.7],[5.3,60.6],[5.4,60.6],[5.4,60.7],[5.4,60.6],[5.4,60.7],[5.3,60.7],[5.3,60.8],[5.2,60.8],[5.3,60.8],[5.4,60.8],[5.3,60.8],[5.4,60.9],[5.5,60.9],[5.4,60.9],[5.3,60.9],[5.3,60.8],[5.2,60.8],[5.2,60.9],[5.2,60.8],[5.1,60.8],[5.0,60.8],[5.0,60.9],[5.0,61.0],[5.1,61.0],[5.1,60.9],[5.1,61.0],[5.0,61.0],[5.1,61.1],[5.2,61.1],[5.3,61.0],[5.4,61.0],[5.5,61.0],[5.5,61.1],[5.6,61.1],[5.7,61.1],[5.8,61.1],[5.9,61.1],[6.0,61.1],[6.1,61.1],[6.2,61.1],[6.3,61.1],[6.2,61.0],[6.3,61.0],[6.3,61.1],[6.4,61.1],[6.4,61.0],[6.3,61.0],[6.4,61.0],[6.4,61.1],[6.5,61.1],[6.6,61.1],[6.6,61.2],[6.8,61.2],[6.8,61.1],[6.9,61.1],[7.0,61.1],[7.0,61.0],[6.9,61.0],[6.9,60.9],[7.0,61.0],[7.1,61.0],[7.1,60.9],[7.2,60.9],[7.2,61.0],[7.1,61.0],[7.0,61.0],[7.0,61.1],[7.1,61.1],[7.2,61.1],[7.3,61.1],[7.4,61.1],[7.3,61.1],[7.4,61.2],[7.5,61.2],[7.6,61.2],[7.7,61.2],[7.6,61.2],[7.4,61.2],[7.3,61.2],[7.3,61.3],[7.4,61.3],[7.4,61.4],[7.5,61.4],[7.5,61.5],[7.6,61.5],[7.5,61.5],[7.3,61.4],[7.3,61.3],[7.2,61.3],[7.3,61.3],[7.3,61.2],[7.4,61.2],[7.3,61.2],[7.2,61.2],[7.1,61.1],[7.0,61.1],[6.9,61.1],[6.9,61.2],[7.0,61.2],[6.9,61.2],[6.8,61.2],[6.7,61.2],[6.6,61.2],[6.6,61.3],[6.7,61.3],[6.7,61.4],[6.6,61.3],[6.5,61.3],[6.5,61.2],[6.5,61.1],[6.4,61.1],[6.3,61.1],[6.2,61.1],[6.2,61.2],[6.1,61.2],[6.1,61.1],[6.0,61.1],[6.0,61.2],[5.9,61.2],[5.8,61.2],[5.7,61.2],[5.7,61.1],[5.6,61.1],[5.5,61.1],[5.4,61.1],[5.3,61.1],[5.2,61.1],[5.2,61.2],[5.1,61.1],[5.1,61.2],[5.0,61.2],[5.1,61.2],[5.2,61.2],[5.3,61.2],[5.2,61.2],[5.1,61.2],[5.0,61.2],[5.1,61.2],[5.0,61.2],[5.0,61.3],[5.1,61.3],[5.2,61.3],[5.3,61.3],[5.4,61.4],[5.6,61.4],[5.2,61.4],[5.1,61.3],[5.0,61.3],[5.0,61.4],[5.1,61.4],[5.0,61.4],[4.9,61.4],[5.1,61.4],[5.2,61.5],[5.3,61.5],[5.3,61.4],[5.3,61.5],[5.5,61.4],[5.6,61.4],[5.6,61.5],[5.7,61.5],[5.8,61.5],[5.7,61.5],[5.6,61.5],[5.5,61.5],[5.4,61.5],[5.3,61.5],[5.2,61.5],[5.1,61.5],[5.1,61.6],[5.2,61.6],[5.2,61.5],[5.2,61.6],[5.4,61.6],[5.3,61.6],[5.2,61.6],[5.1,61.6],[5.3,61.6],[5.4,61.6],[5.3,61.6],[5.2,61.6],[5.0,61.6],[4.9,61.7],[5.0,61.7],[5.0,61.8],[5.1,61.8],[5.1,61.7],[5.2,61.7],[5.1,61.7],[5.1,61.8],[5.2,61.8],[5.1,61.8],[5.2,61.8],[5.3,61.8],[5.3,61.9],[5.4,61.9],[5.5,61.9],[5.6,61.9],[5.7,61.9],[5.7,61.8],[5.6,61.8],[5.7,61.8],[5.9,61.9],[5.9,61.8],[5.9,61.7],[5.9,61.8],[6.0,61.8],[6.1,61.8],[6.2,61.8],[6.1,61.8],[6.3,61.8],[6.4,61.8],[6.5,61.8],[6.6,61.8],[6.6,61.9],[6.7,61.9],[6.8,61.9],[6.8,61.8],[6.8,61.9],[6.7,61.9],[6.6,61.9],[6.5,61.9],[6.5,61.8],[6.3,61.9],[6.1,61.8],[6.1,61.9],[6.0,61.9],[5.9,61.9],[5.8,61.9],[5.7,61.9],[5.9,61.9],[6.0,61.9],[5.6,61.9],[5.5,61.9],[5.4,61.9],[5.3,61.9],[5.2,61.9],[5.1,61.9],[5.1,62.0],[5.2,62.0],[5.3,62.0],[5.4,62.0],[5.3,62.0],[5.3,62.1],[5.2,62.1],[5.1,62.1],[5.1,62.2],[5.2,62.2],[5.3,62.2],[5.3,62.1],[5.4,62.1],[5.5,62.1],[5.5,62.0],[5.5,62.1],[5.6,62.1],[5.4,62.1],[5.4,62.2],[5.5,62.2],[5.6,62.2],[5.6,62.1],[5.7,62.1],[5.7,62.2],[5.8,62.2],[5.9,62.2],[5.9,62.1],[5.8,62.0],[5.9,62.1],[6.0,62.1],[6.1,62.1],[6.2,62.1],[6.4,62.1],[6.1,62.1],[6.0,62.1],[6.0,62.2],[5.9,62.2],[6.0,62.2],[6.1,62.2],[6.0,62.2],[5.9,62.2],[6.0,62.3],[6.1,62.3],[6.2,62.4],[6.3,62.4],[6.3,62.3],[6.4,62.3],[6.5,62.2],[6.6,62.2],[6.6,62.1],[6.5,62.1],[6.6,62.1],[6.6,62.2],[6.5,62.3],[6.4,62.3],[6.4,62.4],[6.5,62.4],[6.6,62.4],[6.5,62.4],[6.6,62.4],[6.7,62.4],[6.7,62.5],[6.7,62.4],[6.9,62.4],[6.9,62.3],[7.0,62.3],[7.0,62.2],[6.9,62.1],[7.0,62.1],[7.1,62.1],[7.2,62.1],[7.1,62.1],[7.0,62.1],[7.0,62.2],[7.0,62.3],[7.1,62.3],[7.2,62.3],[7.3,62.3],[7.4,62.3],[7.4,62.2],[7.4,62.3],[7.3,62.3],[7.2,62.3],[7.0,62.3],[6.9,62.4],[7.0,62.4],[6.9,62.5],[6.8,62.5],[6.7,62.5],[6.5,62.4],[6.4,62.4],[6.3,62.4],[6.3,62.5],[6.2,62.5],[6.3,62.5],[6.4,62.5],[6.5,62.5],[6.6,62.5],[6.7,62.5],[6.6,62.5],[6.5,62.5],[6.6,62.5],[6.5,62.5],[6.3,62.5],[6.3,62.6],[6.2,62.6],[6.3,62.6],[6.5,62.6],[6.6,62.6],[6.7,62.6],[6.7,62.7],[6.8,62.7],[6.9,62.6],[6.9,62.7],[7.1,62.7],[7.1,62.6],[7.0,62.6],[7.1,62.6],[7.1,62.5],[7.2,62.6],[7.1,62.6],[7.2,62.6],[7.3,62.6],[7.4,62.6],[7.4,62.5],[7.5,62.5],[7.6,62.5],[7.6,62.6],[7.8,62.6],[7.7,62.6],[7.5,62.6],[7.4,62.6],[7.5,62.6],[7.5,62.7],[7.6,62.7],[7.8,62.7],[7.9,62.7],[8.0,62.7],[8.1,62.7],[8.0,62.8],[8.1,62.8],[8.0,62.8],[7.9,62.8],[7.9,62.7],[7.6,62.7],[7.5,62.7],[7.4,62.7],[7.5,62.8],[7.7,62.8],[7.6,62.8],[7.5,62.8],[7.4,62.8],[7.3,62.7],[7.0,62.7],[6.9,62.7],[7.0,62.7],[7.0,62.8],[7.1,62.8],[7.2,62.8],[7.1,62.8],[7.0,62.8],[7.0,62.9],[6.9,62.9],[7.0,63.0],[7.1,63.0],[7.2,63.0],[7.3,63.0],[7.4,63.0],[7.4,62.9],[7.5,62.9],[7.6,62.9],[7.6,63.0],[7.7,63.0],[7.8,63.0],[7.7,62.9],[7.8,62.9],[7.8,63.0],[7.9,63.0],[8.0,63.0],[8.1,63.0],[8.1,62.9],[8.1,62.8],[8.2,62.8],[8.3,62.8],[8.4,62.7],[8.5,62.7],[8.6,62.7],[8.5,62.7],[8.5,62.8],[8.4,62.8],[8.3,62.8],[8.2,62.8],[8.2,62.9],[8.1,63.0],[8.0,63.0],[7.9,63.0],[8.0,63.0],[7.9,63.0],[8.0,63.1],[8.1,63.1],[8.1,63.0],[8.2,63.0],[8.3,63.0],[8.3,62.9],[8.4,62.9],[8.5,62.9],[8.5,62.8],[8.5,62.9],[8.4,62.9],[8.5,62.9],[8.6,62.9],[8.6,62.8],[8.7,62.8],[8.6,62.9],[8.5,62.9],[8.4,62.9],[8.4,63.0],[8.6,63.0],[8.7,63.0],[8.6,63.0],[8.5,63.0],[8.6,63.0],[8.5,63.0],[8.4,63.0],[8.3,63.0],[8.4,63.0],[8.5,63.0],[8.4,63.0],[8.3,63.0],[8.2,63.0],[8.2,63.1],[8.3,63.1],[8.2,63.1],[8.2,63.2],[8.5,63.1],[8.6,63.1],[8.6,63.2],[8.8,63.2],[8.9,63.2],[8.6,63.2],[8.6,63.3],[8.5,63.3],[8.7,63.3],[8.8,63.3],[8.7,63.3],[8.7,63.4],[8.6,63.4],[8.7,63.4],[8.8,63.4],[8.9,63.4],[9.0,63.4],[9.0,63.5],[9.1,63.5],[9.1,63.4],[9.1,63.3],[9.2,63.3],[9.3,63.4],[9.4,63.4],[9.5,63.4],[9.4,63.4],[9.3,63.4],[9.2,63.4],[9.5,63.5],[9.4,63.5],[9.3,63.5],[9.2,63.5],[9.1,63.5],[9.2,63.5],[9.3,63.5],[9.3,63.6],[9.4,63.6],[9.4,63.5],[9.5,63.6],[9.6,63.5],[9.6,63.6],[9.5,63.6],[9.6,63.6],[9.7,63.6],[9.8,63.6],[9.8,63.5],[9.9,63.5],[9.9,63.4],[10.0,63.4],[9.9,63.4],[9.8,63.3],[9.9,63.3],[10.0,63.4],[10.1,63.3],[10.2,63.3],[10.3,63.3],[10.2,63.3],[10.1,63.4],[10.0,63.4],[10.1,63.4],[10.2,63.5],[10.3,63.5],[10.4,63.4],[10.4,63.5],[10.5,63.5],[10.5,63.4],[10.6,63.4],[10.7,63.5],[10.7,63.4],[10.8,63.4],[10.9,63.4],[10.9,63.5],[10.8,63.5],[10.8,63.6],[10.9,63.6],[10.8,63.6],[10.7,63.6],[10.7,63.5],[10.7,63.6],[10.8,63.6],[10.9,63.7],[11.0,63.7],[11.1,63.7],[11.2,63.7],[11.2,63.8],[11.3,63.8],[11.4,63.8],[11.5,63.8],[11.4,63.8],[11.4,63.9],[11.4,63.8],[11.3,63.9],[11.1,63.8],[11.1,63.9],[11.2,63.9],[11.3,64.0],[11.4,64.0],[11.5,64.0],[11.4,64.0],[11.3,64.0],[11.2,64.1],[11.3,64.1],[11.4,64.1],[11.3,64.1],[11.2,64.1],[11.2,64.0],[11.0,63.9],[10.9,63.9],[10.8,63.9],[10.7,63.9],[10.6,63.8],[10.7,63.8],[10.8,63.9],[10.9,63.9],[11.0,63.9],[11.1,63.9],[11.1,63.8],[11.0,63.8],[10.9,63.8],[10.9,63.7],[10.8,63.7],[10.7,63.7],[10.6,63.7],[10.6,63.6],[10.5,63.6],[10.4,63.6],[10.3,63.6],[10.2,63.6],[10.2,63.5],[10.1,63.5],[10.0,63.5],[9.9,63.5],[9.9,63.6],[9.8,63.6],[9.8,63.7],[9.9,63.7],[10.0,63.7],[10.1,63.7],[10.1,63.8],[10.0,63.7],[10.0,63.8],[9.9,63.8],[9.9,63.7],[9.8,63.7],[9.7,63.7],[9.6,63.7],[9.5,63.7],[9.6,63.7],[9.7,63.8],[9.8,63.8],[9.6,63.8],[9.5,63.8],[9.7,63.8],[9.8,63.9],[9.9,63.9],[9.8,63.9],[9.9,63.9],[10.0,63.9],[10.1,63.9],[10.2,63.9],[10.2,64.0],[10.1,64.0],[10.1,63.9],[10.0,63.9],[9.9,63.9],[10.0,63.9],[10.1,64.0],[10.0,64.0],[9.9,64.0],[10.0,64.0],[10.0,64.1],[10.1,64.1],[10.2,64.1],[10.1,64.1],[10.2,64.1],[10.2,64.2],[10.3,64.2],[10.4,64.2],[10.3,64.2],[10.2,64.2],[10.3,64.2],[10.3,64.3],[10.4,64.3],[10.5,64.3],[10.4,64.3],[10.5,64.3],[10.5,64.4],[10.5,64.3],[10.5,64.4],[10.6,64.3],[10.5,64.4],[10.6,64.4],[10.6,64.3],[10.6,64.4],[10.5,64.4],[10.6,64.4],[10.6,64.5],[10.6,64.4],[10.7,64.4],[10.8,64.4],[10.9,64.4],[10.8,64.4],[10.7,64.4],[10.7,64.5],[10.8,64.5],[10.9,64.5],[11.0,64.5],[10.9,64.5],[11.0,64.5],[10.9,64.5],[11.0,64.5],[11.0,64.6],[10.9,64.6],[11.0,64.6],[11.1,64.6],[11.1,64.5],[11.2,64.5],[11.2,64.4],[11.2,64.5],[11.3,64.5],[11.3,64.4],[11.2,64.3],[11.3,64.3],[11.3,64.4],[11.4,64.4],[11.4,64.5],[11.4,64.4],[11.5,64.4],[11.5,64.5],[11.6,64.5],[11.7,64.5],[11.4,64.5],[11.5,64.5],[11.6,64.6],[11.6,64.5],[11.5,64.5],[11.6,64.5],[11.7,64.6],[11.8,64.6],[11.7,64.6],[11.6,64.6],[11.5,64.6],[11.4,64.6],[11.4,64.7],[11.5,64.7],[11.6,64.7],[11.6,64.8],[11.8,64.8],[11.7,64.8],[11.6,64.8],[11.7,64.8],[11.8,64.8],[11.8,64.9],[11.7,64.8],[11.6,64.8],[11.7,64.9],[11.8,64.9],[11.9,64.9],[12.0,64.9],[12.1,65.0],[12.2,64.9],[12.2,65.0],[12.1,65.0],[12.0,65.0],[11.9,64.9],[11.7,64.9],[11.6,64.9],[11.6,64.8],[11.5,64.8],[11.4,64.8],[11.3,64.7],[11.2,64.7],[11.3,64.7],[11.3,64.8],[11.4,64.8],[11.3,64.8],[11.2,64.8],[11.3,64.8],[11.5,64.9],[11.7,64.9],[11.6,64.9],[11.2,64.9],[11.3,64.9],[11.4,64.9],[11.5,64.9],[11.6,64.9],[11.5,64.9],[11.6,65.0],[11.6,64.9],[11.6,65.0],[11.7,65.0],[11.8,65.0],[11.9,65.0],[11.9,65.1],[12.0,65.1],[12.0,65.0],[12.0,65.1],[12.1,65.1],[12.1,65.0],[12.2,65.0],[12.2,65.1],[12.3,65.1],[12.4,65.1],[12.5,65.1],[12.6,65.1],[12.6,65.2],[12.7,65.2],[12.8,65.2],[12.8,65.3],[12.9,65.3],[12.8,65.3],[12.7,65.2],[12.6,65.2],[12.5,65.2],[12.5,65.1],[12.4,65.1],[12.4,65.2],[12.5,65.2],[12.4,65.2],[12.5,65.2],[12.5,65.3],[12.7,65.2],[12.7,65.3],[12.6,65.3],[12.5,65.3],[12.4,65.3],[12.3,65.3],[12.3,65.2],[12.2,65.2],[12.3,65.2],[12.3,65.3],[12.4,65.3],[12.5,65.3],[12.4,65.3],[12.5,65.4],[12.6,65.4],[12.6,65.3],[12.7,65.3],[12.7,65.4],[12.6,65.4],[12.5,65.4],[12.6,65.4],[12.7,65.4],[12.6,65.4],[12.6,65.5],[12.8,65.5],[12.7,65.5],[12.6,65.5],[12.7,65.5],[12.6,65.5],[12.6,65.6],[12.5,65.5],[12.5,65.6],[12.5,65.5],[12.4,65.5],[12.4,65.6],[12.3,65.6],[12.4,65.7],[12.5,65.7],[12.6,65.7],[12.7,65.6],[12.8,65.6],[12.8,65.7],[12.7,65.7],[12.6,65.7],[12.6,65.8],[12.7,65.8],[12.6,65.8],[12.6,65.9],[12.7,65.9],[12.8,66.0],[12.9,66.0],[12.9,65.9],[13.0,65.9],[13.1,65.9],[13.2,65.9],[13.1,65.9],[13.0,65.9],[13.0,66.0],[12.9,66.0],[13.0,66.0],[13.0,66.1],[12.9,66.1],[12.7,66.0],[12.7,66.1],[12.8,66.1],[12.9,66.1],[13.0,66.2],[13.1,66.1],[13.1,66.2],[13.2,66.2],[13.3,66.2],[13.5,66.2],[13.6,66.2],[13.5,66.2],[13.6,66.2],[13.5,66.2],[13.5,66.1],[13.6,66.1],[13.6,66.2],[13.7,66.2],[13.8,66.2],[13.8,66.1],[13.8,66.2],[13.7,66.2],[13.6,66.2],[13.7,66.2],[13.8,66.2],[14.0,66.2],[14.0,66.3],[14.1,66.3],[14.0,66.3],[13.9,66.3],[13.8,66.3],[13.7,66.3],[13.6,66.2],[13.6,66.3],[13.5,66.3],[13.4,66.2],[13.3,66.2],[13.2,66.2],[13.1,66.2],[13.0,66.2],[13.1,66.2],[13.2,66.3],[13.3,66.3],[13.5,66.3],[13.4,66.3],[13.5,66.3],[13.4,66.3],[13.3,66.4],[13.3,66.3],[13.2,66.3],[13.1,66.3],[13.2,66.3],[13.1,66.3],[13.0,66.3],[13.0,66.4],[13.1,66.4],[13.2,66.4],[13.1,66.4],[13.1,66.5],[13.2,66.5],[13.1,66.5],[13.0,66.5],[13.1,66.5],[13.2,66.5],[13.4,66.5],[13.3,66.5],[13.4,66.5],[13.5,66.5],[13.5,66.6],[13.5,66.5],[13.6,66.5],[13.7,66.5],[13.6,66.5],[13.5,66.6],[13.6,66.6],[13.7,66.6],[13.5,66.6],[13.4,66.6],[13.3,66.6],[13.3,66.5],[13.2,66.5],[13.2,66.6],[13.3,66.6],[13.4,66.6],[13.3,66.6],[13.2,66.7],[13.3,66.7],[13.3,66.6],[13.4,66.6],[13.4,66.7],[13.5,66.7],[13.5,66.6],[13.5,66.7],[13.3,66.7],[13.2,66.7],[13.3,66.7],[13.5,66.7],[13.7,66.7],[13.8,66.7],[13.9,66.7],[13.7,66.7],[13.6,66.7],[13.5,66.7],[13.6,66.8],[13.7,66.8],[13.8,66.8],[13.7,66.8],[13.6,66.8],[13.5,66.8],[13.6,66.8],[13.7,66.8],[13.8,66.8],[14.0,66.8],[13.9,66.8],[13.8,66.8],[13.7,66.8],[13.7,66.9],[13.6,66.9],[13.5,66.9],[13.6,66.9],[13.7,66.9],[13.8,66.9],[13.8,67.0],[13.9,67.0],[14.0,67.0],[13.9,67.0],[13.9,66.9],[14.0,66.9],[13.9,66.9],[14.0,67.0],[14.0,67.1],[14.1,67.1],[14.1,67.0],[14.2,67.0],[14.3,67.0],[14.2,67.0],[14.3,67.1],[14.4,67.1],[14.5,67.0],[14.6,67.0],[14.6,67.1],[14.5,67.1],[14.4,67.1],[14.3,67.1],[14.3,67.2],[14.4,67.2],[14.5,67.2],[14.4,67.2],[14.4,67.1],[14.5,67.1],[14.5,67.2],[14.7,67.2],[14.7,67.1],[14.8,67.1],[14.7,67.1],[14.7,67.2],[14.5,67.2],[14.6,67.2],[14.7,67.2],[14.8,67.2],[14.9,67.2],[15.0,67.2],[14.9,67.2],[14.9,67.1],[15.0,67.1],[14.9,67.1],[14.9,67.2],[15.0,67.2],[15.1,67.2],[15.2,67.2],[15.3,67.2],[15.4,67.2],[15.4,67.1],[15.5,67.1],[15.4,67.1],[15.5,67.1],[15.5,67.2],[15.4,67.2],[15.5,67.2],[15.7,67.2],[15.6,67.2],[15.4,67.2],[15.3,67.2],[15.2,67.2],[15.1,67.2],[15.1,67.3],[15.2,67.3],[15.1,67.3],[15.0,67.3],[14.9,67.3],[14.8,67.3],[14.8,67.2],[14.7,67.2],[14.6,67.2],[14.7,67.2],[14.7,67.3],[14.6,67.3],[14.4,67.2],[14.3,67.2],[14.4,67.3],[14.5,67.3],[14.6,67.4],[14.7,67.4],[14.8,67.4],[14.9,67.4],[15.0,67.4],[14.9,67.4],[14.8,67.4],[14.8,67.5],[14.7,67.5],[14.8,67.5],[15.0,67.6],[15.1,67.6],[15.2,67.5],[15.1,67.5],[15.0,67.6],[15.0,67.5],[15.1,67.5],[15.0,67.5],[14.9,67.5],[14.8,67.5],[14.9,67.5],[15.0,67.5],[15.1,67.5],[15.2,67.5],[15.2,67.4],[15.1,67.4],[15.2,67.4],[15.2,67.5],[15.4,67.5],[15.5,67.5],[15.5,67.4],[15.6,67.4],[15.6,67.3],[15.7,67.3],[15.6,67.3],[15.6,67.4],[15.5,67.4],[15.6,67.5],[15.5,67.5],[15.6,67.5],[15.8,67.6],[15.9,67.6],[15.7,67.6],[15.6,67.5],[15.5,67.5],[15.3,67.5],[15.2,67.5],[15.2,67.6],[15.3,67.6],[15.2,67.6],[15.3,67.6],[15.4,67.6],[15.5,67.6],[15.4,67.6],[15.3,67.6],[15.2,67.6],[15.3,67.7],[15.4,67.7],[15.5,67.7],[15.7,67.7],[15.6,67.7],[15.5,67.7],[15.4,67.7],[15.6,67.7],[15.7,67.7],[15.8,67.7],[15.7,67.8],[15.6,67.8],[15.7,67.8],[15.6,67.8],[15.4,67.8],[15.4,67.9],[15.4,67.8],[15.4,67.9],[15.4,67.8],[15.3,67.8],[15.2,67.7],[15.0,67.7],[14.9,67.7],[14.8,67.6],[14.7,67.7],[14.9,67.7],[14.8,67.7],[14.9,67.7],[15.1,67.7],[15.0,67.7],[15.0,67.8],[14.9,67.8],[14.8,67.8],[14.9,67.8],[15.0,67.8],[15.1,67.8],[15.1,67.9],[14.8,67.8],[14.8,67.9],[14.9,67.9],[15.0,67.9],[15.1,67.9],[15.2,67.9],[15.2,67.8],[15.3,67.9],[15.4,67.9],[15.5,67.9],[15.6,67.9],[15.8,68.0],[15.8,67.9],[15.9,67.9],[15.9,68.0],[16.0,68.0],[16.1,68.0],[15.9,68.0],[15.9,68.1],[15.8,68.1],[15.8,68.0],[15.6,68.0],[15.6,68.1],[15.5,68.1],[15.4,68.0],[15.3,68.0],[15.3,68.1],[15.4,68.1],[15.5,68.1],[15.6,68.1],[15.6,68.2],[15.7,68.2],[15.7,68.1],[15.6,68.1],[15.7,68.0],[15.7,68.1],[15.8,68.1],[15.9,68.1],[15.9,68.2],[16.0,68.2],[15.9,68.2],[16.0,68.2],[16.0,68.3],[16.0,68.2],[16.1,68.2],[16.0,68.2],[16.1,68.2],[16.1,68.1],[16.1,68.0],[16.0,68.0],[16.2,68.0],[16.2,67.9],[16.3,67.9],[16.4,67.8],[16.5,67.8],[16.4,67.8],[16.5,67.9],[16.3,67.9],[16.3,68.0],[16.2,68.0],[16.3,68.0],[16.4,67.9],[16.5,67.9],[16.4,67.9],[16.5,67.9],[16.4,68.0],[16.3,68.0],[16.4,68.0],[16.5,68.0],[16.4,68.0],[16.4,68.1],[16.5,68.1],[16.6,68.1],[16.7,68.1],[16.6,68.1],[16.5,68.1],[16.4,68.1],[16.3,68.1],[16.2,68.1],[16.3,68.1],[16.4,68.1],[16.4,68.2],[16.5,68.2],[16.4,68.2],[16.5,68.2],[16.6,68.2],[16.5,68.2],[16.4,68.2],[16.2,68.2],[16.3,68.2],[16.4,68.2],[16.3,68.2],[16.2,68.3],[16.1,68.3],[16.2,68.3],[16.3,68.3],[16.4,68.3],[16.5,68.3],[16.6,68.2],[16.7,68.1],[16.8,68.1],[16.7,68.2],[16.6,68.2],[16.6,68.3],[16.5,68.3],[16.4,68.3],[16.3,68.3],[16.2,68.3],[16.3,68.3],[16.2,68.3],[16.2,68.4],[16.3,68.4],[16.4,68.4],[16.7,68.4],[16.8,68.4],[16.9,68.4],[16.8,68.3],[17.0,68.3],[17.0,68.4],[17.1,68.4],[17.2,68.3],[17.3,68.3],[17.3,68.2],[17.4,68.2],[17.4,68.3],[17.3,68.3],[17.2,68.3],[17.2,68.4],[17.3,68.4],[17.2,68.4],[17.3,68.4],[17.5,68.4],[17.6,68.4],[17.5,68.4],[17.4,68.4],[17.5,68.4],[17.7,68.4],[17.8,68.4],[17.9,68.4],[17.8,68.4],[17.6,68.5],[17.5,68.4],[17.5,68.5],[17.4,68.5],[17.3,68.5],[17.0,68.4],[17.0,68.5],[17.1,68.5],[17.0,68.5],[16.9,68.5],[16.8,68.4],[16.7,68.5],[16.7,68.4],[16.5,68.4],[16.5,68.5],[16.6,68.5],[16.6,68.6],[16.7,68.7],[16.8,68.7],[16.9,68.7],[17.0,68.7],[17.1,68.7],[17.1,68.6],[17.2,68.6],[17.2,68.7],[17.1,68.7],[17.2,68.7],[17.3,68.7],[17.4,68.7],[17.5,68.7],[17.6,68.7],[17.7,68.7],[17.6,68.7],[17.5,68.7],[17.4,68.7],[17.4,68.8],[17.3,68.7],[17.2,68.8],[17.3,68.8],[17.4,68.8],[17.5,68.8],[17.6,68.8],[17.7,68.8],[17.8,68.7],[17.8,68.8],[17.7,68.8],[17.6,68.8],[17.5,68.8],[17.6,68.9],[17.7,68.9],[17.8,68.9],[17.9,68.9],[17.8,68.9],[17.7,68.9],[17.5,68.9],[17.4,68.9],[17.5,68.9],[17.5,69.0],[17.6,69.0],[17.6,69.1],[17.7,69.1],[17.6,69.1],[17.7,69.1],[17.9,69.1],[18.0,69.1],[18.0,69.2],[18.2,69.2],[18.1,69.2],[18.0,69.2],[18.0,69.3],[18.1,69.3],[18.1,69.4],[18.2,69.4],[18.2,69.5],[18.3,69.5],[18.4,69.4],[18.5,69.4],[18.5,69.3],[18.5,69.2],[18.5,69.3],[18.5,69.4],[18.6,69.4],[18.6,69.3],[18.7,69.3],[18.8,69.3],[18.9,69.3],[19.0,69.3],[18.9,69.3],[18.7,69.4],[18.6,69.4],[18.5,69.4],[18.5,69.5],[18.6,69.5],[18.9,69.6],[18.9,69.5],[18.8,69.5],[18.9,69.5],[18.9,69.4],[19.0,69.4],[19.1,69.4],[19.3,69.3],[19.4,69.3],[19.3,69.3],[19.2,69.3],[19.2,69.2],[19.2,69.3],[19.3,69.3],[19.2,69.2],[19.3,69.2],[19.4,69.2],[19.5,69.2],[19.4,69.3],[19.5,69.3],[19.4,69.3],[19.4,69.4],[19.3,69.4],[19.2,69.4],[19.1,69.4],[19.0,69.4],[19.0,69.5],[19.1,69.5],[19.2,69.6],[19.2,69.5],[19.3,69.5],[19.2,69.5],[19.2,69.6],[19.1,69.6],[19.0,69.5],[19.0,69.6],[18.9,69.6],[19.1,69.7],[19.2,69.7],[19.2,69.8],[19.3,69.8],[19.4,69.8],[19.5,69.8],[19.6,69.8],[19.7,69.8],[19.8,69.8],[19.7,69.8],[19.7,69.7],[19.7,69.6],[19.6,69.5],[19.7,69.5],[19.6,69.5],[19.6,69.4],[19.5,69.4],[19.7,69.4],[19.7,69.5],[19.8,69.6],[19.7,69.6],[19.8,69.6],[19.9,69.6],[20.0,69.6],[20.1,69.6],[20.0,69.6],[19.9,69.6],[19.8,69.7],[19.9,69.7],[19.9,69.8],[20.0,69.8],[20.1,69.8],[20.1,69.9],[20.2,69.9],[20.3,70.0],[20.4,69.9],[20.4,69.8],[20.4,69.7],[20.3,69.7],[20.4,69.6],[20.3,69.6],[20.3,69.5],[20.2,69.5],[20.2,69.4],[20.1,69.4],[20.0,69.3],[19.9,69.3],[20.0,69.3],[20.1,69.3],[20.2,69.4],[20.3,69.4],[20.4,69.5],[20.5,69.6],[20.6,69.5],[20.8,69.5],[20.9,69.5],[20.8,69.5],[20.7,69.5],[20.7,69.6],[20.6,69.6],[20.5,69.6],[20.5,69.7],[20.5,69.8],[20.6,69.8],[20.8,69.8],[20.8,69.9],[21.1,69.9],[21.0,69.9],[20.9,69.9],[20.9,69.8],[21.0,69.8],[20.9,69.8],[21.0,69.8],[21.1,69.8],[21.0,69.8],[21.1,69.8],[21.1,69.9],[21.2,69.9],[21.1,69.8],[21.2,69.8],[21.2,69.9],[21.3,69.9],[21.2,69.9],[21.2,70.0],[21.3,70.0],[21.4,70.0],[21.6,70.0],[21.6,69.9],[21.7,69.9],[21.8,69.9],[21.9,69.8],[22.0,69.8],[22.1,69.7],[22.0,69.7],[22.1,69.7],[22.1,69.8],[22.0,69.8],[21.9,69.8],[22.0,69.8],[22.0,69.9],[21.9,69.9],[21.9,70.0],[22.0,70.0],[22.1,69.9],[22.1,70.0],[22.0,70.0],[21.9,70.0],[21.8,70.0],[21.8,70.1],[22.0,70.1],[22.1,70.1],[22.0,70.1],[21.8,70.1],[21.7,70.1],[21.6,70.1],[21.5,70.1],[21.4,70.1],[21.5,70.2],[21.4,70.2],[21.3,70.2],[21.2,70.2],[21.3,70.2],[21.3,70.3],[21.4,70.3],[21.4,70.2],[21.5,70.2],[21.5,70.3],[21.6,70.3],[21.7,70.3],[21.8,70.2],[21.9,70.1],[21.9,70.2],[21.8,70.2],[21.8,70.3],[22.0,70.3],[22.1,70.3],[22.1,70.2],[22.2,70.2],[22.2,70.3],[22.1,70.3],[22.3,70.3],[22.3,70.2],[22.2,70.2],[22.2,70.1],[22.3,70.1],[22.4,70.1],[22.5,70.1],[22.6,70.1],[22.5,70.1],[22.3,70.2],[22.4,70.2],[22.4,70.3],[22.5,70.3],[22.6,70.2],[22.7,70.2],[23.0,70.2],[22.9,70.1],[22.8,70.1],[22.7,70.1],[22.6,70.1],[22.5,70.1],[22.4,70.1],[22.3,70.0],[22.4,70.0],[22.4,70.1],[22.6,70.1],[22.7,70.1],[22.9,70.1],[23.0,70.1],[23.0,70.0],[23.1,70.0],[23.1,69.9],[23.2,70.0],[23.3,70.0],[23.3,69.9],[23.4,70.0],[23.5,70.0],[23.3,70.0],[23.2,70.1],[23.3,70.1],[23.4,70.1],[23.3,70.2],[23.4,70.2],[23.3,70.2],[23.2,70.2],[23.3,70.2],[23.4,70.2],[23.5,70.2],[23.5,70.3],[23.3,70.2],[23.3,70.3],[23.4,70.3],[23.6,70.3],[23.5,70.3],[23.5,70.4],[23.6,70.4],[23.8,70.4],[23.8,70.5],[23.9,70.5],[24.2,70.5],[24.3,70.5],[24.4,70.5],[24.3,70.5],[24.2,70.5],[24.1,70.5],[24.2,70.6],[24.3,70.6],[24.3,70.7],[24.4,70.7],[24.5,70.7],[24.6,70.6],[24.7,70.6],[24.7,70.7],[24.6,70.7],[24.7,70.7],[24.6,70.7],[24.5,70.7],[24.5,70.8],[24.3,70.8],[24.2,70.8],[24.3,70.8],[24.4,70.9],[24.4,70.8],[24.5,70.8],[24.6,70.8],[24.6,70.9],[24.7,70.9],[24.6,70.9],[24.6,71.0],[24.7,70.9],[24.6,71.0],[24.7,71.0],[24.8,71.0],[24.8,70.9],[24.9,70.9],[24.8,70.9],[25.0,70.9],[25.0,71.0],[25.1,71.0],[25.1,70.9],[25.0,70.9],[24.9,70.9],[25.0,70.9],[25.1,70.9],[25.2,70.9],[25.3,70.8],[25.2,70.8],[25.3,70.8],[25.4,70.9],[25.3,70.9],[25.3,71.0],[25.4,71.0],[25.5,70.9],[25.4,70.9],[25.4,70.8],[25.5,70.8],[25.5,70.9],[25.6,70.9],[25.7,70.9],[25.8,70.9],[25.9,70.9],[25.9,70.8],[25.8,70.8],[25.7,70.8],[25.6,70.8],[25.6,70.7],[25.7,70.7],[25.6,70.7],[25.5,70.7],[25.4,70.7],[25.4,70.6],[25.3,70.6],[25.2,70.6],[25.1,70.5],[25.2,70.5],[25.3,70.5],[25.2,70.5],[25.1,70.5],[25.2,70.5],[25.3,70.5],[25.3,70.4],[25.2,70.4],[25.3,70.4],[25.2,70.4],[25.1,70.4],[25.1,70.3],[25.2,70.3],[25.1,70.3],[25.0,70.2],[24.9,70.2],[24.9,70.1],[25.0,70.1],[25.1,70.2],[25.1,70.1],[25.2,70.1],[25.3,70.1],[25.3,70.2],[25.4,70.2],[25.5,70.2],[25.5,70.3],[25.4,70.3],[25.7,70.4],[25.9,70.6],[26.0,70.6],[26.1,70.7],[26.2,70.8],[26.3,70.8],[26.4,70.9],[26.6,70.9],[26.7,71.0],[26.7,70.9],[26.7,70.8],[26.7,70.7],[26.6,70.7],[26.3,70.6],[26.4,70.6],[26.5,70.7],[26.6,70.7],[26.7,70.6],[26.6,70.6],[26.6,70.5],[26.5,70.5],[26.5,70.4],[26.6,70.4],[26.7,70.4],[26.8,70.4],[26.8,70.5],[26.9,70.5],[27.1,70.5],[27.0,70.5],[27.0,70.6],[27.1,70.6],[27.2,70.6],[27.3,70.6],[27.2,70.6],[27.1,70.6],[27.1,70.7],[27.2,70.7],[27.1,70.7],[27.3,70.7],[27.3,70.8],[27.6,70.8],[27.5,70.8],[27.5,70.9],[27.4,70.9],[27.3,70.9],[27.2,70.9],[27.1,70.9],[27.1,71.0],[27.2,71.0],[27.3,70.9],[27.3,71.0],[27.2,71.0],[27.3,71.0],[27.5,71.0],[27.6,71.0],[27.5,71.0],[27.5,71.1],[27.6,71.1],[27.7,71.1],[27.8,71.1],[27.9,71.0],[28.0,71.0],[28.0,71.1],[28.1,71.1],[28.1,71.0],[28.1,71.1],[28.2,71.1],[28.3,71.1],[28.3,71.0],[28.2,71.0],[28.3,71.0],[28.5,71.0],[28.5,70.9],[28.4,70.9],[28.4,70.8],[28.3,70.8],[28.4,70.8],[28.2,70.8],[28.3,70.8],[28.2,70.8],[28.1,70.8],[28.0,70.8],[27.8,70.8],[27.8,70.7],[27.9,70.8],[28.0,70.8],[28.0,70.7],[28.1,70.7],[27.9,70.7],[27.8,70.6],[27.7,70.6],[27.8,70.6],[28.2,70.7],[28.3,70.7],[28.2,70.6],[28.1,70.6],[28.0,70.5],[27.9,70.5],[27.8,70.5],[27.9,70.5],[27.9,70.4],[27.9,70.5],[28.0,70.5],[27.9,70.5],[28.1,70.5],[28.2,70.5],[28.1,70.5],[28.0,70.4],[28.1,70.4],[28.1,70.5],[28.1,70.4],[28.2,70.5],[28.3,70.5],[28.2,70.4],[28.2,70.3],[28.2,70.2],[28.2,70.1],[28.1,70.1],[28.0,70.1],[28.1,70.1],[28.2,70.1],[28.2,70.2],[28.2,70.3],[28.2,70.4],[28.3,70.4],[28.3,70.5],[28.4,70.5],[28.5,70.5],[28.5,70.4],[28.5,70.5],[28.6,70.5],[28.5,70.5],[28.4,70.5],[28.4,70.6],[28.5,70.6],[28.5,70.7],[28.6,70.7],[28.5,70.7],[28.6,70.8],[28.7,70.8],[28.8,70.9],[29.1,70.9],[29.2,70.9],[29.3,70.8],[29.4,70.8],[29.3,70.7],[29.4,70.7],[29.3,70.7],[29.4,70.7],[29.3,70.7],[29.4,70.7],[29.5,70.7],[29.7,70.7],[29.8,70.7],[29.7,70.6],[29.8,70.6],[29.9,70.7],[30.0,70.7],[30.1,70.7],[30.2,70.7],[30.1,70.6],[30.2,70.6],[30.3,70.6],[30.2,70.6],[30.1,70.6],[30.1,70.5],[30.2,70.5],[30.1,70.5],[30.0,70.5],[30.2,70.5],[30.5,70.6],[30.6,70.5],[30.7,70.5],[30.7,70.4],[30.8,70.4],[30.9,70.5],[31.0,70.4],[31.1,70.4],[31.0,70.4],[31.0,70.3],[31.1,70.3],[31.0,70.3],[30.9,70.3],[30.5,70.2],[30.4,70.2],[30.4,70.1],[30.3,70.1],[30.1,70.1],[30.2,70.1],[29.7,70.1],[29.2,70.1],[28.9,70.2],[28.7,70.2],[28.6,70.2],[28.8,70.2],[28.7,70.1],[28.6,70.1],[28.7,70.1],[28.8,70.1],[28.7,70.1],[28.9,70.1],[29.0,70.1],[29.1,70.1],[29.1,70.0],[29.2,70.0],[29.1,70.0],[29.2,70.0],[29.3,70.0],[29.4,70.0],[29.7,70.0],[29.6,69.9],[29.5,69.9],[29.4,69.9],[29.5,69.9],[29.6,69.9],[29.7,69.9],[29.8,69.8],[29.7,69.8],[29.6,69.8],[29.6,69.7],[29.5,69.7],[29.6,69.7],[29.7,69.7],[29.8,69.7],[29.9,69.7],[30.0,69.8],[30.1,69.8],[30.0,69.8],[30.0,69.7],[29.9,69.7],[30.0,69.7],[30.1,69.7],[30.2,69.7],[30.1,69.7],[30.1,69.8],[30.2,69.8],[30.2,69.9],[30.3,69.9],[30.3,69.8],[30.4,69.8],[30.4,69.7],[30.3,69.7],[30.4,69.7],[30.5,69.7],[30.4,69.7],[30.5,69.7],[30.5,69.8],[30.7,69.8],[30.8,69.8],[30.9,69.7],[30.9,69.6],[30.9,69.5],[30.8,69.5],[30.5,69.5],[30.3,69.6],[30.2,69.6],[30.1,69.6],[30.2,69.6],[30.2,69.5],[30.1,69.5],[30.1,69.4],[30.0,69.4],[29.9,69.4],[29.8,69.4],[29.7,69.4],[29.7,69.3],[29.6,69.3],[29.4,69.3],[29.3,69.3],[29.3,69.2],[29.3,69.1],[29.2,69.1],[29.1,69.0],[29.0,69.0],[28.8,69.1],[28.8,69.2],[28.9,69.2],[29.2,69.4],[29.3,69.5],[29.2,69.6],[29.1,69.7],[28.8,69.7],[28.5,69.8],[28.4,69.8],[28.4,69.9],[28.2,69.9],[28.0,70.0],[27.9,70.1],[27.8,70.1],[27.7,70.1],[27.6,70.1],[27.6,70.0],[27.4,70.0],[27.3,70.0],[27.4,69.9],[27.3,69.9],[27.1,69.9],[27.0,69.9],[26.9,69.9],[26.8,69.9],[26.7,69.9],[26.5,69.9],[26.4,69.9],[26.4,69.8],[26.3,69.8],[26.2,69.7],[26.0,69.7],[26.0,69.6],[26.0,69.5],[25.9,69.5],[25.9,69.4],[25.8,69.4],[25.9,69.4],[25.8,69.3],[25.7,69.2],[25.8,69.2],[25.8,69.1],[25.7,69.1],[25.8,69.1],[25.8,69.0],[25.7,69.0],[25.7,68.9],[25.6,68.9],[25.5,68.9],[25.4,68.9],[25.2,68.8],[25.1,68.8],[25.1,68.7],[25.1,68.6],[25.0,68.6],[24.9,68.6],[24.8,68.6],[24.7,68.7],[24.5,68.7],[24.3,68.7],[24.2,68.7],[24.2,68.8],[24.1,68.8],[23.9,68.8],[23.8,68.8],[23.7,68.7],[23.6,68.7],[23.5,68.7],[23.2,68.6],[23.1,68.7],[23.0,68.7],[22.9,68.7],[22.6,68.7],[22.5,68.7],[22.4,68.7],[22.4,68.8],[22.3,68.9],[22.2,68.9],[22.2,69.0],[22.0,69.0],[21.9,69.1],[21.7,69.3],[21.6,69.3],[21.3,69.3],[21.1,69.2],[21.0,69.2],[21.2,69.1],[21.1,69.0],[21.0,69.0],[20.7,69.1],[20.6,69.0]]],[[[20.2,78.6],[20.1,78.6],[20.0,78.6],[19.8,78.6],[19.7,78.6],[19.6,78.6],[19.6,78.5],[19.7,78.5],[19.3,78.5],[19.0,78.5],[19.0,78.4],[19.1,78.4],[19.1,78.3],[19.0,78.3],[19.1,78.2],[19.0,78.2],[18.9,78.2],[19.0,78.1],[19.1,78.1],[18.8,78.0],[18.6,78.1],[18.5,78.0],[18.4,78.0],[18.5,78.0],[18.4,78.0],[18.4,77.9],[18.3,77.9],[18.4,77.9],[18.4,77.8],[18.5,77.8],[18.4,77.8],[18.4,77.7],[18.3,77.7],[18.4,77.6],[18.3,77.6],[18.3,77.5],[18.2,77.5],[18.1,77.5],[18.0,77.5],[17.9,77.5],[17.8,77.5],[17.7,77.5],[17.6,77.4],[17.7,77.4],[17.6,77.4],[17.5,77.3],[17.5,77.2],[17.4,77.2],[17.4,77.1],[17.3,77.1],[17.3,77.0],[17.1,77.1],[17.1,77.0],[17.2,77.0],[17.3,77.0],[17.1,76.9],[17.1,76.8],[17.0,76.8],[16.9,76.8],[17.1,76.8],[17.2,76.7],[17.1,76.7],[17.1,76.6],[17.0,76.6],[16.9,76.6],[16.8,76.6],[16.6,76.6],[16.5,76.6],[16.4,76.6],[16.3,76.6],[16.3,76.7],[16.2,76.7],[16.1,76.7],[16.0,76.7],[15.9,76.8],[15.7,76.9],[15.5,76.9],[15.6,76.9],[15.7,76.9],[15.8,77.0],[15.9,76.9],[15.9,77.0],[16.0,77.0],[16.2,77.0],[16.2,76.9],[16.3,76.9],[16.3,77.0],[16.4,77.0],[16.5,77.0],[16.3,77.0],[16.2,77.0],[16.1,77.0],[16.1,77.1],[16.0,77.1],[15.9,77.1],[15.9,77.0],[15.8,77.0],[15.7,77.0],[15.3,77.0],[15.2,77.0],[15.1,77.1],[15.0,77.1],[15.1,77.1],[15.0,77.1],[14.6,77.2],[14.5,77.2],[14.4,77.2],[14.3,77.2],[14.3,77.3],[14.2,77.3],[14.1,77.3],[14.2,77.3],[14.0,77.4],[14.0,77.5],[14.0,77.4],[14.1,77.5],[14.0,77.5],[13.9,77.5],[14.0,77.5],[14.1,77.6],[14.4,77.6],[14.5,77.6],[14.6,77.5],[14.5,77.5],[14.6,77.5],[14.7,77.5],[14.8,77.5],[14.9,77.5],[15.0,77.6],[15.1,77.5],[15.5,77.5],[15.9,77.5],[16.0,77.5],[16.1,77.4],[16.2,77.4],[16.2,77.5],[16.3,77.5],[16.1,77.5],[16.0,77.5],[15.9,77.6],[15.8,77.6],[15.4,77.6],[15.0,77.6],[14.9,77.6],[14.8,77.6],[14.8,77.7],[14.7,77.7],[14.9,77.7],[15.0,77.7],[15.1,77.7],[15.5,77.7],[15.9,77.7],[16.2,77.8],[16.3,77.8],[16.6,77.8],[16.9,77.8],[17.0,77.8],[17.1,77.8],[17.0,77.8],[16.9,77.8],[16.8,77.8],[16.8,77.9],[16.9,77.9],[17.0,77.9],[16.8,77.9],[16.7,77.9],[16.2,77.9],[15.8,77.8],[15.6,77.9],[15.3,77.9],[15.1,77.8],[14.8,77.8],[14.7,77.8],[14.6,77.8],[14.5,77.8],[14.6,77.8],[14.5,77.8],[14.4,77.8],[14.3,77.8],[14.2,77.8],[14.1,77.8],[14.0,77.7],[13.9,77.7],[13.8,77.7],[13.7,77.7],[13.7,77.8],[13.8,77.8],[13.7,77.8],[13.7,77.9],[13.6,77.9],[13.6,78.0],[13.7,78.0],[13.6,78.0],[13.6,78.1],[13.7,78.1],[13.8,78.1],[13.9,78.1],[14.0,78.1],[14.1,78.1],[14.2,78.0],[14.3,78.0],[14.4,78.0],[14.3,78.0],[14.3,78.1],[14.2,78.1],[14.6,78.1],[15.0,78.1],[15.1,78.2],[15.2,78.2],[15.3,78.2],[15.4,78.2],[15.6,78.2],[15.7,78.2],[15.6,78.3],[15.8,78.3],[15.9,78.3],[16.1,78.4],[16.3,78.3],[16.6,78.3],[16.9,78.4],[17.1,78.4],[17.2,78.4],[17.3,78.4],[17.2,78.4],[16.9,78.4],[16.6,78.4],[16.5,78.4],[16.4,78.4],[16.4,78.5],[16.3,78.5],[16.4,78.5],[16.5,78.5],[16.6,78.6],[16.7,78.6],[16.8,78.6],[16.8,78.7],[16.6,78.7],[16.5,78.7],[16.4,78.7],[16.4,78.6],[16.3,78.6],[16.0,78.5],[15.7,78.5],[15.4,78.5],[15.3,78.5],[15.3,78.6],[15.2,78.6],[15.4,78.6],[15.5,78.7],[15.5,78.8],[15.4,78.8],[15.5,78.8],[15.4,78.8],[15.4,78.9],[15.4,78.8],[15.3,78.8],[15.2,78.8],[15.2,78.7],[15.3,78.7],[15.2,78.7],[15.1,78.6],[15.0,78.6],[14.9,78.6],[14.8,78.6],[14.8,78.7],[14.7,78.7],[14.6,78.7],[14.5,78.7],[14.4,78.7],[14.5,78.7],[14.5,78.6],[14.6,78.6],[14.6,78.5],[14.5,78.5],[14.4,78.5],[14.5,78.5],[14.6,78.5],[14.7,78.4],[14.5,78.4],[14.4,78.4],[14.3,78.4],[14.2,78.4],[14.3,78.4],[14.3,78.3],[14.1,78.3],[14.1,78.2],[14.0,78.2],[14.0,78.3],[14.1,78.3],[14.0,78.3],[13.9,78.3],[13.9,78.2],[13.8,78.3],[13.7,78.3],[13.8,78.3],[13.8,78.2],[13.9,78.2],[13.5,78.2],[13.1,78.2],[13.0,78.2],[12.9,78.2],[12.9,78.3],[13.0,78.3],[12.9,78.3],[13.0,78.3],[12.9,78.3],[12.9,78.4],[12.7,78.4],[12.6,78.4],[12.5,78.4],[12.4,78.5],[12.5,78.5],[13.0,78.5],[13.2,78.5],[13.1,78.6],[13.0,78.5],[12.7,78.5],[12.4,78.5],[12.4,78.6],[12.3,78.6],[12.0,78.6],[11.9,78.6],[11.9,78.7],[11.8,78.7],[11.7,78.7],[11.6,78.7],[11.7,78.8],[11.8,78.8],[11.9,78.8],[11.9,78.9],[11.6,78.9],[11.5,78.9],[11.4,78.9],[11.3,79.0],[11.6,79.0],[11.9,78.9],[12.2,78.9],[12.5,78.9],[12.5,79.0],[12.4,79.0],[12.1,79.0],[12.0,79.0],[12.1,79.0],[12.0,79.0],[11.8,79.1],[11.7,79.1],[11.8,79.1],[11.9,79.1],[11.8,79.1],[11.9,79.2],[12.0,79.2],[12.1,79.2],[12.1,79.3],[12.0,79.3],[11.8,79.3],[11.9,79.3],[11.9,79.2],[11.8,79.2],[11.8,79.3],[11.7,79.3],[11.6,79.3],[11.7,79.2],[11.3,79.1],[11.2,79.1],[11.2,79.2],[11.1,79.2],[11.1,79.3],[11.0,79.3],[10.9,79.3],[10.8,79.4],[10.9,79.4],[10.9,79.5],[10.8,79.5],[10.7,79.5],[10.7,79.6],[11.2,79.6],[11.1,79.6],[10.9,79.6],[11.0,79.6],[11.4,79.6],[11.5,79.6],[11.4,79.7],[11.2,79.7],[11.2,79.8],[11.3,79.8],[11.5,79.8],[11.6,79.8],[11.5,79.8],[11.6,79.8],[11.7,79.8],[11.8,79.8],[11.9,79.8],[12.0,79.8],[12.0,79.7],[12.1,79.7],[12.0,79.7],[12.1,79.7],[12.2,79.7],[12.1,79.7],[12.2,79.7],[12.3,79.7],[12.2,79.8],[12.4,79.8],[12.5,79.8],[12.5,79.7],[12.7,79.8],[12.8,79.8],[12.9,79.8],[13.0,79.8],[13.1,79.8],[13.3,79.8],[13.4,79.9],[13.6,79.9],[13.8,79.9],[13.9,79.9],[14.0,79.8],[13.9,79.7],[13.7,79.7],[13.3,79.7],[13.2,79.7],[13.0,79.7],[12.6,79.6],[12.5,79.6],[12.6,79.5],[12.6,79.6],[12.7,79.6],[12.9,79.6],[13.0,79.6],[13.2,79.6],[13.3,79.6],[13.4,79.6],[13.5,79.6],[13.4,79.5],[13.3,79.5],[13.5,79.4],[13.5,79.5],[13.4,79.5],[13.5,79.5],[13.6,79.5],[13.7,79.5],[13.8,79.4],[13.9,79.4],[13.9,79.3],[14.0,79.3],[14.1,79.3],[14.2,79.3],[14.1,79.3],[14.1,79.4],[14.0,79.4],[14.0,79.5],[13.9,79.5],[14.0,79.5],[13.9,79.5],[14.0,79.6],[14.1,79.6],[14.3,79.6],[14.2,79.6],[14.1,79.6],[14.2,79.7],[14.3,79.7],[14.2,79.7],[14.3,79.7],[14.4,79.7],[14.5,79.8],[14.9,79.8],[15.1,79.7],[15.2,79.6],[15.3,79.6],[15.3,79.5],[15.4,79.5],[15.4,79.4],[15.5,79.4],[15.5,79.3],[15.6,79.3],[15.7,79.3],[15.8,79.2],[15.7,79.2],[15.7,79.1],[15.8,79.2],[15.9,79.2],[16.0,79.1],[16.1,79.1],[16.1,79.0],[16.2,79.0],[16.3,79.0],[16.3,78.9],[16.4,78.9],[16.5,78.9],[16.5,79.0],[16.4,79.0],[16.3,79.0],[16.3,79.1],[16.2,79.1],[16.2,79.2],[16.1,79.2],[16.0,79.3],[16.0,79.4],[15.9,79.4],[15.9,79.5],[15.9,79.6],[15.8,79.6],[15.7,79.7],[15.7,79.8],[15.6,79.8],[15.7,79.8],[15.6,79.8],[15.7,79.9],[16.1,79.9],[16.0,79.9],[16.0,80.0],[16.1,80.0],[16.0,80.0],[16.1,80.0],[16.3,80.1],[16.4,80.1],[16.5,80.0],[16.6,80.0],[16.7,80.0],[16.7,79.9],[16.8,79.9],[16.9,79.9],[17.0,80.0],[17.3,79.9],[17.4,79.9],[17.6,79.9],[17.7,79.9],[17.9,79.8],[18.0,79.8],[18.1,79.7],[18.0,79.7],[17.9,79.7],[17.9,79.6],[17.8,79.6],[17.7,79.6],[17.8,79.6],[17.7,79.6],[17.6,79.6],[17.6,79.5],[17.7,79.5],[17.8,79.5],[17.8,79.4],[17.6,79.4],[17.7,79.4],[17.8,79.4],[17.9,79.4],[18.0,79.4],[18.0,79.5],[18.1,79.5],[18.1,79.6],[18.2,79.6],[18.3,79.6],[18.4,79.6],[18.5,79.6],[18.6,79.6],[18.7,79.5],[18.8,79.5],[18.9,79.5],[18.9,79.4],[18.8,79.4],[18.8,79.3],[18.9,79.3],[18.8,79.3],[18.6,79.3],[18.7,79.2],[18.8,79.3],[18.9,79.2],[19.1,79.2],[19.2,79.2],[19.3,79.2],[19.4,79.2],[19.6,79.2],[19.7,79.2],[19.8,79.2],[19.8,79.1],[19.9,79.1],[19.9,79.0],[20.0,79.0],[20.1,79.0],[20.2,79.0],[20.5,78.9],[20.9,78.9],[21.4,78.9],[21.5,78.9],[21.5,78.8],[21.6,78.8],[21.5,78.8],[21.5,78.7],[21.4,78.7],[21.3,78.7],[21.1,78.7],[21.1,78.6],[21.0,78.6],[21.0,78.7],[20.9,78.7],[20.7,78.7],[20.6,78.7],[20.6,78.6],[20.5,78.6],[20.4,78.6],[20.2,78.6]]],[[[27.2,80.1],[27.1,80.0],[27.2,80.0],[27.1,80.0],[27.2,79.9],[27.1,79.9],[26.9,79.8],[26.8,79.8],[26.6,79.8],[26.5,79.8],[26.5,79.7],[26.3,79.7],[26.2,79.7],[25.8,79.6],[25.9,79.6],[26.0,79.5],[25.9,79.5],[25.8,79.5],[25.8,79.4],[25.6,79.4],[25.4,79.4],[25.2,79.3],[25.0,79.3],[25.0,79.4],[24.9,79.4],[24.8,79.4],[24.6,79.3],[24.3,79.3],[24.3,79.2],[24.2,79.2],[24.1,79.2],[23.7,79.2],[23.3,79.2],[22.9,79.2],[22.7,79.3],[22.6,79.3],[22.7,79.4],[22.9,79.4],[22.5,79.4],[22.4,79.4],[22.1,79.4],[21.7,79.4],[21.5,79.4],[21.2,79.4],[20.8,79.4],[20.9,79.4],[20.8,79.4],[20.7,79.5],[20.5,79.5],[20.2,79.5],[20.1,79.5],[20.0,79.5],[19.7,79.6],[19.6,79.6],[19.8,79.6],[20.2,79.6],[20.3,79.6],[20.4,79.6],[20.8,79.6],[21.2,79.6],[21.1,79.6],[20.6,79.6],[20.5,79.7],[20.9,79.7],[21.4,79.7],[21.9,79.7],[21.8,79.7],[21.9,79.8],[22.3,79.8],[22.2,79.8],[21.8,79.8],[21.7,79.8],[21.8,79.8],[21.9,79.8],[21.5,79.8],[21.0,79.8],[20.6,79.8],[20.2,79.8],[20.0,79.7],[19.8,79.7],[19.7,79.7],[19.5,79.7],[19.4,79.7],[19.3,79.7],[19.2,79.7],[19.0,79.7],[18.8,79.7],[18.7,79.7],[18.8,79.7],[18.7,79.7],[18.7,79.8],[18.6,79.8],[18.5,79.8],[18.4,79.8],[18.3,79.8],[18.3,79.9],[18.2,79.9],[18.1,79.9],[18.3,79.9],[18.4,79.9],[18.5,80.0],[18.6,80.0],[18.7,80.0],[18.6,80.0],[18.7,80.0],[18.8,80.0],[18.9,80.0],[18.9,80.1],[18.8,80.0],[18.4,80.0],[18.3,80.1],[18.2,80.0],[18.2,80.1],[18.3,80.1],[18.4,80.1],[18.1,80.1],[18.0,80.1],[17.9,80.1],[17.8,80.1],[17.9,80.2],[18.0,80.2],[18.1,80.2],[18.3,80.2],[18.4,80.2],[18.6,80.2],[18.7,80.2],[18.8,80.2],[18.7,80.2],[18.9,80.2],[19.0,80.2],[19.2,80.1],[19.3,80.1],[19.4,80.1],[19.5,80.1],[19.6,80.2],[19.5,80.2],[19.4,80.2],[19.3,80.2],[19.2,80.2],[19.1,80.2],[19.1,80.3],[19.0,80.3],[19.0,80.4],[19.3,80.3],[19.6,80.2],[19.7,80.2],[19.9,80.2],[19.8,80.2],[19.7,80.2],[19.7,80.3],[19.8,80.3],[19.9,80.3],[19.8,80.3],[19.8,80.4],[19.9,80.4],[19.5,80.4],[19.5,80.5],[19.6,80.5],[19.7,80.4],[19.7,80.5],[19.6,80.5],[19.7,80.5],[19.8,80.5],[20.0,80.5],[20.0,80.4],[20.1,80.4],[20.2,80.4],[20.4,80.4],[20.5,80.4],[20.5,80.3],[20.6,80.3],[20.8,80.3],[20.7,80.3],[20.8,80.3],[20.8,80.2],[20.9,80.2],[21.2,80.2],[21.3,80.3],[21.3,80.2],[21.4,80.2],[21.4,80.3],[21.5,80.3],[21.6,80.2],[21.7,80.2],[21.7,80.3],[21.8,80.3],[21.9,80.3],[21.9,80.2],[21.8,80.2],[21.7,80.2],[21.6,80.1],[21.8,80.1],[21.8,80.2],[21.9,80.1],[22.1,80.1],[22.2,80.1],[22.2,80.0],[22.3,80.0],[22.4,80.0],[22.3,80.0],[22.4,80.0],[22.5,80.0],[22.4,80.0],[22.4,80.1],[22.3,80.1],[22.4,80.1],[22.5,80.1],[22.4,80.1],[22.4,80.2],[22.5,80.2],[22.4,80.3],[22.5,80.3],[22.6,80.3],[22.4,80.3],[22.3,80.4],[22.4,80.4],[22.5,80.4],[22.7,80.4],[22.6,80.4],[22.6,80.3],[22.7,80.3],[22.8,80.3],[22.7,80.3],[22.7,80.4],[22.8,80.4],[22.8,80.5],[23.0,80.5],[23.3,80.5],[23.4,80.4],[23.3,80.4],[23.2,80.4],[23.1,80.4],[23.2,80.4],[23.3,80.4],[23.3,80.3],[23.4,80.3],[23.3,80.3],[23.2,80.3],[23.1,80.3],[23.1,80.2],[23.0,80.2],[23.1,80.1],[23.2,80.1],[23.1,80.2],[23.2,80.2],[23.3,80.2],[23.4,80.1],[23.4,80.2],[23.5,80.2],[23.5,80.1],[23.6,80.1],[23.7,80.2],[23.8,80.2],[23.7,80.2],[23.8,80.2],[23.7,80.3],[23.8,80.3],[23.7,80.3],[23.8,80.3],[23.9,80.3],[24.0,80.3],[23.9,80.3],[24.1,80.3],[24.2,80.3],[24.3,80.3],[24.4,80.3],[24.3,80.3],[24.4,80.3],[24.2,80.3],[24.1,80.4],[24.2,80.4],[24.3,80.4],[24.5,80.4],[24.5,80.3],[24.6,80.3],[24.5,80.3],[24.6,80.3],[24.7,80.3],[24.8,80.3],[24.8,80.4],[24.9,80.3],[24.8,80.3],[24.8,80.2],[24.8,80.3],[24.9,80.3],[25.0,80.3],[25.1,80.3],[25.4,80.3],[25.3,80.3],[25.2,80.3],[25.3,80.2],[25.5,80.2],[25.6,80.2],[25.7,80.2],[25.8,80.2],[25.7,80.2],[25.8,80.2],[25.9,80.2],[26.4,80.2],[26.8,80.2],[26.9,80.2],[27.0,80.1],[27.2,80.1]]],[[[16.5,68.7],[16.6,68.7],[16.5,68.7],[16.6,68.7],[16.5,68.6],[16.5,68.5],[16.4,68.6],[16.3,68.6],[16.2,68.5],[16.1,68.5],[16.0,68.4],[15.9,68.4],[15.9,68.5],[15.9,68.4],[15.8,68.4],[15.7,68.4],[15.7,68.3],[15.6,68.3],[15.5,68.3],[15.4,68.3],[15.3,68.3],[15.3,68.4],[15.3,68.3],[15.4,68.4],[15.5,68.4],[15.6,68.5],[15.5,68.5],[15.6,68.5],[15.5,68.5],[15.4,68.4],[15.3,68.4],[15.2,68.4],[15.2,68.3],[15.1,68.3],[15.0,68.3],[15.1,68.3],[15.1,68.4],[15.2,68.4],[15.3,68.5],[15.4,68.5],[15.3,68.5],[15.2,68.5],[15.3,68.5],[15.2,68.5],[15.2,68.6],[15.3,68.6],[15.4,68.6],[15.5,68.6],[15.4,68.6],[15.5,68.6],[15.4,68.6],[15.5,68.6],[15.6,68.6],[15.5,68.6],[15.5,68.7],[15.4,68.7],[15.6,68.7],[15.7,68.7],[15.6,68.7],[15.5,68.7],[15.5,68.8],[15.6,68.8],[15.5,68.9],[15.6,68.9],[15.6,69.0],[15.7,69.0],[15.8,69.0],[15.9,69.0],[15.9,68.9],[15.9,68.8],[15.8,68.8],[15.8,68.7],[15.9,68.7],[15.9,68.8],[16.0,68.8],[16.0,68.7],[15.9,68.7],[15.8,68.6],[15.8,68.5],[15.7,68.5],[15.8,68.5],[15.8,68.6],[15.9,68.6],[15.9,68.7],[16.0,68.7],[16.0,68.6],[16.1,68.6],[16.1,68.7],[16.0,68.7],[16.1,68.7],[16.2,68.7],[16.2,68.8],[16.1,68.8],[16.2,68.9],[16.3,68.8],[16.3,68.9],[16.2,68.9],[16.3,68.9],[16.4,68.9],[16.4,68.8],[16.5,68.8],[16.6,68.8],[16.5,68.8],[16.6,68.8],[16.5,68.8],[16.5,68.7]]],[[[18.1,69.4],[18.1,69.3],[18.0,69.4],[18.0,69.3],[17.9,69.3],[18.0,69.3],[17.9,69.2],[18.0,69.2],[17.8,69.2],[17.7,69.2],[17.6,69.2],[17.5,69.2],[17.4,69.2],[17.2,69.1],[17.2,69.0],[17.1,69.0],[17.0,69.0],[17.1,69.0],[17.1,69.1],[16.8,69.1],[16.9,69.1],[17.0,69.1],[17.1,69.1],[17.1,69.2],[17.2,69.2],[17.1,69.2],[17.0,69.2],[16.9,69.2],[17.1,69.2],[17.1,69.3],[17.1,69.2],[17.1,69.3],[17.0,69.3],[16.9,69.3],[17.1,69.3],[17.0,69.3],[17.1,69.3],[17.1,69.4],[17.0,69.4],[16.9,69.4],[17.0,69.4],[17.1,69.4],[17.3,69.4],[17.4,69.4],[17.3,69.4],[17.4,69.4],[17.5,69.4],[17.3,69.4],[17.2,69.5],[17.3,69.5],[17.4,69.5],[17.3,69.5],[17.4,69.5],[17.5,69.5],[17.6,69.5],[17.5,69.5],[17.5,69.6],[17.6,69.6],[17.6,69.5],[17.7,69.5],[17.7,69.6],[17.8,69.5],[17.8,69.6],[17.9,69.6],[17.9,69.5],[17.8,69.5],[17.8,69.4],[17.9,69.5],[18.0,69.5],[18.1,69.5],[18.0,69.5],[18.0,69.4],[17.9,69.4],[18.0,69.4],[18.1,69.4]]],[[[22.4,70.5],[22.3,70.5],[22.2,70.5],[22.1,70.5],[22.2,70.5],[22.2,70.6],[22.3,70.6],[22.2,70.6],[22.3,70.6],[22.1,70.6],[22.0,70.6],[22.1,70.6],[22.0,70.6],[22.0,70.7],[22.2,70.6],[22.3,70.6],[22.3,70.7],[22.2,70.7],[22.3,70.7],[22.4,70.6],[22.4,70.7],[22.5,70.7],[22.6,70.7],[22.7,70.7],[22.6,70.7],[22.6,70.6],[22.7,70.6],[22.7,70.7],[22.7,70.6],[22.8,70.7],[22.8,70.6],[22.8,70.7],[22.7,70.7],[22.8,70.8],[22.8,70.7],[22.9,70.7],[23.0,70.7],[23.1,70.7],[23.2,70.7],[23.1,70.7],[23.1,70.8],[23.0,70.8],[23.1,70.8],[23.2,70.8],[23.3,70.8],[23.3,70.9],[23.4,70.9],[23.4,70.8],[23.5,70.8],[23.4,70.8],[23.5,70.8],[23.4,70.8],[23.4,70.7],[23.3,70.8],[23.3,70.7],[23.2,70.7],[23.1,70.7],[23.2,70.7],[23.2,70.6],[23.1,70.6],[23.0,70.6],[22.9,70.6],[22.9,70.5],[22.8,70.5],[22.8,70.6],[22.8,70.5],[22.8,70.6],[22.7,70.6],[22.6,70.6],[22.6,70.5],[22.5,70.5],[22.4,70.5]]]]},"properties":{"country":"Norway","iso3":"NOR","entries":402,"_k":"7"}}]}