{"type":"FeatureCollection","details":true,"features":[{"type":"Feature","geometry":{"type":"MultiPolygon","coordinates":[[[[-122.8,49.0],[-122.7,49.0],[-122.4,49.0],[-122.2,49.0],[-122.0,49.0],[-121.8,49.0],[-121.6,49.0],[-121.3,49.0],[-121.1,49.0],[-120.9,49.0],[-120.7,49.0],[-120.5,49.0],[-120.2,49.0],[-120.0,49.0],[-119.8,49.0],[-119.6,49.0],[-119.4,49.0],[-119.1,49.0],[-118.9,49.0],[-118.7,49.0],[-118.5,49.0],[-118.3,49.0],[-118.0,49.0],[-117.8,49.0],[-117.6,49.0],[-117.4,49.0],[-117.2,49.0],[-117.0,49.0],[-116.9,49.0],[-116.7,49.0],[-116.5,49.0],[-116.3,49.0],[-116.1,49.0],[-116.0,49.0],[-115.8,49.0],[-115.6,49.0],[-115.4,49.0],[-115.2,49.0],[-115.0,49.0],[-114.7,49.0],[-114.5,49.0],[-114.3,49.0],[-114.1,49.0],[-113.9,49.0],[-113.6,49.0],[-113.4,49.0],[-113.2,49.0],[-113.0,49.0],[-112.8,49.0],[-112.5,49.0],[-112.3,49.0],[-112.1,49.0],[-111.9,49.0],[-111.7,49.0],[-111.4,49.0],[-111.2,49.0],[-111.0,49.0],[-110.8,49.0],[-110.6,49.0],[-110.3,49.0],[-110.1,49.0],[-110.0,49.0],[-109.9,49.0],[-109.7,49.0],[-109.5,49.0],[-109.2,49.0],[-109.0,49.0],[-108.8,49.0],[-108.6,49.0],[-108.4,49.0],[-108.1,49.0],[-107.9,49.0],[-107.7,49.0],[-107.5,49.0],[-107.3,49.0],[-107.0,49.0],[-106.8,49.0],[-106.6,49.0],[-106.4,49.0],[-106.2,49.0],[-105.9,49.0],[-105.7,49.0],[-105.5,49.0],[-105.3,49.0],[-105.1,49.0],[-104.8,49.0],[-104.6,49.0],[-104.4,49.0],[-104.2,49.0],[-104.0,49.0],[-103.7,49.0],[-103.5,49.0],[-103.3,49.0],[-103.1,49.0],[-102.9,49.0],[-102.7,49.0],[-102.4,49.0],[-102.2,49.0],[-102.0,49.0],[-101.8,49.0],[-101.6,49.0],[-101.4,49.0],[-101.3,49.0],[-101.1,49.0],[-100.9,49.0],[-100.7,49.0],[-100.5,49.0],[-100.2,49.0],[-100.0,49.0],[-99.8,49.0],[-99.6,49.0],[-99.4,49.0],[-99.1,49.0],[-98.9,49.0],[-98.7,49.0],[-98.5,49.0],[-98.3,49.0],[-98.0,49.0],[-97.8,49.0],[-97.6,49.0],[-97.4,49.0],[-97.2,49.0],[-96.9,49.0],[-96.7,49.0],[-96.5,49.0],[-96.3,49.0],[-96.1,49.0],[-95.8,49.0],[-95.6,49.0],[-95.4,49.0],[-95.2,49.0],[-95.2,49.1],[-95.2,49.2],[-95.2,49.3],[-95.2,49.4],[-95.1,49.4],[-95.0,49.4],[-94.9,49.3],[-94.8,49.3],[-94.8,49.2],[-94.8,49.1],[-94.8,49.0],[-94.7,48.9],[-94.7,48.8],[-94.6,48.7],[-94.5,48.7],[-94.3,48.7],[-94.2,48.7],[-94.0,48.6],[-93.9,48.6],[-93.8,48.6],[-93.8,48.5],[-93.6,48.5],[-93.5,48.5],[-93.5,48.6],[-93.4,48.6],[-93.3,48.6],[-93.1,48.6],[-93.0,48.6],[-92.9,48.6],[-92.7,48.5],[-92.6,48.5],[-92.7,48.5],[-92.7,48.4],[-92.6,48.4],[-92.5,48.4],[-92.5,48.3],[-92.4,48.3],[-92.4,48.2],[-92.3,48.2],[-92.3,48.3],[-92.2,48.4],[-92.1,48.3],[-92.0,48.3],[-92.0,48.2],[-91.9,48.2],[-91.8,48.2],[-91.7,48.2],[-91.7,48.1],[-91.6,48.1],[-91.6,48.0],[-91.5,48.1],[-91.5,48.0],[-91.4,48.0],[-91.4,48.1],[-91.3,48.1],[-91.2,48.1],[-91.1,48.2],[-91.0,48.2],[-90.9,48.2],[-90.8,48.2],[-90.8,48.1],[-90.7,48.1],[-90.6,48.1],[-90.5,48.1],[-90.2,48.1],[-90.1,48.1],[-90.0,48.0],[-89.9,48.0],[-89.8,48.0],[-89.7,48.0],[-89.6,48.0],[-89.5,48.0],[-89.4,48.0],[-89.3,48.0],[-89.2,48.0],[-89.1,48.1],[-88.9,48.2],[-88.8,48.2],[-88.6,48.3],[-88.4,48.3],[-88.3,48.3],[-88.2,48.2],[-88.0,48.2],[-87.8,48.1],[-87.6,48.0],[-87.4,47.9],[-87.2,47.9],[-87.0,47.8],[-86.8,47.7],[-86.7,47.7],[-86.6,47.6],[-86.5,47.6],[-86.4,47.5],[-86.3,47.5],[-86.2,47.5],[-86.1,47.4],[-86.0,47.4],[-85.9,47.3],[-85.8,47.3],[-85.6,47.2],[-85.5,47.2],[-85.4,47.1],[-85.3,47.1],[-85.1,47.0],[-85.0,47.0],[-85.0,46.9],[-84.9,46.9],[-84.8,46.8],[-84.8,46.7],[-84.8,46.6],[-84.7,46.6],[-84.6,46.5],[-84.5,46.5],[-84.4,46.5],[-84.3,46.5],[-84.2,46.5],[-84.1,46.5],[-84.2,46.4],[-84.1,46.4],[-84.1,46.3],[-84.1,46.2],[-84.0,46.2],[-84.0,46.1],[-83.9,46.1],[-83.8,46.1],[-83.7,46.1],[-83.6,46.1],[-83.5,46.0],[-83.5,45.9],[-83.6,45.9],[-83.6,45.8],[-83.5,45.8],[-83.4,45.7],[-83.2,45.6],[-83.0,45.6],[-82.8,45.4],[-82.6,45.4],[-82.5,45.3],[-82.5,45.1],[-82.4,44.9],[-82.4,44.7],[-82.3,44.5],[-82.3,44.2],[-82.2,44.0],[-82.2,43.8],[-82.1,43.6],[-82.2,43.5],[-82.2,43.4],[-82.3,43.4],[-82.3,43.3],[-82.3,43.2],[-82.4,43.1],[-82.4,43.0],[-82.5,42.9],[-82.5,42.8],[-82.5,42.7],[-82.5,42.6],[-82.6,42.6],[-82.7,42.5],[-82.8,42.4],[-82.9,42.4],[-83.0,42.3],[-83.1,42.3],[-83.1,42.2],[-83.1,42.1],[-83.2,42.0],[-83.1,41.9],[-83.1,41.8],[-83.0,41.8],[-82.9,41.8],[-82.7,41.7],[-82.5,41.7],[-82.4,41.7],[-82.3,41.7],[-82.1,41.8],[-82.0,41.9],[-81.9,41.9],[-81.7,42.0],[-81.6,42.1],[-81.4,42.1],[-81.3,42.2],[-81.1,42.2],[-81.0,42.2],[-80.9,42.3],[-80.8,42.3],[-80.6,42.3],[-80.5,42.3],[-80.4,42.3],[-80.2,42.4],[-80.1,42.4],[-79.9,42.5],[-79.8,42.5],[-79.6,42.6],[-79.5,42.6],[-79.3,42.7],[-79.2,42.7],[-79.0,42.8],[-78.9,42.9],[-78.9,43.0],[-79.0,43.0],[-79.0,43.1],[-79.1,43.1],[-79.0,43.2],[-79.1,43.3],[-79.2,43.5],[-79.1,43.5],[-78.9,43.5],[-78.8,43.6],[-78.7,43.6],[-78.5,43.6],[-78.2,43.6],[-78.0,43.6],[-77.8,43.6],[-77.5,43.6],[-77.3,43.6],[-77.1,43.6],[-76.8,43.6],[-76.8,43.7],[-76.7,43.8],[-76.6,43.9],[-76.5,44.0],[-76.5,44.1],[-76.4,44.1],[-76.4,44.2],[-76.3,44.2],[-76.2,44.2],[-76.2,44.3],[-76.1,44.3],[-75.9,44.4],[-75.8,44.4],[-75.8,44.5],[-75.7,44.6],[-75.6,44.7],[-75.5,44.7],[-75.3,44.8],[-75.3,44.9],[-75.1,44.9],[-75.0,45.0],[-74.9,45.0],[-74.7,45.0],[-74.6,45.0],[-74.5,45.0],[-74.4,45.0],[-74.3,45.0],[-74.2,45.0],[-74.1,45.0],[-74.0,45.0],[-73.9,45.0],[-73.8,45.0],[-73.7,45.0],[-73.6,45.0],[-73.5,45.0],[-73.4,45.0],[-73.3,45.0],[-73.2,45.0],[-73.1,45.0],[-73.0,45.0],[-72.9,45.0],[-72.8,45.0],[-72.7,45.0],[-72.6,45.0],[-72.5,45.0],[-72.4,45.0],[-72.3,45.0],[-72.2,45.0],[-72.1,45.0],[-72.0,45.0],[-71.9,45.0],[-71.8,45.0],[-71.7,45.0],[-71.6,45.0],[-71.5,45.0],[-71.5,45.1],[-71.4,45.1],[-71.4,45.2],[-71.4,45.3],[-71.3,45.3],[-71.2,45.3],[-71.2,45.2],[-71.1,45.3],[-71.0,45.3],[-70.9,45.2],[-70.9,45.3],[-70.8,45.3],[-70.8,45.4],[-70.7,45.4],[-70.6,45.4],[-70.7,45.4],[-70.7,45.5],[-70.7,45.6],[-70.6,45.7],[-70.5,45.7],[-70.4,45.7],[-70.4,45.8],[-70.3,45.9],[-70.3,46.0],[-70.3,46.1],[-70.2,46.1],[-70.2,46.2],[-70.3,46.2],[-70.3,46.3],[-70.2,46.3],[-70.2,46.4],[-70.1,46.4],[-70.1,46.5],[-70.0,46.6],[-70.0,46.7],[-69.9,46.8],[-69.8,46.9],[-69.7,47.0],[-69.6,47.1],[-69.5,47.2],[-69.4,47.3],[-69.4,47.4],[-69.3,47.4],[-69.3,47.5],[-69.2,47.5],[-69.1,47.4],[-69.1,47.3],[-69.0,47.2],[-68.9,47.2],[-68.8,47.2],[-68.7,47.2],[-68.6,47.2],[-68.6,47.3],[-68.5,47.3],[-68.4,47.3],[-68.3,47.4],[-68.2,47.4],[-68.2,47.3],[-68.1,47.3],[-68.0,47.2],[-67.9,47.2],[-67.9,47.1],[-67.8,47.1],[-67.8,47.0],[-67.8,46.9],[-67.8,46.8],[-67.8,46.6],[-67.8,46.5],[-67.8,46.4],[-67.8,46.2],[-67.8,46.1],[-67.8,46.0],[-67.8,45.9],[-67.8,45.8],[-67.8,45.7],[-67.7,45.7],[-67.7,45.6],[-67.6,45.6],[-67.5,45.6],[-67.4,45.6],[-67.4,45.5],[-67.5,45.5],[-67.4,45.4],[-67.5,45.3],[-67.4,45.2],[-67.3,45.2],[-67.2,45.2],[-67.2,45.1],[-67.1,45.1],[-67.1,45.0],[-67.0,45.0],[-67.1,45.0],[-67.1,44.9],[-67.2,44.9],[-67.1,44.8],[-67.1,44.9],[-67.1,44.8],[-67.1,44.9],[-67.1,44.8],[-67.0,44.8],[-67.0,44.9],[-67.1,44.9],[-67.0,44.9],[-67.0,44.8],[-67.1,44.8],[-67.1,44.7],[-67.2,44.7],[-67.2,44.6],[-67.2,44.7],[-67.3,44.7],[-67.3,44.6],[-67.3,44.7],[-67.4,44.7],[-67.3,44.7],[-67.4,44.7],[-67.4,44.6],[-67.4,44.7],[-67.5,44.7],[-67.5,44.6],[-67.4,44.6],[-67.5,44.6],[-67.6,44.6],[-67.6,44.5],[-67.6,44.6],[-67.7,44.6],[-67.7,44.5],[-67.8,44.5],[-67.7,44.6],[-67.8,44.6],[-67.8,44.5],[-67.8,44.6],[-67.9,44.5],[-67.8,44.5],[-67.9,44.5],[-67.9,44.4],[-67.9,44.5],[-67.9,44.4],[-68.0,44.4],[-68.0,44.5],[-68.0,44.4],[-68.1,44.3],[-68.1,44.4],[-68.1,44.5],[-68.2,44.5],[-68.3,44.5],[-68.4,44.5],[-68.4,44.4],[-68.4,44.5],[-68.5,44.5],[-68.5,44.4],[-68.4,44.4],[-68.5,44.4],[-68.6,44.4],[-68.5,44.4],[-68.6,44.3],[-68.5,44.3],[-68.5,44.2],[-68.6,44.3],[-68.7,44.3],[-68.8,44.3],[-68.8,44.4],[-68.7,44.4],[-68.8,44.4],[-68.8,44.5],[-68.7,44.5],[-68.7,44.6],[-68.8,44.6],[-68.8,44.5],[-68.9,44.5],[-68.8,44.5],[-68.9,44.5],[-68.9,44.4],[-69.0,44.4],[-68.9,44.3],[-69.0,44.3],[-69.0,44.2],[-69.1,44.2],[-69.1,44.1],[-69.1,44.0],[-69.2,44.0],[-69.2,43.9],[-69.3,43.9],[-69.3,44.0],[-69.2,44.0],[-69.3,44.0],[-69.3,43.9],[-69.3,44.0],[-69.4,44.0],[-69.3,44.0],[-69.4,44.0],[-69.3,44.1],[-69.4,44.1],[-69.4,44.0],[-69.5,43.9],[-69.5,43.8],[-69.5,43.9],[-69.5,43.8],[-69.6,43.8],[-69.6,43.9],[-69.6,44.0],[-69.5,44.0],[-69.6,44.0],[-69.6,43.9],[-69.6,43.8],[-69.7,43.9],[-69.6,43.9],[-69.7,43.9],[-69.6,43.9],[-69.7,43.9],[-69.7,44.0],[-69.6,44.0],[-69.7,44.0],[-69.7,43.9],[-69.8,43.9],[-69.7,43.9],[-69.7,43.8],[-69.8,43.8],[-69.8,43.9],[-69.8,44.0],[-69.8,44.1],[-69.8,44.0],[-69.9,44.0],[-69.8,44.0],[-69.8,43.9],[-69.8,43.8],[-69.8,43.7],[-69.9,43.7],[-69.9,43.8],[-69.8,43.8],[-69.9,43.8],[-69.9,43.9],[-69.9,43.8],[-70.0,43.8],[-70.0,43.7],[-69.9,43.8],[-70.0,43.8],[-70.0,43.7],[-70.0,43.8],[-70.0,43.9],[-70.0,43.8],[-70.1,43.8],[-70.2,43.8],[-70.2,43.7],[-70.3,43.7],[-70.3,43.6],[-70.2,43.6],[-70.2,43.5],[-70.3,43.5],[-70.3,43.6],[-70.3,43.5],[-70.4,43.5],[-70.4,43.4],[-70.3,43.5],[-70.3,43.4],[-70.4,43.4],[-70.5,43.4],[-70.5,43.3],[-70.6,43.3],[-70.6,43.2],[-70.6,43.1],[-70.7,43.1],[-70.8,43.1],[-70.7,43.1],[-70.7,43.0],[-70.8,42.9],[-70.8,42.8],[-70.9,42.8],[-70.8,42.8],[-70.8,42.7],[-70.7,42.7],[-70.8,42.7],[-70.7,42.7],[-70.7,42.6],[-70.7,42.7],[-70.6,42.7],[-70.6,42.6],[-70.7,42.6],[-70.8,42.6],[-70.9,42.5],[-70.8,42.5],[-70.9,42.5],[-70.9,42.4],[-71.0,42.4],[-71.0,42.3],[-71.0,42.2],[-70.9,42.2],[-70.9,42.3],[-70.8,42.3],[-70.8,42.2],[-70.7,42.2],[-70.7,42.1],[-70.6,42.1],[-70.6,42.0],[-70.6,42.1],[-70.7,42.1],[-70.7,42.0],[-70.6,42.0],[-70.5,41.9],[-70.5,41.8],[-70.4,41.8],[-70.4,41.7],[-70.3,41.7],[-70.2,41.7],[-70.1,41.8],[-70.0,41.8],[-70.0,41.9],[-70.1,41.9],[-70.1,42.0],[-70.1,42.1],[-70.2,42.1],[-70.2,42.0],[-70.2,42.1],[-70.1,42.1],[-70.1,42.0],[-70.0,42.0],[-69.9,41.9],[-69.9,41.8],[-70.0,41.8],[-69.9,41.8],[-69.9,41.7],[-70.0,41.7],[-70.1,41.7],[-70.2,41.7],[-70.2,41.6],[-70.3,41.6],[-70.4,41.6],[-70.5,41.6],[-70.6,41.6],[-70.7,41.5],[-70.7,41.6],[-70.7,41.7],[-70.6,41.7],[-70.7,41.7],[-70.8,41.7],[-70.8,41.6],[-70.8,41.7],[-70.8,41.6],[-70.9,41.6],[-70.8,41.6],[-70.9,41.6],[-70.9,41.5],[-71.0,41.5],[-71.1,41.5],[-71.0,41.5],[-71.0,41.6],[-71.1,41.6],[-71.1,41.5],[-71.2,41.5],[-71.2,41.6],[-71.2,41.7],[-71.1,41.8],[-71.2,41.7],[-71.3,41.7],[-71.3,41.8],[-71.3,41.7],[-71.4,41.7],[-71.4,41.8],[-71.4,41.7],[-71.4,41.6],[-71.4,41.5],[-71.5,41.4],[-71.6,41.4],[-71.8,41.3],[-71.9,41.3],[-72.0,41.3],[-72.1,41.4],[-72.1,41.3],[-72.2,41.3],[-72.3,41.3],[-72.4,41.3],[-72.3,41.3],[-72.4,41.4],[-72.4,41.3],[-72.5,41.3],[-72.6,41.3],[-72.7,41.3],[-72.8,41.3],[-72.9,41.2],[-72.9,41.3],[-73.0,41.3],[-73.0,41.2],[-73.1,41.2],[-73.1,41.1],[-73.2,41.2],[-73.2,41.1],[-73.3,41.1],[-73.4,41.1],[-73.5,41.1],[-73.5,41.0],[-73.6,41.0],[-73.7,41.0],[-73.6,41.0],[-73.7,41.0],[-73.7,40.9],[-73.8,40.9],[-73.8,40.8],[-73.9,40.8],[-73.9,40.9],[-73.9,41.0],[-73.9,41.1],[-73.9,41.2],[-74.0,41.3],[-73.9,41.3],[-74.0,41.3],[-74.0,41.2],[-73.9,41.2],[-73.9,41.1],[-73.9,41.0],[-73.9,40.9],[-74.0,40.9],[-74.0,40.8],[-74.0,40.7],[-74.1,40.7],[-74.1,40.6],[-74.1,40.7],[-74.2,40.7],[-74.2,40.6],[-74.3,40.6],[-74.3,40.5],[-74.2,40.5],[-74.2,40.4],[-74.1,40.4],[-74.0,40.4],[-74.0,40.5],[-74.0,40.4],[-74.0,40.3],[-74.0,40.2],[-74.0,40.1],[-74.0,40.0],[-74.1,40.0],[-74.1,39.9],[-74.1,39.8],[-74.1,39.9],[-74.1,40.0],[-74.1,40.1],[-74.1,40.0],[-74.1,39.9],[-74.1,39.8],[-74.2,39.8],[-74.2,39.7],[-74.2,39.6],[-74.3,39.6],[-74.2,39.6],[-74.3,39.6],[-74.3,39.5],[-74.4,39.6],[-74.4,39.5],[-74.4,39.6],[-74.4,39.5],[-74.4,39.4],[-74.4,39.5],[-74.4,39.4],[-74.5,39.4],[-74.4,39.4],[-74.4,39.3],[-74.5,39.3],[-74.5,39.4],[-74.5,39.3],[-74.6,39.3],[-74.7,39.3],[-74.6,39.3],[-74.6,39.2],[-74.7,39.2],[-74.7,39.1],[-74.8,39.0],[-74.9,38.9],[-75.0,38.9],[-75.0,39.0],[-74.9,39.0],[-74.9,39.1],[-74.9,39.2],[-75.0,39.2],[-75.1,39.2],[-75.2,39.2],[-75.2,39.3],[-75.3,39.3],[-75.4,39.3],[-75.4,39.4],[-75.5,39.4],[-75.5,39.5],[-75.5,39.6],[-75.6,39.6],[-75.5,39.6],[-75.5,39.7],[-75.4,39.8],[-75.3,39.8],[-75.3,39.9],[-75.2,39.9],[-75.1,39.9],[-75.1,40.0],[-75.1,39.9],[-75.1,40.0],[-75.0,40.0],[-75.1,40.0],[-75.1,39.9],[-75.2,39.9],[-75.3,39.9],[-75.4,39.8],[-75.5,39.8],[-75.5,39.7],[-75.6,39.7],[-75.6,39.6],[-75.6,39.5],[-75.6,39.4],[-75.5,39.4],[-75.5,39.3],[-75.4,39.3],[-75.4,39.2],[-75.4,39.1],[-75.4,39.0],[-75.3,39.0],[-75.3,38.9],[-75.2,38.9],[-75.2,38.8],[-75.1,38.8],[-75.1,38.7],[-75.1,38.6],[-75.1,38.7],[-75.2,38.7],[-75.1,38.7],[-75.1,38.6],[-75.2,38.6],[-75.1,38.6],[-75.1,38.5],[-75.0,38.5],[-75.0,38.4],[-75.1,38.4],[-75.1,38.3],[-75.1,38.4],[-75.1,38.5],[-75.1,38.4],[-75.2,38.4],[-75.1,38.4],[-75.1,38.3],[-75.2,38.2],[-75.2,38.3],[-75.2,38.2],[-75.3,38.2],[-75.3,38.1],[-75.4,38.1],[-75.4,38.0],[-75.4,37.9],[-75.5,37.9],[-75.5,37.8],[-75.6,37.7],[-75.7,37.6],[-75.7,37.5],[-75.8,37.5],[-75.8,37.4],[-75.9,37.4],[-75.9,37.3],[-75.9,37.2],[-75.9,37.1],[-76.0,37.1],[-76.0,37.2],[-76.0,37.3],[-76.0,37.4],[-76.0,37.5],[-75.9,37.5],[-76.0,37.5],[-75.9,37.5],[-75.9,37.6],[-75.9,37.7],[-75.8,37.7],[-75.8,37.8],[-75.7,37.8],[-75.7,37.9],[-75.6,37.9],[-75.6,38.0],[-75.7,38.0],[-75.8,38.0],[-75.8,37.9],[-75.9,37.9],[-75.9,38.0],[-75.8,38.0],[-75.9,38.0],[-75.8,38.0],[-75.8,38.1],[-75.7,38.1],[-75.8,38.1],[-75.9,38.1],[-75.8,38.1],[-75.8,38.2],[-75.9,38.2],[-75.9,38.1],[-75.9,38.2],[-75.8,38.2],[-75.9,38.2],[-75.9,38.3],[-75.9,38.4],[-75.8,38.4],[-75.9,38.4],[-75.9,38.3],[-76.0,38.3],[-76.0,38.2],[-76.0,38.3],[-76.0,38.4],[-76.0,38.3],[-76.0,38.2],[-76.1,38.3],[-76.2,38.4],[-76.2,38.3],[-76.2,38.4],[-76.3,38.4],[-76.3,38.5],[-76.2,38.5],[-76.2,38.6],[-76.3,38.6],[-76.2,38.6],[-76.1,38.6],[-76.0,38.6],[-76.0,38.7],[-76.0,38.6],[-76.1,38.6],[-76.1,38.7],[-76.1,38.6],[-76.2,38.7],[-76.1,38.7],[-76.2,38.7],[-76.2,38.8],[-76.3,38.7],[-76.3,38.8],[-76.3,38.7],[-76.3,38.8],[-76.3,38.9],[-76.3,38.8],[-76.2,38.8],[-76.1,38.8],[-76.2,38.8],[-76.2,38.9],[-76.1,38.9],[-76.2,38.9],[-76.1,38.9],[-76.2,38.9],[-76.2,39.0],[-76.3,38.9],[-76.4,38.8],[-76.4,38.9],[-76.3,39.0],[-76.2,39.0],[-76.1,39.0],[-76.2,39.0],[-76.2,39.1],[-76.1,39.1],[-76.2,39.1],[-76.1,39.1],[-76.2,39.1],[-76.2,39.0],[-76.2,39.1],[-76.3,39.1],[-76.3,39.2],[-76.2,39.2],[-76.2,39.3],[-76.1,39.3],[-76.1,39.4],[-76.0,39.4],[-75.9,39.4],[-75.8,39.4],[-75.9,39.4],[-76.0,39.4],[-76.0,39.5],[-75.9,39.5],[-75.8,39.5],[-75.9,39.5],[-75.8,39.6],[-75.9,39.6],[-75.9,39.5],[-76.0,39.5],[-75.9,39.6],[-76.0,39.6],[-76.0,39.5],[-76.0,39.6],[-76.1,39.6],[-76.1,39.5],[-76.1,39.4],[-76.2,39.4],[-76.2,39.5],[-76.3,39.5],[-76.3,39.4],[-76.2,39.3],[-76.3,39.3],[-76.3,39.4],[-76.4,39.4],[-76.3,39.4],[-76.3,39.3],[-76.4,39.3],[-76.5,39.3],[-76.4,39.3],[-76.4,39.2],[-76.5,39.2],[-76.6,39.3],[-76.6,39.2],[-76.5,39.2],[-76.4,39.1],[-76.5,39.1],[-76.4,39.0],[-76.5,39.0],[-76.5,39.1],[-76.6,39.1],[-76.6,39.0],[-76.5,39.0],[-76.5,38.9],[-76.5,39.0],[-76.6,39.0],[-76.5,38.9],[-76.5,38.8],[-76.6,38.8],[-76.5,38.7],[-76.5,38.6],[-76.5,38.5],[-76.4,38.4],[-76.4,38.3],[-76.5,38.3],[-76.5,38.4],[-76.6,38.4],[-76.6,38.5],[-76.7,38.7],[-76.7,38.6],[-76.7,38.5],[-76.6,38.4],[-76.5,38.4],[-76.5,38.3],[-76.4,38.3],[-76.4,38.2],[-76.3,38.2],[-76.3,38.1],[-76.3,38.0],[-76.3,38.1],[-76.4,38.1],[-76.4,38.2],[-76.5,38.2],[-76.4,38.2],[-76.5,38.2],[-76.5,38.1],[-76.5,38.2],[-76.5,38.1],[-76.5,38.2],[-76.6,38.2],[-76.7,38.2],[-76.8,38.2],[-76.8,38.3],[-76.8,38.4],[-76.9,38.4],[-76.8,38.3],[-76.9,38.3],[-77.0,38.3],[-77.0,38.4],[-77.0,38.5],[-77.0,38.4],[-77.1,38.4],[-77.1,38.5],[-77.1,38.4],[-77.2,38.4],[-77.3,38.4],[-77.3,38.5],[-77.2,38.5],[-77.2,38.6],[-77.1,38.6],[-77.1,38.7],[-77.0,38.7],[-77.0,38.8],[-77.0,38.9],[-77.1,38.9],[-77.0,38.9],[-77.0,38.8],[-77.1,38.8],[-77.0,38.8],[-77.0,38.7],[-77.1,38.7],[-77.2,38.7],[-77.1,38.7],[-77.1,38.6],[-77.2,38.6],[-77.2,38.7],[-77.2,38.6],[-77.3,38.6],[-77.3,38.5],[-77.3,38.4],[-77.4,38.4],[-77.3,38.4],[-77.3,38.3],[-77.2,38.3],[-77.1,38.4],[-77.0,38.4],[-77.0,38.3],[-77.1,38.3],[-77.0,38.3],[-77.0,38.2],[-76.9,38.2],[-76.8,38.2],[-76.8,38.1],[-76.7,38.1],[-76.7,38.2],[-76.7,38.1],[-76.6,38.1],[-76.6,38.2],[-76.6,38.1],[-76.5,38.1],[-76.5,38.0],[-76.4,38.0],[-76.3,37.9],[-76.2,37.9],[-76.2,37.8],[-76.3,37.8],[-76.3,37.9],[-76.3,37.8],[-76.3,37.7],[-76.3,37.6],[-76.4,37.6],[-76.4,37.7],[-76.5,37.7],[-76.6,37.8],[-76.7,37.8],[-76.8,37.9],[-76.9,38.0],[-76.9,38.1],[-77.0,38.1],[-77.0,38.2],[-77.1,38.2],[-77.1,38.1],[-77.0,38.1],[-76.9,38.1],[-76.9,38.0],[-76.9,37.9],[-76.8,37.9],[-76.8,37.8],[-76.7,37.8],[-76.6,37.8],[-76.6,37.7],[-76.6,37.6],[-76.5,37.6],[-76.4,37.6],[-76.3,37.6],[-76.4,37.5],[-76.3,37.5],[-76.2,37.4],[-76.3,37.3],[-76.3,37.4],[-76.4,37.4],[-76.4,37.3],[-76.5,37.3],[-76.5,37.2],[-76.5,37.3],[-76.6,37.3],[-76.6,37.4],[-76.7,37.4],[-76.7,37.5],[-76.8,37.5],[-76.7,37.4],[-76.6,37.3],[-76.5,37.3],[-76.5,37.2],[-76.4,37.2],[-76.3,37.2],[-76.3,37.1],[-76.3,37.0],[-76.4,37.0],[-76.5,37.0],[-76.5,37.1],[-76.6,37.1],[-76.6,37.2],[-76.7,37.2],[-76.8,37.2],[-76.8,37.3],[-76.9,37.3],[-76.9,37.2],[-76.9,37.3],[-77.0,37.3],[-77.1,37.3],[-77.2,37.3],[-77.3,37.3],[-77.2,37.3],[-77.1,37.3],[-77.0,37.3],[-77.0,37.2],[-76.9,37.2],[-76.8,37.2],[-76.7,37.2],[-76.7,37.1],[-76.7,37.0],[-76.6,37.0],[-76.5,37.0],[-76.5,36.9],[-76.4,36.9],[-76.3,36.9],[-76.3,36.8],[-76.3,36.9],[-76.3,37.0],[-76.2,36.9],[-76.1,36.9],[-76.0,36.9],[-76.0,36.8],[-75.9,36.6],[-75.9,36.5],[-75.8,36.4],[-75.8,36.3],[-75.8,36.2],[-75.7,36.1],[-75.6,35.9],[-75.5,35.8],[-75.6,35.8],[-75.6,35.9],[-75.7,36.0],[-75.7,36.1],[-75.7,36.0],[-75.7,36.1],[-75.7,36.2],[-75.8,36.2],[-75.8,36.3],[-75.8,36.4],[-75.9,36.5],[-75.9,36.6],[-75.9,36.7],[-76.0,36.7],[-76.0,36.6],[-76.0,36.5],[-75.9,36.5],[-75.9,36.6],[-75.9,36.5],[-76.0,36.5],[-76.0,36.6],[-76.0,36.5],[-76.0,36.4],[-75.9,36.4],[-75.9,36.3],[-75.8,36.2],[-75.8,36.1],[-75.9,36.1],[-75.9,36.2],[-75.9,36.3],[-76.0,36.3],[-76.0,36.2],[-75.9,36.2],[-76.0,36.2],[-75.9,36.2],[-76.0,36.2],[-76.1,36.2],[-76.1,36.3],[-76.2,36.3],[-76.1,36.2],[-76.1,36.1],[-76.2,36.1],[-76.2,36.2],[-76.3,36.2],[-76.2,36.2],[-76.2,36.1],[-76.3,36.1],[-76.4,36.2],[-76.5,36.2],[-76.4,36.2],[-76.4,36.1],[-76.3,36.1],[-76.4,36.1],[-76.4,36.0],[-76.5,36.0],[-76.6,36.0],[-76.6,36.1],[-76.6,36.0],[-76.7,36.0],[-76.7,36.1],[-76.7,36.2],[-76.7,36.3],[-76.7,36.2],[-76.8,36.2],[-76.8,36.1],[-76.7,36.1],[-76.7,36.0],[-76.7,35.9],[-76.6,35.9],[-76.5,36.0],[-76.4,36.0],[-76.4,35.9],[-76.3,35.9],[-76.3,36.0],[-76.2,36.0],[-76.1,36.0],[-76.0,36.0],[-76.1,36.0],[-76.1,35.9],[-76.0,35.9],[-76.1,35.9],[-76.1,35.8],[-76.0,35.7],[-76.1,35.7],[-76.0,35.7],[-76.1,35.7],[-76.0,35.7],[-76.0,35.8],[-76.0,35.9],[-75.9,35.9],[-75.8,35.9],[-75.9,35.9],[-75.9,36.0],[-75.8,36.0],[-75.8,35.9],[-75.7,35.9],[-75.7,35.8],[-75.7,35.7],[-75.8,35.7],[-75.7,35.6],[-75.8,35.6],[-75.9,35.6],[-76.0,35.5],[-76.0,35.4],[-76.1,35.4],[-76.2,35.3],[-76.2,35.4],[-76.3,35.4],[-76.3,35.3],[-76.3,35.4],[-76.4,35.4],[-76.4,35.3],[-76.4,35.4],[-76.4,35.5],[-76.4,35.4],[-76.5,35.4],[-76.6,35.5],[-76.5,35.5],[-76.6,35.5],[-76.5,35.5],[-76.6,35.5],[-76.6,35.4],[-76.7,35.4],[-76.6,35.4],[-76.7,35.4],[-76.8,35.4],[-76.8,35.5],[-76.9,35.5],[-77.0,35.5],[-77.1,35.5],[-77.0,35.5],[-77.0,35.4],[-76.9,35.5],[-76.9,35.4],[-76.8,35.4],[-76.7,35.4],[-76.6,35.3],[-76.5,35.3],[-76.5,35.2],[-76.6,35.2],[-76.5,35.2],[-76.6,35.2],[-76.7,35.2],[-76.6,35.2],[-76.6,35.1],[-76.6,35.2],[-76.6,35.1],[-76.7,35.0],[-76.8,35.0],[-76.9,35.0],[-76.9,35.1],[-77.0,35.1],[-77.1,35.2],[-77.0,35.1],[-77.0,35.0],[-76.9,35.0],[-76.8,34.9],[-76.7,34.9],[-76.7,35.0],[-76.6,35.0],[-76.6,34.9],[-76.5,34.9],[-76.5,35.0],[-76.6,35.0],[-76.5,35.0],[-76.5,35.1],[-76.4,35.1],[-76.4,35.0],[-76.5,35.0],[-76.5,34.9],[-76.4,34.9],[-76.4,35.0],[-76.4,34.9],[-76.4,35.0],[-76.3,35.0],[-76.4,35.0],[-76.3,35.0],[-76.3,34.9],[-76.4,34.9],[-76.4,34.8],[-76.5,34.8],[-76.5,34.7],[-76.6,34.7],[-76.6,34.8],[-76.6,34.7],[-76.7,34.7],[-76.7,34.8],[-76.8,34.8],[-76.7,34.8],[-76.7,34.7],[-76.9,34.7],[-77.1,34.7],[-77.1,34.8],[-77.1,34.7],[-77.2,34.7],[-77.3,34.6],[-77.4,34.6],[-77.3,34.6],[-77.3,34.7],[-77.4,34.7],[-77.4,34.8],[-77.4,34.7],[-77.4,34.6],[-77.4,34.5],[-77.5,34.5],[-77.7,34.4],[-77.7,34.3],[-77.8,34.2],[-77.9,34.1],[-77.9,34.0],[-77.9,33.9],[-77.9,34.0],[-77.9,34.1],[-78.0,34.2],[-78.0,34.1],[-77.9,34.1],[-78.0,34.0],[-77.9,34.0],[-78.0,34.0],[-78.0,33.9],[-78.1,33.9],[-78.2,33.9],[-78.3,33.9],[-78.4,33.9],[-78.4,34.0],[-78.4,33.9],[-78.5,33.9],[-78.6,33.9],[-78.5,33.9],[-78.6,33.9],[-78.6,33.8],[-78.7,33.8],[-78.8,33.8],[-78.9,33.7],[-78.9,33.6],[-79.0,33.5],[-79.1,33.4],[-79.2,33.4],[-79.1,33.4],[-79.2,33.4],[-79.2,33.2],[-79.2,33.3],[-79.3,33.3],[-79.2,33.4],[-79.3,33.4],[-79.3,33.3],[-79.2,33.3],[-79.2,33.2],[-79.2,33.1],[-79.2,33.2],[-79.3,33.2],[-79.3,33.1],[-79.3,33.2],[-79.3,33.1],[-79.4,33.1],[-79.4,33.0],[-79.5,33.0],[-79.6,33.0],[-79.6,32.9],[-79.7,32.9],[-79.7,32.8],[-79.8,32.8],[-79.9,32.8],[-79.9,32.9],[-79.9,32.8],[-79.9,32.9],[-79.9,32.8],[-80.0,32.8],[-79.9,32.8],[-79.9,32.7],[-80.0,32.6],[-80.0,32.7],[-80.0,32.6],[-80.1,32.6],[-80.2,32.6],[-80.3,32.6],[-80.2,32.6],[-80.2,32.5],[-80.3,32.5],[-80.4,32.5],[-80.5,32.5],[-80.5,32.6],[-80.5,32.5],[-80.6,32.5],[-80.7,32.5],[-80.6,32.5],[-80.5,32.5],[-80.6,32.5],[-80.5,32.5],[-80.5,32.4],[-80.5,32.3],[-80.5,32.4],[-80.4,32.4],[-80.5,32.4],[-80.5,32.3],[-80.6,32.3],[-80.6,32.4],[-80.7,32.4],[-80.7,32.5],[-80.7,32.4],[-80.7,32.3],[-80.8,32.4],[-80.8,32.5],[-80.9,32.5],[-80.8,32.5],[-80.8,32.4],[-80.8,32.3],[-80.7,32.3],[-80.7,32.2],[-80.8,32.1],[-80.8,32.2],[-80.8,32.1],[-80.9,32.1],[-80.9,32.0],[-80.8,32.0],[-80.9,32.0],[-81.0,32.0],[-81.0,31.9],[-80.9,31.9],[-81.0,31.9],[-81.1,31.9],[-81.1,31.8],[-81.0,31.8],[-81.1,31.8],[-81.1,31.7],[-81.2,31.7],[-81.2,31.8],[-81.3,31.8],[-81.3,31.7],[-81.2,31.7],[-81.3,31.6],[-81.3,31.5],[-81.4,31.4],[-81.3,31.4],[-81.3,31.3],[-81.4,31.4],[-81.5,31.4],[-81.5,31.3],[-81.4,31.3],[-81.3,31.3],[-81.3,31.2],[-81.4,31.2],[-81.4,31.1],[-81.4,31.2],[-81.5,31.2],[-81.4,31.2],[-81.4,31.1],[-81.5,31.1],[-81.4,31.1],[-81.4,31.0],[-81.5,31.1],[-81.5,31.0],[-81.5,30.9],[-81.5,30.8],[-81.5,30.9],[-81.5,30.8],[-81.5,30.7],[-81.4,30.7],[-81.4,30.6],[-81.4,30.5],[-81.5,30.5],[-81.5,30.6],[-81.5,30.5],[-81.4,30.5],[-81.4,30.4],[-81.4,30.3],[-81.4,30.2],[-81.3,30.1],[-81.3,29.9],[-81.3,29.8],[-81.2,29.7],[-81.2,29.6],[-81.1,29.5],[-81.1,29.4],[-81.0,29.2],[-80.9,29.1],[-80.9,29.0],[-80.7,28.8],[-80.7,28.7],[-80.6,28.7],[-80.6,28.6],[-80.5,28.5],[-80.6,28.4],[-80.6,28.3],[-80.6,28.2],[-80.6,28.1],[-80.5,28.0],[-80.5,27.9],[-80.5,28.0],[-80.6,28.1],[-80.6,28.2],[-80.6,28.4],[-80.6,28.5],[-80.6,28.6],[-80.7,28.6],[-80.8,28.6],[-80.8,28.7],[-80.7,28.7],[-80.8,28.7],[-80.8,28.8],[-80.8,28.7],[-80.8,28.6],[-80.8,28.5],[-80.8,28.4],[-80.7,28.4],[-80.7,28.3],[-80.5,28.0],[-80.4,27.7],[-80.3,27.5],[-80.2,27.2],[-80.3,27.2],[-80.2,27.2],[-80.1,27.1],[-80.1,27.0],[-80.1,26.9],[-80.0,26.8],[-80.1,26.8],[-80.0,26.7],[-80.0,26.6],[-80.1,26.6],[-80.1,26.4],[-80.1,26.3],[-80.1,26.1],[-80.1,25.8],[-80.1,25.9],[-80.2,25.9],[-80.2,25.8],[-80.2,25.7],[-80.3,25.7],[-80.3,25.6],[-80.3,25.5],[-80.3,25.4],[-80.4,25.3],[-80.4,25.2],[-80.5,25.2],[-80.4,25.2],[-80.5,25.2],[-80.6,25.2],[-80.7,25.2],[-80.7,25.1],[-80.8,25.1],[-80.8,25.2],[-80.8,25.1],[-80.8,25.2],[-80.8,25.1],[-80.8,25.2],[-80.9,25.2],[-80.9,25.1],[-81.0,25.1],[-81.1,25.1],[-81.1,25.2],[-81.2,25.2],[-81.2,25.3],[-81.1,25.3],[-81.0,25.2],[-80.9,25.2],[-80.9,25.3],[-81.0,25.3],[-81.1,25.3],[-81.1,25.4],[-81.2,25.4],[-81.2,25.5],[-81.2,25.6],[-81.3,25.7],[-81.4,25.8],[-81.3,25.8],[-81.4,25.8],[-81.4,25.9],[-81.5,25.9],[-81.6,25.9],[-81.7,25.9],[-81.7,26.0],[-81.7,25.9],[-81.7,26.0],[-81.8,26.0],[-81.8,26.1],[-81.8,26.2],[-81.8,26.3],[-81.9,26.3],[-81.9,26.4],[-81.8,26.4],[-81.9,26.4],[-81.9,26.5],[-81.9,26.4],[-81.9,26.5],[-82.0,26.5],[-81.9,26.5],[-81.9,26.6],[-81.8,26.7],[-81.9,26.7],[-81.9,26.6],[-81.9,26.5],[-82.0,26.5],[-82.1,26.5],[-82.1,26.6],[-82.1,26.7],[-82.1,26.8],[-82.1,26.9],[-82.0,26.9],[-82.0,27.0],[-82.1,27.0],[-82.1,26.9],[-82.2,26.9],[-82.2,27.0],[-82.3,27.0],[-82.2,27.0],[-82.2,26.9],[-82.2,27.0],[-82.2,26.9],[-82.2,26.8],[-82.3,26.8],[-82.3,26.9],[-82.4,27.0],[-82.4,26.9],[-82.3,26.9],[-82.4,26.9],[-82.5,27.1],[-82.5,27.2],[-82.5,27.3],[-82.6,27.3],[-82.5,27.3],[-82.6,27.3],[-82.6,27.4],[-82.7,27.4],[-82.7,27.5],[-82.6,27.5],[-82.7,27.5],[-82.6,27.5],[-82.6,27.6],[-82.6,27.5],[-82.6,27.6],[-82.5,27.7],[-82.4,27.8],[-82.4,27.9],[-82.5,27.9],[-82.5,27.8],[-82.5,27.9],[-82.6,28.0],[-82.7,28.0],[-82.6,28.0],[-82.7,28.0],[-82.7,27.9],[-82.6,27.9],[-82.6,27.8],[-82.6,27.7],[-82.7,27.7],[-82.7,27.8],[-82.8,27.8],[-82.8,27.7],[-82.7,27.7],[-82.8,27.7],[-82.8,27.8],[-82.9,27.9],[-82.8,27.9],[-82.8,28.0],[-82.8,28.1],[-82.8,28.2],[-82.7,28.3],[-82.7,28.4],[-82.7,28.5],[-82.6,28.6],[-82.6,28.7],[-82.6,28.8],[-82.7,28.8],[-82.6,28.8],[-82.6,28.9],[-82.7,28.9],[-82.7,29.0],[-82.8,29.0],[-82.7,29.0],[-82.7,29.1],[-82.8,29.1],[-82.8,29.2],[-82.9,29.2],[-83.0,29.2],[-83.1,29.2],[-83.1,29.3],[-83.2,29.3],[-83.2,29.4],[-83.3,29.4],[-83.3,29.5],[-83.4,29.5],[-83.4,29.6],[-83.4,29.7],[-83.5,29.7],[-83.6,29.7],[-83.6,29.8],[-83.6,29.9],[-83.7,29.9],[-83.7,30.0],[-83.8,30.0],[-83.9,30.0],[-84.0,30.1],[-84.1,30.1],[-84.2,30.1],[-84.3,30.1],[-84.4,30.0],[-84.3,30.0],[-84.4,30.0],[-84.5,30.0],[-84.4,30.0],[-84.3,29.9],[-84.4,29.9],[-84.5,29.9],[-84.6,29.9],[-84.7,29.9],[-84.7,29.8],[-84.8,29.8],[-84.9,29.7],[-84.9,29.8],[-85.0,29.7],[-85.1,29.7],[-85.2,29.7],[-85.3,29.7],[-85.4,29.7],[-85.4,29.8],[-85.4,29.9],[-85.4,29.8],[-85.4,29.7],[-85.3,29.7],[-85.3,29.8],[-85.3,29.9],[-85.4,29.9],[-85.5,30.0],[-85.6,30.0],[-85.5,30.0],[-85.6,30.1],[-85.7,30.1],[-85.6,30.1],[-85.5,30.1],[-85.5,30.0],[-85.4,30.0],[-85.4,30.1],[-85.5,30.0],[-85.5,30.1],[-85.6,30.1],[-85.7,30.2],[-85.7,30.3],[-85.6,30.3],[-85.6,30.2],[-85.6,30.3],[-85.7,30.3],[-85.7,30.2],[-85.7,30.3],[-85.8,30.3],[-85.9,30.3],[-85.8,30.2],[-85.7,30.2],[-85.7,30.1],[-85.7,30.2],[-85.7,30.1],[-85.9,30.2],[-86.0,30.3],[-86.1,30.3],[-86.2,30.3],[-86.4,30.4],[-86.5,30.4],[-86.4,30.4],[-86.3,30.4],[-86.2,30.4],[-86.3,30.4],[-86.2,30.4],[-86.1,30.4],[-86.2,30.5],[-86.1,30.5],[-86.2,30.5],[-86.3,30.5],[-86.4,30.5],[-86.5,30.5],[-86.6,30.4],[-86.7,30.4],[-86.8,30.4],[-86.9,30.4],[-87.0,30.4],[-87.1,30.4],[-87.2,30.4],[-87.1,30.4],[-87.0,30.4],[-86.9,30.5],[-86.9,30.4],[-86.9,30.5],[-87.0,30.5],[-87.0,30.6],[-87.0,30.5],[-87.1,30.5],[-87.1,30.4],[-87.1,30.5],[-87.1,30.6],[-87.2,30.6],[-87.2,30.5],[-87.2,30.4],[-87.3,30.4],[-87.3,30.3],[-87.5,30.3],[-87.4,30.3],[-87.5,30.3],[-87.4,30.3],[-87.4,30.4],[-87.3,30.4],[-87.4,30.5],[-87.4,30.4],[-87.5,30.4],[-87.5,30.3],[-87.6,30.3],[-87.6,30.4],[-87.6,30.3],[-87.7,30.3],[-87.8,30.2],[-87.9,30.2],[-88.0,30.2],[-88.0,30.3],[-87.9,30.3],[-87.9,30.2],[-87.8,30.3],[-87.8,30.4],[-87.9,30.4],[-87.8,30.4],[-87.9,30.4],[-87.9,30.5],[-87.9,30.6],[-87.9,30.7],[-88.0,30.7],[-88.1,30.7],[-88.1,30.6],[-88.1,30.5],[-88.1,30.4],[-88.1,30.3],[-88.2,30.3],[-88.2,30.4],[-88.3,30.4],[-88.4,30.4],[-88.4,30.3],[-88.5,30.3],[-88.6,30.3],[-88.6,30.4],[-88.7,30.4],[-88.8,30.4],[-88.9,30.4],[-89.0,30.4],[-88.9,30.4],[-89.0,30.4],[-89.1,30.4],[-89.2,30.3],[-89.3,30.3],[-89.2,30.3],[-89.3,30.4],[-89.4,30.4],[-89.3,30.3],[-89.4,30.3],[-89.4,30.2],[-89.5,30.2],[-89.6,30.2],[-89.7,30.2],[-89.8,30.2],[-89.9,30.3],[-90.0,30.3],[-90.1,30.4],[-90.2,30.4],[-90.3,30.4],[-90.3,30.3],[-90.4,30.2],[-90.4,30.1],[-90.3,30.1],[-90.2,30.0],[-90.1,30.0],[-90.0,30.0],[-90.0,30.1],[-89.9,30.1],[-89.9,30.2],[-89.8,30.1],[-89.7,30.2],[-89.7,30.1],[-89.8,30.1],[-89.7,30.1],[-89.7,30.2],[-89.7,30.1],[-89.7,30.2],[-89.7,30.1],[-89.6,30.1],[-89.7,30.1],[-89.7,30.0],[-89.8,30.1],[-89.8,30.0],[-89.8,29.9],[-89.7,30.0],[-89.7,29.9],[-89.6,29.9],[-89.6,30.0],[-89.5,30.0],[-89.5,30.1],[-89.4,30.1],[-89.4,30.0],[-89.4,30.1],[-89.4,30.0],[-89.5,30.0],[-89.4,30.0],[-89.4,29.9],[-89.3,29.9],[-89.4,29.9],[-89.3,29.9],[-89.4,29.9],[-89.4,29.8],[-89.3,29.8],[-89.4,29.8],[-89.5,29.8],[-89.6,29.7],[-89.6,29.8],[-89.6,29.7],[-89.5,29.7],[-89.5,29.6],[-89.5,29.7],[-89.6,29.7],[-89.7,29.7],[-89.6,29.7],[-89.6,29.6],[-89.7,29.6],[-89.8,29.6],[-89.7,29.6],[-89.7,29.5],[-89.6,29.5],[-89.5,29.5],[-89.5,29.4],[-89.4,29.4],[-89.3,29.4],[-89.4,29.4],[-89.4,29.3],[-89.3,29.3],[-89.3,29.4],[-89.3,29.3],[-89.2,29.3],[-89.2,29.4],[-89.2,29.3],[-89.1,29.3],[-89.1,29.2],[-89.0,29.2],[-89.1,29.2],[-89.1,29.1],[-89.0,29.1],[-89.1,29.1],[-89.2,29.0],[-89.1,29.0],[-89.2,29.0],[-89.2,29.1],[-89.3,29.1],[-89.3,29.0],[-89.4,28.9],[-89.4,29.0],[-89.4,29.1],[-89.3,29.1],[-89.3,29.2],[-89.3,29.1],[-89.3,29.2],[-89.3,29.1],[-89.4,29.1],[-89.4,29.2],[-89.5,29.2],[-89.5,29.3],[-89.5,29.2],[-89.6,29.2],[-89.6,29.3],[-89.7,29.3],[-89.8,29.3],[-89.7,29.4],[-89.8,29.4],[-89.8,29.5],[-89.9,29.5],[-89.9,29.4],[-89.9,29.5],[-90.0,29.5],[-90.1,29.5],[-90.2,29.6],[-90.2,29.5],[-90.1,29.5],[-90.0,29.4],[-90.1,29.4],[-90.0,29.4],[-90.0,29.3],[-90.0,29.4],[-90.1,29.4],[-90.1,29.3],[-90.0,29.3],[-90.1,29.3],[-90.1,29.2],[-90.1,29.1],[-90.2,29.1],[-90.3,29.2],[-90.3,29.3],[-90.3,29.2],[-90.3,29.3],[-90.4,29.3],[-90.4,29.2],[-90.4,29.3],[-90.4,29.4],[-90.4,29.3],[-90.5,29.3],[-90.6,29.3],[-90.6,29.2],[-90.6,29.1],[-90.6,29.2],[-90.7,29.2],[-90.7,29.1],[-90.8,29.1],[-90.8,29.2],[-90.9,29.1],[-90.9,29.2],[-91.0,29.2],[-91.1,29.2],[-91.2,29.2],[-91.3,29.3],[-91.3,29.4],[-91.2,29.4],[-91.2,29.3],[-91.1,29.3],[-91.2,29.4],[-91.3,29.5],[-91.2,29.6],[-91.3,29.6],[-91.2,29.6],[-91.3,29.6],[-91.3,29.5],[-91.4,29.5],[-91.4,29.6],[-91.5,29.6],[-91.5,29.5],[-91.6,29.5],[-91.5,29.5],[-91.5,29.6],[-91.6,29.6],[-91.6,29.7],[-91.7,29.8],[-91.8,29.7],[-91.9,29.7],[-91.9,29.8],[-91.8,29.8],[-91.9,29.8],[-92.0,29.8],[-92.1,29.8],[-92.1,29.7],[-92.1,29.8],[-92.2,29.8],[-92.2,29.7],[-92.1,29.7],[-92.1,29.6],[-92.0,29.6],[-92.1,29.6],[-92.2,29.6],[-92.2,29.5],[-92.3,29.5],[-92.5,29.6],[-92.7,29.6],[-92.8,29.6],[-92.9,29.7],[-93.0,29.7],[-93.1,29.8],[-93.2,29.8],[-93.3,29.8],[-93.4,29.8],[-93.5,29.8],[-93.6,29.8],[-93.7,29.7],[-93.8,29.7],[-93.9,29.7],[-93.9,29.8],[-93.8,29.8],[-93.8,29.9],[-93.8,30.0],[-93.9,30.0],[-93.9,29.9],[-93.9,29.8],[-93.9,29.7],[-94.0,29.7],[-94.1,29.7],[-94.2,29.6],[-94.3,29.6],[-94.7,29.5],[-94.7,29.4],[-94.8,29.4],[-94.7,29.5],[-94.6,29.5],[-94.5,29.5],[-94.5,29.6],[-94.5,29.5],[-94.5,29.6],[-94.6,29.6],[-94.7,29.5],[-94.8,29.5],[-94.7,29.6],[-94.7,29.7],[-94.7,29.8],[-94.8,29.8],[-94.8,29.7],[-94.9,29.7],[-95.0,29.7],[-95.1,29.7],[-95.0,29.7],[-95.0,29.6],[-95.0,29.5],[-94.9,29.5],[-95.0,29.5],[-94.9,29.5],[-94.9,29.4],[-94.8,29.4],[-94.9,29.4],[-94.9,29.3],[-95.0,29.3],[-95.1,29.2],[-95.2,29.2],[-95.2,29.1],[-95.1,29.1],[-95.2,29.1],[-95.2,29.0],[-95.3,29.0],[-95.3,28.9],[-95.4,28.9],[-95.5,28.8],[-95.6,28.8],[-95.6,28.7],[-95.7,28.7],[-95.8,28.7],[-96.0,28.7],[-95.9,28.7],[-96.0,28.7],[-96.0,28.6],[-95.9,28.6],[-95.8,28.7],[-95.7,28.7],[-95.8,28.6],[-95.9,28.6],[-96.0,28.6],[-96.1,28.6],[-96.1,28.5],[-96.2,28.5],[-96.0,28.6],[-96.0,28.7],[-96.1,28.6],[-96.2,28.6],[-96.1,28.6],[-96.2,28.6],[-96.2,28.7],[-96.3,28.7],[-96.3,28.6],[-96.4,28.6],[-96.4,28.7],[-96.4,28.8],[-96.4,28.7],[-96.4,28.6],[-96.5,28.6],[-96.4,28.6],[-96.5,28.6],[-96.6,28.6],[-96.6,28.7],[-96.7,28.7],[-96.6,28.7],[-96.6,28.6],[-96.5,28.6],[-96.5,28.5],[-96.6,28.5],[-96.5,28.5],[-96.4,28.5],[-96.4,28.4],[-96.5,28.4],[-96.7,28.3],[-96.7,28.4],[-96.8,28.4],[-96.8,28.5],[-96.8,28.4],[-96.8,28.3],[-96.8,28.2],[-96.9,28.2],[-96.9,28.1],[-96.9,28.2],[-96.9,28.3],[-96.9,28.2],[-97.0,28.2],[-96.9,28.2],[-97.0,28.2],[-97.0,28.1],[-97.0,28.2],[-97.1,28.2],[-97.1,28.1],[-97.1,28.2],[-97.2,28.2],[-97.2,28.1],[-97.2,28.0],[-97.1,28.0],[-97.1,28.1],[-97.0,28.1],[-97.0,28.0],[-97.1,28.0],[-97.1,27.9],[-97.2,27.8],[-97.2,27.9],[-97.3,27.9],[-97.4,27.9],[-97.3,27.9],[-97.4,27.9],[-97.5,27.9],[-97.5,27.8],[-97.4,27.8],[-97.4,27.7],[-97.3,27.7],[-97.3,27.6],[-97.3,27.5],[-97.4,27.5],[-97.4,27.4],[-97.4,27.3],[-97.5,27.3],[-97.5,27.4],[-97.5,27.3],[-97.5,27.4],[-97.5,27.3],[-97.6,27.3],[-97.7,27.4],[-97.8,27.5],[-97.8,27.4],[-97.7,27.4],[-97.7,27.3],[-97.8,27.3],[-97.7,27.3],[-97.6,27.3],[-97.6,27.2],[-97.5,27.2],[-97.5,27.3],[-97.4,27.3],[-97.4,27.2],[-97.5,27.2],[-97.4,27.1],[-97.5,27.1],[-97.5,27.0],[-97.6,27.0],[-97.6,26.9],[-97.5,26.9],[-97.6,26.9],[-97.6,26.8],[-97.5,26.8],[-97.5,26.7],[-97.4,26.6],[-97.4,26.5],[-97.5,26.5],[-97.4,26.5],[-97.4,26.4],[-97.5,26.4],[-97.4,26.4],[-97.4,26.3],[-97.4,26.4],[-97.3,26.3],[-97.4,26.3],[-97.3,26.3],[-97.3,26.2],[-97.3,26.1],[-97.2,26.1],[-97.3,26.0],[-97.2,26.0],[-97.2,26.1],[-97.1,26.0],[-97.2,26.0],[-97.3,26.0],[-97.3,25.9],[-97.4,25.9],[-97.3,25.9],[-97.4,25.8],[-97.4,25.9],[-97.5,25.9],[-97.6,26.0],[-97.7,26.0],[-97.8,26.0],[-97.8,26.1],[-97.9,26.1],[-98.0,26.1],[-98.0,26.0],[-98.1,26.0],[-98.1,26.1],[-98.2,26.1],[-98.3,26.1],[-98.3,26.2],[-98.4,26.2],[-98.5,26.2],[-98.6,26.2],[-98.6,26.3],[-98.6,26.2],[-98.7,26.2],[-98.7,26.3],[-98.8,26.4],[-98.9,26.4],[-99.0,26.4],[-99.1,26.4],[-99.1,26.5],[-99.2,26.5],[-99.2,26.6],[-99.2,26.7],[-99.2,26.8],[-99.3,26.8],[-99.3,26.9],[-99.4,27.0],[-99.5,27.1],[-99.4,27.1],[-99.5,27.1],[-99.4,27.2],[-99.5,27.3],[-99.5,27.4],[-99.5,27.5],[-99.5,27.6],[-99.6,27.6],[-99.7,27.7],[-99.8,27.7],[-99.8,27.8],[-99.9,27.8],[-99.9,27.9],[-99.9,28.0],[-100.0,28.0],[-100.0,28.1],[-100.1,28.1],[-100.1,28.2],[-100.2,28.2],[-100.3,28.3],[-100.3,28.4],[-100.3,28.5],[-100.4,28.5],[-100.3,28.5],[-100.4,28.5],[-100.4,28.6],[-100.5,28.7],[-100.5,28.8],[-100.6,28.8],[-100.6,28.9],[-100.6,29.0],[-100.7,29.0],[-100.7,29.1],[-100.8,29.2],[-100.8,29.3],[-100.9,29.3],[-101.0,29.4],[-101.0,29.5],[-101.1,29.5],[-101.2,29.5],[-101.2,29.6],[-101.3,29.6],[-101.3,29.7],[-101.4,29.7],[-101.4,29.8],[-101.5,29.8],[-101.6,29.8],[-101.8,29.8],[-101.9,29.8],[-102.0,29.8],[-102.1,29.8],[-102.2,29.8],[-102.3,29.9],[-102.4,29.9],[-102.4,29.8],[-102.5,29.8],[-102.6,29.8],[-102.6,29.7],[-102.7,29.7],[-102.7,29.6],[-102.8,29.6],[-102.8,29.5],[-102.8,29.4],[-102.9,29.4],[-102.9,29.3],[-102.9,29.2],[-103.0,29.2],[-103.0,29.1],[-103.1,29.1],[-103.1,29.0],[-103.2,29.0],[-103.3,29.0],[-103.4,29.0],[-103.4,29.1],[-103.5,29.1],[-103.6,29.2],[-103.7,29.2],[-103.8,29.2],[-103.8,29.3],[-103.9,29.3],[-104.0,29.3],[-104.1,29.3],[-104.1,29.4],[-104.2,29.4],[-104.2,29.5],[-104.3,29.5],[-104.4,29.6],[-104.5,29.6],[-104.5,29.7],[-104.6,29.7],[-104.6,29.8],[-104.6,29.9],[-104.7,29.9],[-104.7,30.0],[-104.7,30.1],[-104.7,30.2],[-104.7,30.3],[-104.8,30.3],[-104.8,30.4],[-104.9,30.4],[-104.9,30.5],[-104.9,30.6],[-105.0,30.6],[-105.0,30.7],[-105.1,30.7],[-105.1,30.8],[-105.2,30.8],[-105.3,30.8],[-105.4,30.9],[-105.5,31.0],[-105.6,31.0],[-105.6,31.1],[-105.7,31.1],[-105.8,31.2],[-105.9,31.3],[-105.9,31.4],[-106.0,31.4],[-106.1,31.4],[-106.2,31.4],[-106.2,31.5],[-106.3,31.6],[-106.3,31.7],[-106.4,31.7],[-106.4,31.8],[-106.5,31.8],[-106.6,31.8],[-106.7,31.8],[-106.8,31.8],[-106.9,31.8],[-107.0,31.8],[-107.1,31.8],[-107.2,31.8],[-107.3,31.8],[-107.4,31.8],[-107.5,31.8],[-107.6,31.8],[-107.7,31.8],[-107.8,31.8],[-107.9,31.8],[-108.0,31.8],[-108.1,31.8],[-108.2,31.8],[-108.2,31.7],[-108.2,31.6],[-108.2,31.5],[-108.2,31.4],[-108.2,31.3],[-108.3,31.3],[-108.4,31.3],[-108.5,31.3],[-108.6,31.3],[-108.7,31.3],[-108.8,31.3],[-108.9,31.3],[-109.0,31.3],[-109.1,31.3],[-109.2,31.3],[-109.3,31.3],[-109.4,31.3],[-109.5,31.3],[-109.6,31.3],[-109.7,31.3],[-109.8,31.3],[-109.9,31.3],[-110.0,31.3],[-110.1,31.3],[-110.2,31.3],[-110.3,31.3],[-110.4,31.3],[-110.5,31.3],[-110.6,31.3],[-110.7,31.3],[-110.8,31.3],[-110.9,31.3],[-111.0,31.3],[-111.1,31.3],[-111.1,31.4],[-111.2,31.4],[-111.3,31.4],[-111.4,31.4],[-111.5,31.5],[-111.9,31.6],[-112.3,31.7],[-112.7,31.9],[-113.1,32.0],[-113.6,32.1],[-114.0,32.2],[-114.4,32.4],[-114.8,32.5],[-114.8,32.6],[-114.8,32.7],[-114.7,32.7],[-114.8,32.7],[-114.9,32.7],[-115.0,32.7],[-115.1,32.7],[-115.2,32.7],[-115.3,32.7],[-115.4,32.7],[-115.5,32.7],[-115.6,32.6],[-115.7,32.6],[-115.8,32.6],[-115.9,32.6],[-116.0,32.6],[-116.1,32.6],[-116.2,32.6],[-116.3,32.6],[-116.4,32.6],[-116.5,32.6],[-116.6,32.6],[-116.7,32.6],[-116.8,32.6],[-116.9,32.5],[-117.0,32.5],[-117.1,32.5],[-117.1,32.6],[-117.2,32.7],[-117.1,32.7],[-117.1,32.6],[-117.1,32.7],[-117.2,32.7],[-117.3,32.7],[-117.3,32.8],[-117.3,32.9],[-117.3,32.8],[-117.3,32.9],[-117.3,33.0],[-117.3,33.1],[-117.4,33.2],[-117.5,33.3],[-117.6,33.4],[-117.7,33.4],[-117.7,33.5],[-117.8,33.5],[-117.8,33.6],[-117.9,33.6],[-118.0,33.6],[-118.1,33.7],[-118.2,33.8],[-118.2,33.7],[-118.2,33.8],[-118.3,33.8],[-118.3,33.7],[-118.4,33.7],[-118.4,33.8],[-118.4,33.9],[-118.5,34.0],[-118.6,34.0],[-118.7,34.0],[-118.8,34.0],[-118.9,34.0],[-119.0,34.0],[-119.0,34.1],[-119.1,34.1],[-119.2,34.1],[-119.2,34.2],[-119.2,34.1],[-119.2,34.2],[-119.3,34.2],[-119.3,34.3],[-119.4,34.3],[-119.4,34.4],[-119.5,34.4],[-119.6,34.4],[-119.7,34.4],[-119.8,34.4],[-119.9,34.4],[-120.0,34.4],[-120.0,34.5],[-120.0,34.4],[-120.0,34.5],[-120.1,34.5],[-120.2,34.5],[-120.3,34.5],[-120.4,34.5],[-120.5,34.4],[-120.5,34.5],[-120.6,34.5],[-120.6,34.6],[-120.6,34.7],[-120.6,34.8],[-120.6,34.9],[-120.7,34.9],[-120.6,35.0],[-120.6,35.1],[-120.7,35.1],[-120.7,35.2],[-120.8,35.2],[-120.9,35.2],[-120.9,35.3],[-120.9,35.4],[-120.9,35.3],[-120.8,35.3],[-120.9,35.4],[-121.0,35.5],[-121.1,35.5],[-121.1,35.6],[-121.2,35.6],[-121.2,35.7],[-121.3,35.7],[-121.3,35.8],[-121.4,35.8],[-121.4,35.9],[-121.5,35.9],[-121.5,36.0],[-121.6,36.0],[-121.6,36.1],[-121.7,36.1],[-121.7,36.2],[-121.8,36.2],[-121.8,36.3],[-121.9,36.3],[-121.9,36.4],[-121.9,36.5],[-122.0,36.5],[-121.9,36.5],[-121.9,36.6],[-122.0,36.6],[-121.9,36.6],[-121.8,36.6],[-121.8,36.7],[-121.8,36.8],[-121.9,36.9],[-121.9,37.0],[-122.0,37.0],[-122.0,36.9],[-122.1,36.9],[-122.1,37.0],[-122.2,37.0],[-122.3,37.1],[-122.4,37.2],[-122.4,37.3],[-122.4,37.4],[-122.4,37.5],[-122.5,37.5],[-122.5,37.6],[-122.5,37.7],[-122.5,37.8],[-122.4,37.8],[-122.4,37.7],[-122.4,37.6],[-122.3,37.6],[-122.2,37.6],[-122.2,37.5],[-122.1,37.5],[-122.1,37.4],[-122.0,37.5],[-122.1,37.5],[-122.1,37.6],[-122.2,37.6],[-122.2,37.7],[-122.3,37.7],[-122.2,37.7],[-122.2,37.8],[-122.3,37.8],[-122.3,37.9],[-122.4,37.9],[-122.4,38.0],[-122.3,38.0],[-122.2,38.1],[-122.2,38.0],[-122.1,38.0],[-122.1,38.1],[-122.0,38.1],[-121.9,38.0],[-121.8,38.0],[-121.7,38.0],[-121.7,38.1],[-121.6,38.1],[-121.6,38.0],[-121.6,38.1],[-121.5,38.1],[-121.5,38.0],[-121.4,38.0],[-121.5,38.0],[-121.5,38.1],[-121.6,38.1],[-121.7,38.1],[-121.7,38.0],[-121.8,38.0],[-121.8,38.1],[-121.7,38.1],[-121.8,38.1],[-121.9,38.1],[-122.0,38.1],[-122.1,38.1],[-122.1,38.0],[-122.2,38.0],[-122.2,38.1],[-122.3,38.1],[-122.4,38.2],[-122.4,38.1],[-122.5,38.1],[-122.5,38.0],[-122.4,38.0],[-122.5,38.0],[-122.5,37.9],[-122.4,37.9],[-122.5,37.9],[-122.5,37.8],[-122.6,37.8],[-122.6,37.9],[-122.7,37.9],[-122.8,37.9],[-122.8,38.0],[-122.9,38.0],[-122.9,38.1],[-122.9,38.0],[-123.0,38.0],[-122.9,38.1],[-123.0,38.2],[-122.9,38.2],[-122.9,38.1],[-122.8,38.1],[-122.9,38.1],[-122.9,38.2],[-123.0,38.2],[-123.0,38.3],[-123.1,38.3],[-123.1,38.4],[-123.2,38.5],[-123.3,38.5],[-123.3,38.6],[-123.4,38.6],[-123.4,38.7],[-123.5,38.7],[-123.5,38.8],[-123.6,38.8],[-123.7,38.9],[-123.7,39.0],[-123.7,39.1],[-123.7,39.2],[-123.8,39.2],[-123.8,39.3],[-123.8,39.4],[-123.8,39.5],[-123.8,39.6],[-123.8,39.7],[-123.8,39.8],[-123.9,39.8],[-123.9,39.9],[-124.0,39.9],[-124.0,40.0],[-124.1,40.0],[-124.1,40.1],[-124.2,40.1],[-124.2,40.2],[-124.3,40.2],[-124.4,40.3],[-124.3,40.3],[-124.4,40.3],[-124.4,40.4],[-124.4,40.5],[-124.4,40.6],[-124.3,40.6],[-124.3,40.7],[-124.2,40.8],[-124.2,40.7],[-124.3,40.7],[-124.2,40.7],[-124.2,40.8],[-124.1,40.8],[-124.1,40.9],[-124.2,40.9],[-124.2,40.8],[-124.1,40.9],[-124.1,41.0],[-124.1,41.1],[-124.2,41.1],[-124.1,41.1],[-124.1,41.2],[-124.1,41.3],[-124.1,41.4],[-124.1,41.5],[-124.1,41.6],[-124.1,41.7],[-124.2,41.7],[-124.2,41.8],[-124.3,41.8],[-124.2,41.8],[-124.2,41.9],[-124.2,42.0],[-124.3,42.0],[-124.3,42.1],[-124.4,42.1],[-124.4,42.2],[-124.4,42.3],[-124.4,42.4],[-124.4,42.5],[-124.4,42.6],[-124.4,42.7],[-124.5,42.7],[-124.5,42.8],[-124.6,42.8],[-124.5,42.8],[-124.5,42.9],[-124.5,43.0],[-124.4,43.0],[-124.4,43.1],[-124.4,43.3],[-124.3,43.4],[-124.3,43.3],[-124.3,43.4],[-124.2,43.4],[-124.1,43.4],[-124.2,43.4],[-124.2,43.5],[-124.2,43.4],[-124.3,43.4],[-124.2,43.5],[-124.2,43.6],[-124.2,43.7],[-124.1,43.7],[-124.2,43.7],[-124.2,43.8],[-124.2,43.9],[-124.1,43.9],[-124.1,44.0],[-124.1,44.1],[-124.1,44.2],[-124.1,44.3],[-124.1,44.4],[-124.0,44.4],[-124.1,44.4],[-124.1,44.5],[-124.1,44.6],[-124.0,44.6],[-124.1,44.6],[-124.1,44.7],[-124.1,44.8],[-124.0,44.9],[-124.0,45.0],[-124.0,45.1],[-124.0,45.2],[-124.0,45.3],[-124.0,45.4],[-123.9,45.4],[-124.0,45.4],[-124.0,45.5],[-123.9,45.6],[-123.9,45.5],[-123.9,45.6],[-124.0,45.6],[-123.9,45.6],[-123.9,45.7],[-124.0,45.7],[-124.0,45.8],[-124.0,45.9],[-124.0,46.0],[-123.9,46.0],[-123.9,46.1],[-124.0,46.1],[-124.0,46.2],[-123.9,46.2],[-123.8,46.2],[-123.8,46.1],[-123.8,46.2],[-123.9,46.2],[-123.8,46.2],[-123.7,46.2],[-123.6,46.2],[-123.5,46.2],[-123.4,46.2],[-123.4,46.1],[-123.3,46.1],[-123.2,46.1],[-123.2,46.2],[-123.3,46.2],[-123.4,46.2],[-123.4,46.3],[-123.5,46.3],[-123.6,46.3],[-123.7,46.3],[-123.8,46.3],[-123.9,46.3],[-123.9,46.2],[-123.9,46.3],[-124.0,46.3],[-124.1,46.3],[-124.0,46.3],[-124.1,46.3],[-124.1,46.4],[-124.1,46.6],[-124.1,46.7],[-124.1,46.6],[-124.0,46.6],[-124.0,46.5],[-124.0,46.4],[-123.9,46.4],[-123.8,46.4],[-123.9,46.4],[-123.9,46.5],[-123.9,46.6],[-124.0,46.6],[-123.9,46.6],[-123.9,46.7],[-123.8,46.7],[-123.9,46.7],[-124.0,46.7],[-124.1,46.7],[-124.1,46.8],[-124.1,46.9],[-124.1,46.8],[-124.0,46.8],[-124.0,46.9],[-124.1,46.9],[-124.0,46.9],[-123.9,46.9],[-123.8,47.0],[-123.9,47.0],[-124.0,47.0],[-123.9,47.0],[-124.0,47.0],[-124.1,47.0],[-124.1,46.9],[-124.2,46.9],[-124.2,47.0],[-124.2,47.1],[-124.2,47.2],[-124.2,47.3],[-124.3,47.3],[-124.3,47.4],[-124.3,47.5],[-124.4,47.5],[-124.4,47.6],[-124.4,47.7],[-124.4,47.8],[-124.5,47.8],[-124.6,47.9],[-124.7,48.0],[-124.7,48.1],[-124.7,48.2],[-124.7,48.3],[-124.7,48.4],[-124.6,48.4],[-124.5,48.3],[-124.4,48.3],[-124.3,48.3],[-124.2,48.3],[-124.2,48.2],[-124.1,48.2],[-124.0,48.2],[-123.9,48.2],[-123.8,48.2],[-123.7,48.2],[-123.6,48.2],[-123.6,48.1],[-123.6,48.2],[-123.5,48.1],[-123.4,48.1],[-123.5,48.1],[-123.4,48.1],[-123.3,48.1],[-123.2,48.1],[-123.2,48.2],[-123.1,48.2],[-123.2,48.2],[-123.1,48.2],[-123.1,48.1],[-123.0,48.1],[-123.0,48.0],[-123.0,48.1],[-122.9,48.1],[-122.9,48.0],[-122.8,48.0],[-122.9,48.1],[-122.8,48.1],[-122.8,48.0],[-122.7,48.0],[-122.7,47.9],[-122.6,47.9],[-122.7,47.9],[-122.7,47.8],[-122.8,47.8],[-122.8,47.7],[-122.8,47.8],[-122.9,47.8],[-122.8,47.7],[-122.9,47.7],[-122.9,47.6],[-123.0,47.6],[-123.0,47.5],[-123.1,47.5],[-123.1,47.4],[-123.2,47.4],[-123.1,47.3],[-122.9,47.4],[-122.8,47.4],[-122.9,47.4],[-123.0,47.4],[-123.1,47.4],[-123.1,47.5],[-123.0,47.5],[-122.9,47.6],[-122.8,47.7],[-122.7,47.7],[-122.6,47.8],[-122.6,47.9],[-122.6,47.8],[-122.6,47.9],[-122.5,47.9],[-122.5,47.8],[-122.5,47.7],[-122.6,47.7],[-122.7,47.7],[-122.6,47.7],[-122.6,47.6],[-122.7,47.7],[-122.7,47.6],[-122.6,47.6],[-122.7,47.6],[-122.7,47.5],[-122.6,47.5],[-122.6,47.6],[-122.5,47.6],[-122.5,47.5],[-122.5,47.4],[-122.6,47.4],[-122.5,47.4],[-122.6,47.3],[-122.7,47.3],[-122.6,47.4],[-122.7,47.4],[-122.7,47.3],[-122.8,47.3],[-122.7,47.3],[-122.7,47.2],[-122.8,47.2],[-122.7,47.2],[-122.8,47.2],[-122.8,47.3],[-122.8,47.4],[-122.8,47.3],[-122.9,47.3],[-122.9,47.2],[-123.0,47.2],[-123.1,47.1],[-123.0,47.1],[-123.1,47.1],[-123.0,47.1],[-123.0,47.2],[-122.9,47.2],[-123.0,47.1],[-122.9,47.1],[-122.9,47.0],[-122.9,47.1],[-122.9,47.2],[-122.8,47.2],[-122.8,47.1],[-122.9,47.1],[-122.8,47.1],[-122.8,47.2],[-122.8,47.1],[-122.7,47.1],[-122.6,47.2],[-122.5,47.3],[-122.4,47.3],[-122.3,47.3],[-122.3,47.4],[-122.4,47.4],[-122.4,47.5],[-122.4,47.6],[-122.3,47.6],[-122.4,47.6],[-122.4,47.7],[-122.4,47.8],[-122.4,47.9],[-122.3,47.9],[-122.3,48.0],[-122.2,48.0],[-122.3,48.1],[-122.4,48.1],[-122.4,48.2],[-122.5,48.2],[-122.5,48.1],[-122.4,48.1],[-122.3,48.1],[-122.4,48.1],[-122.5,48.1],[-122.5,48.2],[-122.5,48.3],[-122.4,48.3],[-122.4,48.2],[-122.4,48.3],[-122.5,48.3],[-122.5,48.4],[-122.6,48.4],[-122.7,48.4],[-122.7,48.5],[-122.6,48.5],[-122.5,48.5],[-122.5,48.6],[-122.6,48.6],[-122.5,48.6],[-122.4,48.6],[-122.5,48.6],[-122.5,48.7],[-122.5,48.8],[-122.6,48.8],[-122.6,48.7],[-122.7,48.7],[-122.7,48.8],[-122.6,48.8],[-122.7,48.8],[-122.8,48.9],[-122.7,48.9],[-122.8,48.9],[-122.8,49.0],[-122.7,49.0],[-122.8,49.0]]],[[[-141.0,69.7],[-141.0,69.5],[-141.0,69.4],[-141.0,69.2],[-141.0,69.1],[-141.0,68.9],[-141.0,68.8],[-141.0,68.6],[-141.0,68.5],[-141.0,68.3],[-141.0,68.2],[-141.0,68.0],[-141.0,67.9],[-141.0,67.8],[-141.0,67.6],[-141.0,67.5],[-141.0,67.3],[-141.0,67.2],[-141.0,67.0],[-141.0,66.9],[-141.0,66.7],[-141.0,66.6],[-141.0,66.4],[-141.0,66.3],[-141.0,66.2],[-141.0,66.0],[-141.0,65.9],[-141.0,65.7],[-141.0,65.6],[-141.0,65.4],[-141.0,65.3],[-141.0,65.1],[-141.0,65.0],[-141.0,64.8],[-141.0,64.7],[-141.0,64.5],[-141.0,64.4],[-141.0,64.3],[-141.0,64.1],[-141.0,64.0],[-141.0,63.8],[-141.0,63.7],[-141.0,63.5],[-141.0,63.4],[-141.0,63.2],[-141.0,63.1],[-141.0,62.9],[-141.0,62.8],[-141.0,62.7],[-141.0,62.5],[-141.0,62.4],[-141.0,62.2],[-141.0,62.1],[-141.0,61.9],[-141.0,61.8],[-141.0,61.6],[-141.0,61.5],[-141.0,61.3],[-141.0,61.2],[-141.0,61.0],[-141.0,60.9],[-141.0,60.8],[-141.0,60.6],[-141.0,60.5],[-141.0,60.3],[-140.9,60.3],[-140.8,60.3],[-140.7,60.2],[-140.5,60.2],[-140.5,60.3],[-140.4,60.3],[-140.3,60.3],[-140.2,60.2],[-140.0,60.2],[-139.9,60.2],[-139.8,60.3],[-139.7,60.3],[-139.6,60.3],[-139.5,60.3],[-139.4,60.3],[-139.3,60.3],[-139.1,60.3],[-139.1,60.2],[-139.2,60.1],[-139.1,60.0],[-139.0,60.0],[-138.8,59.9],[-138.7,59.9],[-138.7,59.8],[-138.6,59.8],[-138.5,59.7],[-138.4,59.6],[-138.2,59.6],[-138.1,59.5],[-137.9,59.4],[-137.8,59.3],[-137.6,59.2],[-137.5,59.1],[-137.5,59.0],[-137.5,58.9],[-137.4,58.9],[-137.3,59.0],[-137.2,59.0],[-137.1,59.1],[-137.0,59.1],[-136.9,59.1],[-136.8,59.1],[-136.8,59.2],[-136.7,59.2],[-136.6,59.2],[-136.5,59.3],[-136.5,59.4],[-136.5,59.5],[-136.4,59.5],[-136.4,59.4],[-136.3,59.5],[-136.2,59.5],[-136.3,59.6],[-136.4,59.6],[-136.3,59.6],[-136.1,59.6],[-136.0,59.7],[-135.9,59.7],[-135.8,59.7],[-135.6,59.7],[-135.5,59.8],[-135.4,59.8],[-135.3,59.7],[-135.2,59.7],[-135.2,59.6],[-135.1,59.6],[-135.0,59.6],[-135.0,59.5],[-135.1,59.4],[-135.0,59.4],[-135.0,59.3],[-134.9,59.3],[-134.8,59.3],[-134.7,59.2],[-134.6,59.1],[-134.5,59.1],[-134.4,59.1],[-134.4,59.0],[-134.3,59.0],[-134.3,58.9],[-134.2,58.8],[-134.1,58.8],[-134.0,58.8],[-133.9,58.7],[-133.8,58.7],[-133.7,58.6],[-133.6,58.5],[-133.5,58.5],[-133.4,58.4],[-133.4,58.3],[-133.3,58.2],[-133.2,58.1],[-133.1,58.1],[-133.1,58.0],[-133.0,57.9],[-132.9,57.9],[-132.8,57.8],[-132.7,57.7],[-132.6,57.6],[-132.6,57.5],[-132.5,57.4],[-132.4,57.3],[-132.3,57.3],[-132.2,57.2],[-132.3,57.1],[-132.2,57.1],[-132.0,57.0],[-132.1,56.9],[-131.9,56.8],[-131.9,56.7],[-131.8,56.7],[-131.8,56.6],[-131.7,56.6],[-131.6,56.6],[-131.5,56.6],[-131.3,56.5],[-131.2,56.5],[-131.1,56.4],[-131.0,56.4],[-130.8,56.4],[-130.8,56.3],[-130.6,56.3],[-130.6,56.2],[-130.5,56.2],[-130.4,56.1],[-130.3,56.1],[-130.2,56.1],[-130.1,56.1],[-130.0,56.0],[-130.0,55.9],[-130.1,55.8],[-130.2,55.8],[-130.2,55.7],[-130.1,55.7],[-130.1,55.6],[-130.2,55.6],[-130.1,55.6],[-130.1,55.5],[-130.1,55.4],[-130.1,55.3],[-130.0,55.3],[-130.1,55.3],[-130.1,55.2],[-130.2,55.2],[-130.2,55.1],[-130.2,55.0],[-130.3,55.0],[-130.3,54.9],[-130.4,54.9],[-130.5,54.8],[-130.6,54.8],[-130.6,54.9],[-130.6,54.8],[-130.7,54.8],[-130.7,54.9],[-130.7,55.0],[-130.8,55.0],[-130.8,54.9],[-130.7,54.9],[-130.7,54.8],[-130.8,54.8],[-130.9,54.8],[-130.9,54.9],[-131.0,54.9],[-130.9,54.9],[-130.9,55.0],[-131.0,55.0],[-131.0,55.1],[-130.9,55.1],[-130.8,55.1],[-130.7,55.1],[-130.6,55.2],[-130.5,55.3],[-130.6,55.3],[-130.6,55.2],[-130.7,55.2],[-130.8,55.1],[-130.9,55.1],[-131.0,55.1],[-131.1,55.1],[-131.1,55.2],[-131.0,55.2],[-131.0,55.3],[-130.9,55.3],[-130.6,55.3],[-130.7,55.3],[-130.6,55.3],[-130.7,55.4],[-130.7,55.3],[-130.8,55.3],[-130.9,55.3],[-130.9,55.5],[-130.9,55.6],[-130.9,55.7],[-130.9,55.8],[-131.0,55.8],[-130.9,55.8],[-131.0,55.8],[-131.1,55.9],[-131.2,55.9],[-131.2,56.0],[-131.1,56.0],[-131.0,56.1],[-131.1,56.1],[-131.0,56.1],[-131.1,56.1],[-131.1,56.0],[-131.2,56.0],[-131.3,56.0],[-131.4,56.0],[-131.5,56.0],[-131.6,55.9],[-131.7,55.9],[-131.8,55.9],[-131.9,55.9],[-131.8,55.8],[-131.8,55.7],[-131.9,55.7],[-131.8,55.7],[-131.8,55.6],[-131.9,55.6],[-132.0,55.7],[-132.0,55.6],[-131.9,55.6],[-131.9,55.5],[-132.0,55.5],[-132.1,55.6],[-132.2,55.6],[-132.2,55.7],[-132.3,55.7],[-132.3,55.8],[-132.2,55.8],[-132.2,55.7],[-132.2,55.8],[-132.1,55.8],[-132.0,55.8],[-132.1,55.8],[-132.1,55.9],[-132.0,55.9],[-132.1,55.9],[-132.0,56.0],[-131.9,56.0],[-132.0,56.0],[-131.9,56.0],[-132.0,56.1],[-132.0,56.2],[-131.9,56.2],[-131.8,56.2],[-131.7,56.2],[-131.6,56.2],[-131.5,56.2],[-131.6,56.2],[-131.7,56.2],[-131.9,56.2],[-132.0,56.3],[-132.0,56.4],[-132.1,56.4],[-132.2,56.4],[-132.2,56.5],[-132.3,56.5],[-132.4,56.6],[-132.3,56.6],[-132.4,56.6],[-132.5,56.6],[-132.6,56.6],[-132.5,56.7],[-132.5,56.8],[-132.4,56.8],[-132.5,56.8],[-132.7,56.8],[-132.8,56.8],[-132.8,56.9],[-132.9,56.9],[-132.9,57.0],[-132.8,57.0],[-132.8,57.1],[-132.9,57.0],[-133.0,57.0],[-133.0,57.1],[-133.1,57.1],[-133.2,57.1],[-133.1,57.1],[-133.1,57.2],[-133.2,57.2],[-133.2,57.1],[-133.2,57.2],[-133.3,57.1],[-133.4,57.1],[-133.5,57.2],[-133.6,57.2],[-133.5,57.2],[-133.5,57.3],[-133.4,57.3],[-133.3,57.3],[-133.2,57.3],[-133.1,57.3],[-133.0,57.3],[-133.0,57.4],[-133.1,57.4],[-133.1,57.3],[-133.2,57.3],[-133.3,57.3],[-133.4,57.3],[-133.4,57.4],[-133.5,57.4],[-133.4,57.4],[-133.3,57.4],[-133.4,57.4],[-133.5,57.4],[-133.5,57.5],[-133.5,57.6],[-133.4,57.6],[-133.3,57.6],[-133.4,57.6],[-133.5,57.6],[-133.6,57.6],[-133.7,57.6],[-133.6,57.7],[-133.5,57.7],[-133.4,57.7],[-133.2,57.6],[-133.1,57.6],[-133.1,57.5],[-133.0,57.5],[-133.1,57.5],[-133.1,57.6],[-133.2,57.6],[-133.3,57.7],[-133.4,57.7],[-133.5,57.7],[-133.5,57.8],[-133.6,57.8],[-133.6,57.9],[-133.5,57.9],[-133.4,57.9],[-133.3,57.9],[-133.2,57.9],[-133.1,57.9],[-133.2,57.9],[-133.6,57.9],[-133.6,57.8],[-133.7,57.8],[-133.8,57.9],[-133.9,58.0],[-133.8,58.0],[-133.7,58.0],[-133.7,57.9],[-133.7,58.0],[-133.8,58.0],[-133.8,58.1],[-133.7,58.1],[-133.7,58.2],[-133.7,58.1],[-133.8,58.1],[-133.7,58.1],[-133.8,58.0],[-133.9,58.0],[-134.0,58.0],[-134.0,58.1],[-134.1,58.1],[-134.0,58.1],[-134.1,58.1],[-134.1,58.2],[-134.1,58.3],[-134.0,58.3],[-134.0,58.4],[-133.9,58.4],[-134.0,58.4],[-133.9,58.5],[-133.8,58.5],[-133.9,58.5],[-134.0,58.5],[-134.0,58.4],[-134.1,58.4],[-134.0,58.4],[-134.1,58.4],[-134.1,58.3],[-134.1,58.2],[-134.2,58.2],[-134.4,58.3],[-134.5,58.3],[-134.5,58.4],[-134.6,58.4],[-134.7,58.4],[-134.8,58.4],[-134.8,58.5],[-134.9,58.6],[-135.0,58.7],[-134.9,58.7],[-134.9,58.8],[-135.0,58.8],[-135.0,58.7],[-135.1,58.8],[-135.1,58.9],[-135.2,58.9],[-135.2,59.0],[-135.2,59.1],[-135.3,59.2],[-135.4,59.3],[-135.3,59.4],[-135.3,59.5],[-135.4,59.5],[-135.4,59.4],[-135.4,59.3],[-135.5,59.3],[-135.6,59.3],[-135.5,59.3],[-135.4,59.3],[-135.4,59.2],[-135.3,59.2],[-135.3,59.1],[-135.4,59.1],[-135.4,59.2],[-135.5,59.2],[-135.6,59.2],[-135.5,59.2],[-135.5,59.1],[-135.4,59.1],[-135.4,59.0],[-135.4,58.9],[-135.3,58.9],[-135.3,58.8],[-135.2,58.8],[-135.2,58.7],[-135.2,58.6],[-135.2,58.5],[-135.1,58.5],[-135.1,58.4],[-135.1,58.3],[-135.1,58.2],[-135.2,58.2],[-135.3,58.3],[-135.4,58.3],[-135.4,58.4],[-135.5,58.4],[-135.5,58.5],[-135.5,58.4],[-135.6,58.4],[-135.7,58.4],[-135.9,58.4],[-135.9,58.5],[-136.0,58.5],[-135.9,58.5],[-135.8,58.5],[-135.9,58.5],[-135.8,58.5],[-135.9,58.6],[-135.8,58.6],[-135.9,58.6],[-135.9,58.7],[-136.0,58.7],[-136.0,58.8],[-136.1,58.8],[-136.0,58.9],[-135.9,58.9],[-135.8,58.9],[-135.9,58.9],[-136.0,58.9],[-135.9,58.9],[-136.0,58.9],[-136.1,58.9],[-136.0,58.9],[-136.1,58.9],[-136.1,59.0],[-136.2,59.0],[-136.1,59.0],[-136.2,58.9],[-136.1,58.9],[-136.1,58.8],[-136.2,58.8],[-136.3,58.8],[-136.4,58.8],[-136.3,58.8],[-136.4,58.8],[-136.5,58.8],[-136.5,58.9],[-136.5,59.0],[-136.6,58.9],[-136.6,59.0],[-136.7,59.0],[-136.6,58.9],[-136.7,58.9],[-136.8,58.9],[-136.8,59.0],[-136.9,59.0],[-137.0,59.1],[-137.1,59.1],[-137.1,59.0],[-137.0,59.0],[-136.9,59.0],[-136.9,58.9],[-137.0,58.9],[-137.1,58.9],[-137.1,58.8],[-137.1,58.9],[-137.0,58.9],[-136.9,58.9],[-136.8,58.9],[-136.8,58.8],[-136.8,58.9],[-136.7,58.9],[-136.7,58.8],[-136.6,58.8],[-136.5,58.8],[-136.6,58.8],[-136.5,58.8],[-136.5,58.7],[-136.4,58.7],[-136.5,58.7],[-136.4,58.7],[-136.3,58.7],[-136.4,58.7],[-136.5,58.6],[-136.4,58.6],[-136.3,58.6],[-136.4,58.6],[-136.3,58.6],[-136.3,58.7],[-136.2,58.6],[-136.1,58.6],[-136.2,58.5],[-136.1,58.5],[-136.1,58.4],[-136.0,58.4],[-136.1,58.4],[-136.1,58.3],[-136.2,58.3],[-136.3,58.3],[-136.3,58.4],[-136.4,58.4],[-136.5,58.4],[-136.6,58.4],[-136.5,58.4],[-136.5,58.3],[-136.5,58.4],[-136.4,58.4],[-136.4,58.3],[-136.5,58.3],[-136.6,58.3],[-136.6,58.4],[-136.7,58.3],[-136.6,58.3],[-136.6,58.2],[-136.7,58.2],[-136.7,58.3],[-136.8,58.3],[-136.8,58.4],[-136.9,58.4],[-136.9,58.3],[-136.9,58.4],[-137.0,58.4],[-137.1,58.4],[-137.2,58.4],[-137.3,58.5],[-137.4,58.5],[-137.5,58.6],[-137.6,58.6],[-137.5,58.6],[-137.5,58.7],[-137.4,58.7],[-137.5,58.7],[-137.6,58.7],[-137.6,58.6],[-137.7,58.6],[-137.7,58.7],[-137.9,58.8],[-137.9,58.9],[-138.0,58.9],[-138.2,59.0],[-138.3,59.0],[-138.3,59.1],[-138.4,59.1],[-138.6,59.1],[-138.5,59.1],[-138.5,59.2],[-138.4,59.2],[-138.6,59.2],[-138.7,59.2],[-138.6,59.2],[-138.6,59.1],[-138.7,59.2],[-138.8,59.2],[-139.0,59.3],[-139.2,59.3],[-139.1,59.3],[-139.2,59.3],[-139.2,59.4],[-139.3,59.4],[-139.4,59.4],[-139.5,59.4],[-139.4,59.4],[-139.3,59.4],[-139.4,59.4],[-139.5,59.4],[-139.6,59.5],[-139.9,59.5],[-139.8,59.6],[-139.8,59.5],[-139.7,59.6],[-139.6,59.6],[-139.5,59.7],[-139.5,59.8],[-139.6,59.8],[-139.6,59.9],[-139.5,59.9],[-139.5,60.0],[-139.4,60.0],[-139.4,59.9],[-139.3,59.9],[-139.3,59.8],[-139.3,59.7],[-139.3,59.6],[-139.2,59.6],[-139.3,59.7],[-139.3,59.8],[-139.2,59.9],[-139.0,59.8],[-138.9,59.8],[-139.0,59.9],[-139.2,59.9],[-139.3,59.9],[-139.4,59.9],[-139.4,60.0],[-139.5,60.0],[-139.5,60.1],[-139.5,60.0],[-139.6,60.0],[-139.6,59.9],[-139.7,59.9],[-139.8,59.9],[-139.8,59.8],[-140.0,59.8],[-140.1,59.7],[-140.3,59.7],[-140.5,59.7],[-140.6,59.7],[-140.7,59.7],[-140.8,59.7],[-140.9,59.7],[-141.0,59.8],[-141.1,59.8],[-141.3,59.8],[-141.4,59.9],[-141.5,59.9],[-141.4,59.9],[-141.5,59.9],[-141.4,59.9],[-141.3,59.9],[-141.3,60.0],[-141.3,60.1],[-141.4,60.1],[-141.5,60.1],[-141.4,60.1],[-141.4,60.0],[-141.5,60.0],[-141.6,60.0],[-141.7,60.0],[-141.9,60.0],[-142.0,60.0],[-142.1,60.0],[-142.2,60.1],[-142.4,60.1],[-142.5,60.1],[-142.6,60.1],[-142.8,60.1],[-143.0,60.1],[-143.2,60.1],[-143.5,60.1],[-143.6,60.0],[-143.7,60.0],[-143.9,60.0],[-144.0,60.0],[-144.1,60.0],[-144.2,60.0],[-144.1,60.0],[-144.0,60.0],[-144.0,60.1],[-144.1,60.1],[-144.2,60.1],[-144.3,60.2],[-144.2,60.2],[-144.3,60.2],[-144.4,60.2],[-144.5,60.2],[-144.6,60.2],[-144.7,60.2],[-144.6,60.2],[-144.7,60.2],[-144.7,60.3],[-144.8,60.3],[-144.9,60.3],[-144.9,60.4],[-144.8,60.4],[-144.9,60.4],[-144.8,60.4],[-144.8,60.5],[-144.9,60.5],[-144.8,60.5],[-144.8,60.6],[-144.8,60.7],[-144.7,60.7],[-144.6,60.7],[-144.7,60.7],[-144.8,60.7],[-144.8,60.6],[-144.9,60.6],[-145.0,60.5],[-145.1,60.5],[-145.1,60.4],[-145.2,60.4],[-145.3,60.4],[-145.4,60.4],[-145.5,60.4],[-145.6,60.4],[-145.6,60.5],[-145.7,60.5],[-145.8,60.5],[-145.9,60.4],[-145.9,60.5],[-145.8,60.5],[-145.7,60.6],[-145.6,60.6],[-145.6,60.7],[-145.7,60.7],[-145.8,60.6],[-145.9,60.6],[-145.8,60.6],[-145.8,60.7],[-145.9,60.7],[-145.8,60.7],[-145.9,60.7],[-145.9,60.6],[-146.0,60.6],[-146.0,60.7],[-145.9,60.7],[-146.0,60.7],[-146.2,60.6],[-146.3,60.6],[-146.3,60.7],[-146.2,60.7],[-146.1,60.7],[-146.1,60.8],[-146.0,60.7],[-146.0,60.8],[-146.1,60.8],[-146.1,60.7],[-146.2,60.7],[-146.2,60.8],[-146.2,60.7],[-146.3,60.7],[-146.3,60.8],[-146.4,60.7],[-146.5,60.7],[-146.6,60.7],[-146.7,60.7],[-146.7,60.8],[-146.7,60.7],[-146.6,60.7],[-146.6,60.8],[-146.5,60.8],[-146.5,60.7],[-146.5,60.8],[-146.4,60.8],[-146.3,60.8],[-146.2,60.8],[-146.2,60.9],[-146.1,60.8],[-146.2,60.9],[-146.3,60.9],[-146.3,60.8],[-146.4,60.8],[-146.5,60.8],[-146.6,60.8],[-146.6,60.9],[-146.6,60.8],[-146.6,60.9],[-146.7,60.9],[-146.8,61.0],[-146.7,61.0],[-146.7,60.9],[-146.6,60.9],[-146.6,61.0],[-146.7,61.0],[-146.6,61.0],[-146.6,61.1],[-146.3,61.1],[-146.2,61.1],[-146.3,61.1],[-146.4,61.1],[-146.5,61.1],[-146.6,61.1],[-146.7,61.1],[-146.8,61.0],[-146.9,61.0],[-146.9,60.9],[-147.0,60.9],[-147.0,61.0],[-147.1,61.0],[-147.0,61.0],[-147.1,61.0],[-147.2,61.0],[-147.1,61.0],[-147.2,61.0],[-147.3,61.0],[-147.3,60.9],[-147.4,60.9],[-147.4,61.0],[-147.5,61.0],[-147.4,61.0],[-147.5,61.0],[-147.5,60.9],[-147.5,61.0],[-147.5,61.1],[-147.5,61.2],[-147.6,61.2],[-147.6,61.1],[-147.6,61.0],[-147.7,61.0],[-147.6,61.0],[-147.6,60.9],[-147.7,60.9],[-147.7,61.0],[-147.7,60.9],[-147.8,60.9],[-147.8,60.8],[-147.9,60.8],[-147.9,60.9],[-148.0,60.9],[-148.1,61.0],[-148.0,61.0],[-147.9,61.0],[-147.9,61.1],[-147.8,61.1],[-147.8,61.2],[-147.7,61.2],[-147.8,61.2],[-147.7,61.3],[-147.8,61.3],[-147.8,61.2],[-147.9,61.2],[-148.0,61.1],[-148.0,61.0],[-148.1,61.0],[-148.1,61.1],[-148.2,61.1],[-148.3,61.1],[-148.4,61.1],[-148.4,61.0],[-148.3,61.0],[-148.3,61.1],[-148.2,61.1],[-148.1,61.1],[-148.2,61.1],[-148.2,61.0],[-148.3,61.0],[-148.3,60.9],[-148.3,60.8],[-148.3,60.9],[-148.4,60.9],[-148.3,60.8],[-148.4,60.8],[-148.5,60.8],[-148.6,60.8],[-148.7,60.8],[-148.6,60.8],[-148.5,60.8],[-148.4,60.8],[-148.5,60.8],[-148.6,60.8],[-148.7,60.7],[-148.6,60.7],[-148.5,60.8],[-148.4,60.8],[-148.4,60.7],[-148.4,60.6],[-148.4,60.7],[-148.3,60.7],[-148.3,60.8],[-148.2,60.8],[-148.3,60.7],[-148.2,60.7],[-148.2,60.6],[-148.3,60.5],[-148.4,60.5],[-148.4,60.6],[-148.5,60.6],[-148.6,60.5],[-148.7,60.5],[-148.6,60.5],[-148.5,60.5],[-148.4,60.5],[-148.3,60.5],[-148.4,60.5],[-148.3,60.5],[-148.2,60.5],[-148.2,60.6],[-148.2,60.5],[-148.1,60.6],[-148.0,60.6],[-148.1,60.5],[-148.0,60.6],[-148.0,60.5],[-147.9,60.5],[-147.9,60.4],[-148.0,60.4],[-148.1,60.4],[-148.2,60.4],[-148.1,60.4],[-148.2,60.4],[-148.3,60.4],[-148.3,60.3],[-148.2,60.3],[-148.2,60.4],[-148.2,60.3],[-148.3,60.3],[-148.4,60.3],[-148.4,60.2],[-148.3,60.2],[-148.3,60.3],[-148.2,60.3],[-148.2,60.2],[-148.3,60.2],[-148.2,60.2],[-148.1,60.2],[-148.2,60.1],[-148.3,60.1],[-148.3,60.2],[-148.4,60.1],[-148.4,60.0],[-148.5,60.0],[-148.6,60.0],[-148.5,60.0],[-148.6,60.0],[-148.6,59.9],[-148.7,59.9],[-148.6,60.0],[-148.7,60.0],[-148.8,60.0],[-148.8,59.9],[-148.9,59.9],[-148.9,60.0],[-149.0,60.0],[-149.1,60.0],[-149.0,60.1],[-149.1,60.1],[-149.1,60.0],[-149.2,60.0],[-149.2,59.9],[-149.3,59.9],[-149.3,60.0],[-149.4,60.1],[-149.4,60.0],[-149.5,59.9],[-149.6,59.9],[-149.6,59.8],[-149.5,59.8],[-149.5,59.7],[-149.6,59.7],[-149.6,59.8],[-149.7,59.8],[-149.6,59.9],[-149.7,59.9],[-149.7,60.0],[-149.7,59.9],[-149.8,59.8],[-149.8,59.9],[-149.9,59.8],[-149.8,59.8],[-149.8,59.7],[-149.7,59.7],[-149.8,59.7],[-149.9,59.7],[-149.9,59.8],[-150.0,59.8],[-150.0,59.7],[-149.9,59.7],[-150.0,59.7],[-150.0,59.6],[-150.1,59.7],[-150.1,59.6],[-150.2,59.6],[-150.2,59.5],[-150.3,59.5],[-150.2,59.5],[-150.3,59.5],[-150.4,59.5],[-150.3,59.5],[-150.4,59.5],[-150.3,59.6],[-150.3,59.7],[-150.2,59.7],[-150.3,59.7],[-150.4,59.6],[-150.4,59.5],[-150.5,59.5],[-150.6,59.5],[-150.5,59.6],[-150.6,59.6],[-150.7,59.6],[-150.7,59.5],[-150.6,59.5],[-150.6,59.4],[-150.7,59.4],[-150.8,59.4],[-150.8,59.3],[-150.9,59.3],[-150.9,59.2],[-151.0,59.2],[-151.0,59.3],[-151.1,59.3],[-151.2,59.3],[-151.3,59.3],[-151.2,59.3],[-151.1,59.3],[-151.1,59.2],[-151.2,59.2],[-151.3,59.2],[-151.4,59.2],[-151.4,59.3],[-151.5,59.2],[-151.6,59.2],[-151.7,59.2],[-151.8,59.2],[-151.9,59.2],[-151.9,59.3],[-152.0,59.3],[-151.9,59.4],[-151.8,59.4],[-151.9,59.4],[-151.8,59.4],[-151.7,59.4],[-151.7,59.5],[-151.5,59.5],[-151.4,59.5],[-151.4,59.4],[-151.4,59.5],[-151.5,59.5],[-151.4,59.5],[-151.4,59.6],[-151.3,59.6],[-151.2,59.6],[-151.2,59.7],[-151.1,59.7],[-151.0,59.8],[-151.1,59.8],[-151.2,59.8],[-151.2,59.7],[-151.4,59.7],[-151.5,59.6],[-151.4,59.6],[-151.7,59.7],[-151.8,59.7],[-151.9,59.7],[-151.9,59.8],[-151.8,59.8],[-151.8,59.9],[-151.7,60.0],[-151.5,60.2],[-151.4,60.2],[-151.4,60.3],[-151.4,60.4],[-151.3,60.4],[-151.3,60.5],[-151.3,60.6],[-151.4,60.6],[-151.4,60.7],[-151.3,60.7],[-151.3,60.8],[-151.1,60.8],[-151.0,60.8],[-150.8,60.9],[-150.6,61.0],[-150.5,61.0],[-150.4,61.0],[-150.3,61.0],[-150.2,60.9],[-150.0,60.9],[-149.9,60.9],[-149.9,61.0],[-149.8,61.0],[-149.7,61.0],[-149.6,60.9],[-149.5,60.9],[-149.1,60.9],[-149.0,60.9],[-149.1,60.9],[-149.2,60.9],[-149.2,61.0],[-149.3,60.9],[-149.4,60.9],[-149.5,61.0],[-149.6,61.0],[-149.8,61.0],[-149.8,61.1],[-149.9,61.1],[-150.1,61.2],[-150.0,61.2],[-149.9,61.2],[-149.9,61.3],[-149.8,61.3],[-149.7,61.4],[-149.3,61.5],[-149.2,61.5],[-149.3,61.5],[-149.4,61.5],[-149.6,61.5],[-149.8,61.5],[-149.8,61.4],[-149.9,61.4],[-149.9,61.3],[-150.0,61.3],[-150.0,61.2],[-150.3,61.3],[-150.5,61.3],[-150.6,61.3],[-150.5,61.4],[-150.6,61.4],[-150.6,61.3],[-150.7,61.3],[-150.9,61.2],[-151.0,61.2],[-151.1,61.2],[-151.1,61.1],[-151.2,61.1],[-151.2,61.0],[-151.3,61.0],[-151.4,61.0],[-151.5,61.0],[-151.6,61.0],[-151.7,60.9],[-151.8,60.9],[-151.8,60.8],[-151.7,60.7],[-151.8,60.7],[-151.8,60.8],[-151.9,60.8],[-151.9,60.7],[-152.0,60.7],[-152.1,60.7],[-152.1,60.6],[-152.2,60.6],[-152.3,60.5],[-152.3,60.4],[-152.2,60.4],[-152.4,60.4],[-152.4,60.3],[-152.5,60.3],[-152.6,60.2],[-152.7,60.2],[-152.8,60.2],[-152.8,60.3],[-152.9,60.3],[-153.0,60.3],[-153.1,60.3],[-153.0,60.3],[-152.9,60.3],[-152.9,60.2],[-152.8,60.2],[-152.7,60.2],[-152.7,60.1],[-152.6,60.1],[-152.6,60.0],[-152.7,60.0],[-152.7,59.9],[-152.8,59.9],[-152.9,59.9],[-153.0,59.9],[-153.1,59.9],[-153.2,59.9],[-153.3,59.8],[-153.2,59.8],[-153.1,59.8],[-153.0,59.8],[-153.0,59.7],[-153.1,59.7],[-153.2,59.7],[-153.2,59.6],[-153.3,59.6],[-153.3,59.7],[-153.3,59.6],[-153.4,59.6],[-153.4,59.7],[-153.4,59.6],[-153.4,59.7],[-153.3,59.7],[-153.4,59.7],[-153.5,59.8],[-153.5,59.7],[-153.4,59.7],[-153.5,59.7],[-153.5,59.6],[-153.6,59.6],[-153.6,59.7],[-153.6,59.6],[-153.7,59.6],[-153.6,59.6],[-153.8,59.5],[-153.8,59.6],[-153.9,59.6],[-153.9,59.5],[-153.8,59.5],[-153.7,59.5],[-153.8,59.4],[-153.9,59.4],[-154.0,59.4],[-154.1,59.4],[-154.1,59.3],[-154.0,59.4],[-154.0,59.3],[-154.1,59.3],[-154.1,59.2],[-154.2,59.2],[-154.3,59.1],[-154.2,59.1],[-154.2,59.0],[-154.1,59.0],[-154.1,59.1],[-154.0,59.1],[-153.9,59.1],[-153.8,59.1],[-153.7,59.1],[-153.7,59.0],[-153.6,59.0],[-153.5,59.0],[-153.4,59.0],[-153.4,58.9],[-153.3,58.9],[-153.4,58.9],[-153.3,58.9],[-153.3,58.8],[-153.3,58.9],[-153.4,58.8],[-153.4,58.7],[-153.5,58.7],[-153.6,58.7],[-153.6,58.6],[-153.7,58.6],[-153.8,58.6],[-153.9,58.6],[-153.9,58.5],[-154.0,58.5],[-153.9,58.5],[-154.0,58.5],[-154.1,58.5],[-154.1,58.4],[-154.0,58.4],[-154.1,58.4],[-154.2,58.4],[-154.2,58.3],[-154.3,58.3],[-154.4,58.3],[-154.3,58.3],[-154.2,58.3],[-154.1,58.3],[-154.2,58.3],[-154.2,58.2],[-154.3,58.2],[-154.2,58.2],[-154.2,58.1],[-154.3,58.1],[-154.3,58.2],[-154.3,58.1],[-154.4,58.1],[-154.4,58.2],[-154.5,58.2],[-154.5,58.1],[-154.6,58.1],[-154.5,58.1],[-154.6,58.1],[-154.6,58.0],[-154.6,58.1],[-154.7,58.1],[-154.7,58.0],[-154.8,58.0],[-154.9,58.0],[-155.0,58.0],[-155.1,58.0],[-155.1,57.9],[-155.3,57.9],[-155.2,57.9],[-155.2,57.8],[-155.3,57.8],[-155.4,57.8],[-155.3,57.8],[-155.3,57.7],[-155.4,57.7],[-155.5,57.8],[-155.6,57.8],[-155.6,57.7],[-155.7,57.6],[-155.8,57.6],[-155.7,57.6],[-155.8,57.5],[-155.8,57.6],[-155.9,57.6],[-155.9,57.5],[-156.0,57.5],[-156.0,57.6],[-156.0,57.5],[-156.1,57.5],[-156.0,57.5],[-156.1,57.4],[-156.2,57.5],[-156.2,57.4],[-156.3,57.4],[-156.5,57.3],[-156.6,57.3],[-156.5,57.3],[-156.4,57.3],[-156.3,57.3],[-156.4,57.3],[-156.4,57.2],[-156.3,57.2],[-156.4,57.2],[-156.4,57.1],[-156.5,57.1],[-156.5,57.0],[-156.6,57.0],[-156.6,57.1],[-156.6,57.0],[-156.5,57.0],[-156.6,57.0],[-156.7,57.0],[-156.8,57.1],[-156.8,57.0],[-156.8,56.9],[-156.9,57.0],[-157.0,57.0],[-156.9,57.0],[-156.9,56.9],[-157.0,56.9],[-156.9,56.9],[-157.0,56.9],[-157.1,56.9],[-157.1,56.8],[-157.2,56.9],[-157.2,56.8],[-157.1,56.8],[-157.2,56.8],[-157.3,56.8],[-157.4,56.9],[-157.5,56.8],[-157.4,56.8],[-157.5,56.8],[-157.6,56.7],[-157.5,56.7],[-157.5,56.6],[-157.6,56.6],[-157.7,56.6],[-157.8,56.7],[-157.9,56.7],[-157.9,56.6],[-158.0,56.6],[-158.1,56.6],[-158.1,56.5],[-158.0,56.6],[-157.9,56.6],[-157.8,56.6],[-157.8,56.5],[-157.9,56.5],[-158.0,56.5],[-158.1,56.5],[-158.2,56.5],[-158.1,56.5],[-158.2,56.5],[-158.3,56.5],[-158.4,56.5],[-158.4,56.4],[-158.5,56.4],[-158.5,56.3],[-158.6,56.3],[-158.5,56.2],[-158.5,56.3],[-158.6,56.3],[-158.5,56.3],[-158.4,56.3],[-158.3,56.3],[-158.2,56.3],[-158.3,56.2],[-158.4,56.2],[-158.3,56.2],[-158.2,56.2],[-158.1,56.2],[-158.2,56.2],[-158.3,56.2],[-158.4,56.2],[-158.4,56.1],[-158.4,56.2],[-158.4,56.1],[-158.5,56.1],[-158.5,56.0],[-158.5,56.1],[-158.4,56.0],[-158.5,56.0],[-158.6,56.0],[-158.5,56.1],[-158.6,56.0],[-158.6,56.1],[-158.5,56.1],[-158.5,56.2],[-158.6,56.2],[-158.6,56.1],[-158.7,56.1],[-158.7,56.2],[-158.7,56.1],[-158.7,56.0],[-158.6,56.0],[-158.7,56.0],[-158.8,56.0],[-158.7,56.0],[-158.8,56.0],[-158.9,56.0],[-158.9,55.9],[-159.0,55.9],[-159.1,55.9],[-159.2,55.9],[-159.3,55.9],[-159.4,55.9],[-159.4,55.8],[-159.5,55.8],[-159.5,55.9],[-159.6,55.9],[-159.5,55.8],[-159.5,55.7],[-159.6,55.7],[-159.5,55.7],[-159.6,55.7],[-159.6,55.6],[-159.7,55.6],[-159.8,55.6],[-159.7,55.6],[-159.6,55.6],[-159.7,55.7],[-159.6,55.7],[-159.7,55.7],[-159.7,55.8],[-159.6,55.8],[-159.7,55.8],[-159.8,55.9],[-159.9,55.8],[-160.0,55.8],[-160.1,55.8],[-160.0,55.7],[-160.1,55.7],[-160.2,55.7],[-160.1,55.7],[-160.2,55.7],[-160.3,55.7],[-160.3,55.6],[-160.4,55.7],[-160.4,55.6],[-160.5,55.6],[-160.4,55.6],[-160.5,55.5],[-160.6,55.5],[-160.6,55.6],[-160.7,55.6],[-160.7,55.5],[-160.8,55.5],[-160.7,55.5],[-160.8,55.4],[-160.8,55.5],[-160.9,55.5],[-161.0,55.5],[-161.0,55.4],[-161.1,55.4],[-161.3,55.4],[-161.4,55.4],[-161.5,55.4],[-161.5,55.5],[-161.4,55.5],[-161.4,55.6],[-161.3,55.6],[-161.3,55.5],[-161.2,55.5],[-161.1,55.5],[-161.2,55.5],[-161.2,55.6],[-161.3,55.6],[-161.4,55.6],[-161.6,55.6],[-161.7,55.6],[-161.7,55.5],[-161.7,55.4],[-161.8,55.3],[-161.9,55.2],[-162.0,55.2],[-161.9,55.2],[-162.0,55.2],[-162.0,55.1],[-162.1,55.1],[-162.1,55.2],[-162.2,55.1],[-162.2,55.0],[-162.3,55.0],[-162.3,55.1],[-162.4,55.0],[-162.5,55.0],[-162.5,55.1],[-162.4,55.1],[-162.5,55.2],[-162.6,55.3],[-162.7,55.3],[-162.7,55.2],[-162.6,55.2],[-162.6,55.1],[-162.6,55.0],[-162.7,55.0],[-162.6,55.0],[-162.6,55.1],[-162.7,55.1],[-162.7,55.0],[-162.8,54.9],[-162.9,54.9],[-162.9,55.0],[-163.0,55.0],[-162.9,55.0],[-163.0,55.0],[-163.0,55.1],[-163.1,55.1],[-163.2,55.1],[-163.1,55.1],[-163.2,55.1],[-163.2,55.0],[-163.1,55.0],[-163.0,54.9],[-163.1,54.9],[-163.2,54.9],[-163.2,54.8],[-163.3,54.8],[-163.4,54.8],[-163.4,54.9],[-163.3,54.9],[-163.3,55.0],[-163.3,54.9],[-163.3,55.0],[-163.2,55.0],[-163.3,55.0],[-163.3,55.1],[-163.1,55.2],[-163.0,55.2],[-163.1,55.2],[-163.0,55.2],[-162.9,55.2],[-162.8,55.2],[-162.9,55.2],[-162.9,55.3],[-162.8,55.3],[-162.7,55.3],[-162.7,55.4],[-162.6,55.4],[-162.6,55.3],[-162.5,55.4],[-162.6,55.4],[-162.5,55.5],[-162.2,55.7],[-162.1,55.7],[-162.1,55.8],[-161.9,55.8],[-161.8,55.9],[-161.7,55.9],[-161.6,55.9],[-161.5,55.9],[-161.5,56.0],[-161.4,56.0],[-161.2,56.0],[-161.3,56.0],[-161.4,56.0],[-161.2,56.0],[-161.2,55.9],[-161.1,56.0],[-161.1,55.9],[-161.0,55.9],[-161.0,56.0],[-160.9,56.0],[-160.9,55.9],[-161.0,55.9],[-160.9,55.9],[-161.0,55.8],[-160.9,55.8],[-160.8,55.7],[-160.8,55.8],[-160.7,55.7],[-160.7,55.8],[-160.8,55.8],[-160.8,55.9],[-160.7,55.9],[-160.5,55.9],[-160.5,55.8],[-160.4,55.8],[-160.3,55.8],[-160.2,55.8],[-160.3,55.8],[-160.2,55.8],[-160.3,55.9],[-160.5,55.9],[-160.6,55.9],[-160.5,56.0],[-160.6,56.0],[-160.5,56.0],[-160.5,56.1],[-160.5,56.2],[-160.4,56.2],[-160.4,56.3],[-160.2,56.3],[-160.2,56.4],[-160.0,56.4],[-159.9,56.5],[-159.8,56.5],[-159.7,56.6],[-159.5,56.6],[-159.6,56.6],[-159.5,56.6],[-159.3,56.7],[-159.2,56.7],[-159.3,56.7],[-159.2,56.8],[-159.1,56.8],[-159.0,56.8],[-158.9,56.9],[-159.0,56.9],[-159.0,56.8],[-158.9,56.8],[-158.8,56.8],[-158.7,56.8],[-158.6,56.8],[-158.7,56.8],[-158.7,56.9],[-158.7,57.0],[-158.7,57.1],[-158.6,57.1],[-158.3,57.3],[-158.2,57.4],[-158.1,57.4],[-158.0,57.4],[-158.0,57.5],[-157.9,57.5],[-157.8,57.6],[-157.7,57.6],[-157.7,57.5],[-157.5,57.5],[-157.4,57.5],[-157.4,57.6],[-157.5,57.6],[-157.4,57.5],[-157.5,57.5],[-157.6,57.5],[-157.6,57.6],[-157.7,57.6],[-157.7,57.7],[-157.7,57.8],[-157.6,57.9],[-157.6,58.0],[-157.6,58.1],[-157.6,58.2],[-157.5,58.2],[-157.4,58.2],[-157.2,58.2],[-157.1,58.2],[-157.2,58.2],[-157.3,58.2],[-157.4,58.2],[-157.5,58.2],[-157.5,58.3],[-157.6,58.3],[-157.6,58.4],[-157.5,58.5],[-157.4,58.5],[-157.3,58.6],[-157.1,58.7],[-157.0,58.7],[-156.9,58.7],[-157.0,58.7],[-157.1,58.7],[-157.1,58.8],[-157.0,58.8],[-157.0,58.9],[-157.0,59.0],[-156.9,59.0],[-156.9,59.1],[-156.8,59.1],[-156.8,59.2],[-156.9,59.1],[-156.9,59.0],[-157.0,59.0],[-157.1,58.9],[-157.3,58.8],[-157.4,58.8],[-157.5,58.8],[-157.6,58.7],[-157.7,58.7],[-157.8,58.7],[-158.0,58.6],[-158.2,58.6],[-158.3,58.6],[-158.3,58.7],[-158.4,58.7],[-158.4,58.8],[-158.5,58.8],[-158.6,58.8],[-158.5,58.9],[-158.5,59.0],[-158.4,59.0],[-158.5,59.0],[-158.4,59.0],[-158.2,59.0],[-158.1,59.0],[-158.1,58.9],[-158.0,58.9],[-158.1,58.9],[-158.0,58.9],[-158.1,59.0],[-158.2,59.0],[-158.3,59.1],[-158.4,59.1],[-158.5,59.1],[-158.5,59.2],[-158.5,59.1],[-158.5,59.0],[-158.6,59.0],[-158.6,58.9],[-158.7,58.9],[-158.8,58.9],[-158.7,58.9],[-158.8,58.9],[-158.8,59.0],[-158.7,59.0],[-158.8,59.0],[-158.8,58.9],[-158.8,58.8],[-158.8,58.7],[-158.9,58.7],[-158.9,58.8],[-158.8,58.8],[-158.9,58.8],[-158.9,58.7],[-158.8,58.6],[-158.8,58.5],[-158.7,58.5],[-158.8,58.4],[-158.9,58.4],[-159.0,58.4],[-159.1,58.4],[-159.0,58.4],[-159.0,58.5],[-159.1,58.5],[-159.2,58.5],[-159.2,58.6],[-159.3,58.7],[-159.4,58.8],[-159.5,58.8],[-159.6,58.8],[-159.7,58.8],[-159.6,58.9],[-159.7,58.9],[-159.8,58.9],[-159.7,58.9],[-159.8,58.8],[-159.9,58.8],[-160.0,58.8],[-160.0,58.9],[-160.1,58.9],[-160.2,58.9],[-160.3,58.9],[-160.3,59.0],[-160.3,58.9],[-160.3,59.0],[-160.3,59.1],[-160.4,59.1],[-160.4,59.0],[-160.5,59.0],[-160.7,58.9],[-160.8,58.9],[-160.8,58.8],[-160.8,58.9],[-160.9,58.9],[-161.0,58.9],[-161.0,58.8],[-161.1,58.8],[-161.2,58.8],[-161.3,58.8],[-161.3,58.7],[-161.4,58.7],[-161.3,58.7],[-161.4,58.7],[-161.5,58.6],[-161.6,58.6],[-161.7,58.6],[-161.8,58.6],[-161.7,58.6],[-161.8,58.6],[-161.9,58.6],[-162.0,58.6],[-162.1,58.6],[-162.2,58.6],[-162.1,58.7],[-162.0,58.7],[-161.9,58.7],[-162.0,58.7],[-161.9,58.7],[-161.9,58.6],[-161.9,58.7],[-161.8,58.7],[-161.9,58.7],[-161.8,58.7],[-161.8,58.8],[-161.7,58.8],[-161.8,58.8],[-161.8,58.9],[-161.8,59.0],[-161.9,59.0],[-161.8,59.0],[-161.7,59.0],[-161.7,59.1],[-161.6,59.1],[-161.7,59.1],[-161.8,59.1],[-161.9,59.1],[-161.8,59.1],[-161.9,59.1],[-162.0,59.1],[-162.0,59.2],[-162.1,59.3],[-162.0,59.3],[-162.0,59.2],[-162.0,59.3],[-162.0,59.4],[-161.9,59.4],[-161.8,59.4],[-161.8,59.5],[-161.7,59.5],[-161.9,59.6],[-161.9,59.7],[-162.0,59.8],[-162.1,59.9],[-162.1,60.0],[-162.2,60.0],[-162.2,60.1],[-162.2,60.2],[-162.3,60.2],[-162.2,60.2],[-162.1,60.2],[-162.2,60.3],[-162.2,60.2],[-162.3,60.2],[-162.2,60.2],[-162.2,60.1],[-162.3,60.1],[-162.4,60.2],[-162.3,60.2],[-162.4,60.2],[-162.4,60.3],[-162.5,60.3],[-162.4,60.3],[-162.3,60.4],[-162.3,60.5],[-162.2,60.5],[-162.2,60.6],[-162.1,60.6],[-162.1,60.7],[-162.0,60.6],[-161.9,60.7],[-162.0,60.7],[-161.9,60.7],[-162.0,60.7],[-162.1,60.7],[-162.2,60.7],[-162.1,60.7],[-162.1,60.6],[-162.2,60.6],[-162.3,60.6],[-162.3,60.5],[-162.4,60.5],[-162.4,60.4],[-162.5,60.4],[-162.5,60.3],[-162.6,60.3],[-162.7,60.3],[-162.6,60.2],[-162.5,60.2],[-162.5,60.1],[-162.5,60.0],[-162.6,60.0],[-162.7,60.0],[-162.8,60.0],[-162.8,59.9],[-163.1,59.9],[-163.3,59.8],[-163.6,59.8],[-163.9,59.8],[-164.1,59.8],[-164.2,59.9],[-164.2,60.0],[-164.1,60.0],[-164.2,60.0],[-164.3,60.1],[-164.4,60.1],[-164.5,60.1],[-164.5,60.2],[-164.6,60.2],[-164.7,60.3],[-164.6,60.3],[-164.7,60.3],[-164.6,60.3],[-164.7,60.3],[-164.8,60.3],[-165.0,60.3],[-165.0,60.4],[-165.1,60.4],[-165.1,60.5],[-165.0,60.5],[-165.0,60.6],[-165.2,60.5],[-165.4,60.5],[-165.4,60.6],[-165.3,60.6],[-165.2,60.6],[-165.1,60.7],[-165.0,60.7],[-165.0,60.8],[-164.9,60.8],[-164.9,60.9],[-165.0,60.9],[-164.9,60.9],[-164.8,60.9],[-164.7,60.9],[-164.6,60.9],[-164.7,60.9],[-164.7,60.8],[-164.6,60.8],[-164.5,60.8],[-164.4,60.8],[-164.3,60.8],[-164.3,60.7],[-164.2,60.7],[-164.3,60.7],[-164.3,60.6],[-164.4,60.6],[-164.3,60.6],[-164.3,60.7],[-164.2,60.7],[-164.1,60.7],[-164.0,60.8],[-163.9,60.8],[-163.8,60.8],[-163.8,60.7],[-163.8,60.6],[-163.7,60.6],[-163.6,60.6],[-163.5,60.7],[-163.4,60.7],[-163.5,60.8],[-163.4,60.8],[-163.5,60.8],[-163.9,60.9],[-163.9,60.8],[-163.9,60.9],[-163.8,60.9],[-163.7,60.9],[-163.6,60.9],[-163.7,60.9],[-163.8,60.9],[-163.7,61.0],[-163.8,61.0],[-163.9,60.9],[-164.0,60.9],[-164.1,60.9],[-164.4,60.9],[-164.6,60.9],[-164.7,60.9],[-164.8,60.9],[-164.9,61.0],[-165.0,61.0],[-165.0,60.9],[-165.1,60.9],[-165.2,60.9],[-165.2,61.0],[-165.1,61.0],[-165.0,61.0],[-165.0,61.1],[-164.9,61.1],[-164.8,61.1],[-164.9,61.1],[-165.0,61.1],[-165.1,61.1],[-165.2,61.1],[-165.1,61.1],[-165.1,61.2],[-165.1,61.3],[-165.1,61.2],[-165.2,61.2],[-165.1,61.2],[-165.2,61.2],[-165.2,61.1],[-165.3,61.2],[-165.4,61.2],[-165.3,61.2],[-165.3,61.3],[-165.2,61.3],[-165.3,61.3],[-165.2,61.3],[-165.2,61.4],[-165.1,61.4],[-165.0,61.4],[-165.1,61.4],[-165.1,61.5],[-165.0,61.5],[-164.9,61.5],[-164.8,61.5],[-164.7,61.6],[-164.8,61.6],[-164.7,61.6],[-164.8,61.6],[-164.7,61.6],[-164.8,61.6],[-164.9,61.5],[-165.0,61.5],[-165.1,61.5],[-165.1,61.4],[-165.2,61.4],[-165.3,61.4],[-165.3,61.3],[-165.2,61.3],[-165.3,61.3],[-165.4,61.2],[-165.3,61.2],[-165.4,61.1],[-165.5,61.1],[-165.6,61.1],[-165.6,61.2],[-165.6,61.3],[-165.7,61.3],[-165.8,61.3],[-165.9,61.3],[-165.9,61.4],[-165.8,61.4],[-165.8,61.5],[-165.9,61.5],[-165.9,61.6],[-166.1,61.5],[-166.2,61.6],[-166.2,61.7],[-166.1,61.7],[-166.2,61.7],[-166.1,61.7],[-166.1,61.6],[-166.0,61.6],[-166.0,61.7],[-165.8,61.7],[-165.9,61.7],[-166.0,61.7],[-166.0,61.8],[-166.1,61.8],[-166.0,61.8],[-165.9,61.8],[-165.8,61.8],[-165.7,61.8],[-165.6,61.9],[-165.7,61.9],[-165.7,62.0],[-165.8,62.0],[-165.7,62.1],[-165.6,62.2],[-165.4,62.3],[-165.3,62.4],[-165.2,62.5],[-165.1,62.5],[-165.0,62.5],[-164.9,62.5],[-164.8,62.5],[-164.9,62.5],[-164.8,62.5],[-164.7,62.5],[-164.7,62.4],[-164.6,62.4],[-164.7,62.4],[-164.6,62.4],[-164.6,62.5],[-164.7,62.5],[-164.6,62.5],[-164.7,62.5],[-164.8,62.5],[-164.8,62.6],[-164.9,62.6],[-164.8,62.6],[-164.7,62.6],[-164.5,62.7],[-164.5,62.8],[-164.5,62.7],[-164.6,62.7],[-164.7,62.7],[-164.7,62.6],[-164.8,62.6],[-164.8,62.7],[-164.9,62.7],[-164.9,62.8],[-164.8,62.8],[-164.9,62.8],[-164.9,62.9],[-164.8,62.9],[-164.8,63.0],[-164.7,63.0],[-164.5,63.0],[-164.4,63.0],[-164.3,63.0],[-164.4,63.1],[-164.5,63.1],[-164.6,63.1],[-164.5,63.2],[-164.4,63.2],[-164.1,63.3],[-164.0,63.3],[-163.8,63.2],[-163.7,63.2],[-163.6,63.2],[-163.6,63.1],[-163.7,63.1],[-163.6,63.1],[-163.5,63.1],[-163.6,63.1],[-163.7,63.1],[-163.8,63.0],[-163.7,63.0],[-163.6,63.1],[-163.5,63.1],[-163.4,63.1],[-163.4,63.0],[-163.3,63.0],[-163.1,63.1],[-163.0,63.1],[-162.9,63.1],[-162.9,63.2],[-162.8,63.2],[-162.7,63.2],[-162.6,63.3],[-162.4,63.4],[-162.4,63.5],[-162.3,63.5],[-162.3,63.6],[-162.3,63.5],[-162.2,63.5],[-162.1,63.5],[-162.0,63.5],[-162.1,63.5],[-162.1,63.4],[-162.2,63.4],[-161.9,63.5],[-161.7,63.5],[-161.6,63.5],[-161.5,63.5],[-161.4,63.5],[-161.2,63.5],[-161.1,63.6],[-161.0,63.6],[-160.9,63.6],[-160.9,63.7],[-160.8,63.7],[-160.8,63.8],[-160.8,63.9],[-160.9,64.0],[-160.9,64.1],[-161.0,64.2],[-161.0,64.3],[-161.1,64.3],[-161.2,64.4],[-161.3,64.4],[-161.2,64.4],[-161.3,64.4],[-161.4,64.4],[-161.5,64.4],[-161.5,64.5],[-161.4,64.5],[-161.3,64.5],[-161.1,64.5],[-161.0,64.5],[-161.1,64.5],[-161.1,64.6],[-161.0,64.6],[-160.9,64.6],[-160.8,64.6],[-160.8,64.7],[-160.8,64.8],[-160.9,64.8],[-161.0,64.8],[-161.0,64.9],[-161.1,64.9],[-161.2,64.9],[-161.1,64.9],[-161.0,64.9],[-161.1,64.9],[-161.2,64.9],[-161.3,64.9],[-161.3,64.8],[-161.4,64.8],[-161.5,64.8],[-161.6,64.8],[-161.7,64.8],[-161.8,64.8],[-161.7,64.8],[-161.9,64.8],[-161.9,64.7],[-161.8,64.8],[-161.8,64.7],[-161.9,64.7],[-162.0,64.7],[-162.1,64.7],[-162.2,64.7],[-162.2,64.6],[-162.3,64.6],[-162.5,64.6],[-162.6,64.5],[-162.6,64.4],[-162.7,64.4],[-162.8,64.4],[-162.8,64.3],[-162.8,64.4],[-162.9,64.5],[-162.8,64.5],[-162.9,64.5],[-163.0,64.6],[-163.1,64.6],[-163.0,64.6],[-163.1,64.6],[-163.1,64.7],[-163.2,64.7],[-163.2,64.6],[-163.4,64.6],[-163.3,64.6],[-163.2,64.6],[-163.2,64.5],[-163.1,64.5],[-163.0,64.5],[-163.1,64.5],[-163.0,64.5],[-163.1,64.5],[-163.1,64.4],[-163.2,64.4],[-163.3,64.5],[-163.4,64.5],[-163.5,64.6],[-163.7,64.6],[-163.8,64.6],[-164.0,64.6],[-164.4,64.6],[-164.3,64.6],[-164.7,64.5],[-164.8,64.5],[-164.9,64.5],[-165.0,64.5],[-164.9,64.5],[-164.8,64.5],[-165.0,64.4],[-165.4,64.5],[-165.9,64.5],[-166.0,64.6],[-166.2,64.6],[-166.4,64.6],[-166.4,64.7],[-166.5,64.7],[-166.5,64.8],[-166.4,64.8],[-166.4,64.9],[-166.5,64.9],[-166.5,65.0],[-166.5,64.9],[-166.4,64.9],[-166.5,64.9],[-166.6,65.0],[-166.7,65.0],[-166.7,65.1],[-166.8,65.1],[-166.9,65.1],[-167.0,65.2],[-166.9,65.2],[-166.9,65.3],[-166.9,65.2],[-166.9,65.1],[-166.8,65.1],[-166.7,65.1],[-166.6,65.1],[-166.5,65.1],[-166.5,65.2],[-166.4,65.3],[-166.3,65.3],[-166.1,65.2],[-166.0,65.2],[-166.1,65.3],[-166.2,65.3],[-166.3,65.3],[-166.4,65.3],[-166.5,65.3],[-166.6,65.4],[-166.9,65.4],[-166.8,65.4],[-166.7,65.3],[-166.6,65.3],[-166.8,65.3],[-166.9,65.4],[-167.0,65.4],[-167.2,65.4],[-167.4,65.4],[-167.6,65.5],[-167.7,65.5],[-167.8,65.5],[-167.9,65.5],[-168.0,65.6],[-168.1,65.6],[-168.1,65.7],[-168.0,65.7],[-167.9,65.7],[-167.9,65.8],[-167.9,65.7],[-168.0,65.7],[-168.1,65.7],[-168.0,65.6],[-167.9,65.7],[-167.8,65.7],[-167.6,65.7],[-167.5,65.7],[-167.5,65.8],[-167.6,65.8],[-167.5,65.8],[-167.3,65.9],[-167.2,65.9],[-167.1,65.9],[-167.0,65.9],[-166.9,65.9],[-167.0,66.0],[-166.9,66.0],[-166.8,66.0],[-166.9,66.0],[-166.8,66.0],[-166.7,66.1],[-166.5,66.1],[-166.4,66.1],[-166.4,66.2],[-166.3,66.2],[-166.2,66.2],[-166.1,66.2],[-166.2,66.2],[-166.1,66.1],[-165.8,66.1],[-165.5,66.2],[-165.6,66.2],[-165.7,66.2],[-165.8,66.2],[-165.9,66.2],[-165.9,66.3],[-165.8,66.3],[-165.5,66.4],[-165.4,66.4],[-165.3,66.4],[-165.1,66.4],[-165.0,66.4],[-165.0,66.5],[-164.9,66.5],[-164.7,66.5],[-164.7,66.6],[-164.5,66.6],[-164.3,66.6],[-164.0,66.6],[-163.7,66.6],[-163.6,66.6],[-163.9,66.6],[-163.8,66.6],[-163.8,66.5],[-163.9,66.4],[-163.9,66.3],[-163.9,66.2],[-164.0,66.2],[-164.1,66.2],[-164.2,66.2],[-164.0,66.2],[-163.9,66.2],[-163.9,66.1],[-163.8,66.1],[-163.7,66.1],[-163.4,66.1],[-163.3,66.1],[-163.1,66.1],[-163.0,66.1],[-162.9,66.1],[-162.8,66.1],[-162.7,66.1],[-162.7,66.0],[-162.6,66.0],[-162.5,66.1],[-162.4,66.1],[-162.4,66.0],[-162.3,66.0],[-162.2,66.1],[-161.9,66.0],[-162.0,66.0],[-161.9,66.0],[-161.8,66.0],[-161.8,66.1],[-161.7,66.1],[-161.8,66.1],[-161.7,66.1],[-161.7,66.2],[-161.6,66.2],[-161.6,66.3],[-161.5,66.3],[-161.4,66.3],[-161.3,66.2],[-161.2,66.2],[-161.1,66.2],[-161.1,66.3],[-161.1,66.2],[-161.1,66.1],[-161.2,66.1],[-161.1,66.1],[-161.1,66.2],[-161.0,66.2],[-161.0,66.3],[-161.1,66.3],[-161.3,66.4],[-161.4,66.4],[-161.5,66.4],[-161.7,66.4],[-161.8,66.4],[-161.9,66.4],[-161.9,66.3],[-162.0,66.3],[-162.0,66.4],[-161.9,66.4],[-161.9,66.5],[-161.9,66.6],[-162.1,66.6],[-162.2,66.7],[-162.3,66.7],[-162.4,66.7],[-162.5,66.7],[-162.5,66.8],[-162.6,66.8],[-162.6,66.9],[-162.5,66.9],[-162.5,67.0],[-162.5,66.9],[-162.4,66.9],[-162.4,67.0],[-162.3,67.0],[-162.3,66.9],[-162.2,66.9],[-162.1,66.8],[-162.0,66.8],[-162.1,66.7],[-162.0,66.6],[-161.9,66.6],[-161.9,66.5],[-161.6,66.5],[-161.4,66.5],[-161.3,66.5],[-161.2,66.5],[-161.1,66.5],[-161.0,66.5],[-161.0,66.4],[-160.8,66.4],[-160.7,66.4],[-160.6,66.4],[-160.5,66.4],[-160.2,66.4],[-160.2,66.5],[-160.2,66.6],[-160.3,66.6],[-160.2,66.6],[-160.3,66.7],[-160.4,66.6],[-160.5,66.6],[-160.6,66.6],[-160.7,66.6],[-160.8,66.7],[-160.9,66.7],[-161.1,66.7],[-161.2,66.6],[-161.3,66.5],[-161.4,66.5],[-161.5,66.5],[-161.5,66.6],[-161.6,66.6],[-161.5,66.6],[-161.6,66.6],[-161.9,66.7],[-161.9,66.8],[-161.8,66.8],[-161.8,66.9],[-161.7,66.9],[-161.7,67.0],[-161.6,67.0],[-161.5,67.0],[-161.6,67.0],[-161.7,67.0],[-161.8,67.0],[-161.8,67.1],[-162.0,67.0],[-162.2,67.0],[-162.3,67.0],[-162.3,67.1],[-162.3,67.0],[-162.4,67.0],[-162.5,67.0],[-162.4,67.1],[-162.3,67.1],[-162.3,67.2],[-162.4,67.2],[-162.4,67.1],[-162.5,67.1],[-162.6,67.0],[-162.7,67.0],[-162.9,67.0],[-163.0,67.0],[-162.9,67.0],[-162.8,67.0],[-162.9,67.0],[-163.1,67.0],[-163.1,67.1],[-163.4,67.1],[-163.7,67.1],[-163.8,67.1],[-163.8,67.2],[-163.8,67.3],[-163.8,67.4],[-164.0,67.5],[-164.0,67.6],[-164.2,67.6],[-164.4,67.7],[-164.5,67.8],[-164.6,67.8],[-164.7,67.8],[-164.8,67.8],[-164.7,67.8],[-164.8,67.8],[-164.9,67.8],[-165.1,67.9],[-165.2,68.0],[-165.4,68.1],[-165.6,68.1],[-165.8,68.1],[-165.9,68.1],[-166.0,68.2],[-166.1,68.2],[-166.2,68.3],[-166.3,68.3],[-166.6,68.3],[-166.8,68.3],[-166.8,68.4],[-166.6,68.4],[-166.5,68.4],[-166.4,68.4],[-166.5,68.4],[-166.7,68.4],[-166.5,68.4],[-166.4,68.4],[-166.3,68.4],[-166.4,68.4],[-166.3,68.5],[-166.3,68.6],[-166.2,68.6],[-166.2,68.7],[-166.2,68.8],[-166.2,68.9],[-166.1,68.9],[-166.0,68.9],[-165.8,68.9],[-165.7,68.9],[-165.3,68.9],[-165.0,68.9],[-164.8,68.9],[-164.3,68.9],[-164.2,69.0],[-164.1,69.0],[-164.0,69.0],[-163.9,69.0],[-163.8,69.0],[-163.6,69.1],[-163.3,69.3],[-163.2,69.4],[-163.2,69.3],[-163.3,69.3],[-163.2,69.3],[-163.2,69.4],[-163.1,69.4],[-163.1,69.5],[-163.1,69.6],[-163.0,69.6],[-163.1,69.6],[-163.0,69.7],[-163.1,69.7],[-163.0,69.7],[-162.9,69.7],[-163.0,69.7],[-163.0,69.8],[-162.9,69.8],[-162.8,69.9],[-162.7,69.9],[-162.6,69.9],[-162.5,70.0],[-162.5,70.1],[-162.4,70.1],[-162.3,70.1],[-162.4,70.1],[-162.3,70.1],[-162.2,70.2],[-162.1,70.2],[-162.0,70.3],[-161.9,70.3],[-161.8,70.3],[-161.9,70.3],[-161.7,70.3],[-161.9,70.3],[-161.9,70.2],[-161.8,70.2],[-161.9,70.2],[-161.8,70.2],[-161.9,70.2],[-162.0,70.2],[-162.1,70.2],[-161.9,70.2],[-161.8,70.2],[-161.7,70.2],[-161.7,70.3],[-161.6,70.3],[-161.3,70.3],[-161.2,70.3],[-161.1,70.3],[-161.0,70.3],[-160.9,70.3],[-161.0,70.3],[-160.9,70.3],[-160.6,70.4],[-160.7,70.4],[-160.8,70.4],[-160.7,70.4],[-160.4,70.5],[-160.2,70.6],[-160.1,70.6],[-160.0,70.6],[-159.9,70.6],[-159.9,70.5],[-160.0,70.5],[-160.1,70.5],[-160.2,70.5],[-160.1,70.5],[-159.9,70.5],[-160.0,70.5],[-160.0,70.4],[-160.1,70.4],[-160.1,70.3],[-160.0,70.4],[-159.9,70.4],[-159.9,70.3],[-159.8,70.3],[-159.8,70.2],[-159.8,70.3],[-159.9,70.3],[-159.8,70.3],[-159.9,70.4],[-159.8,70.5],[-159.7,70.5],[-159.6,70.5],[-159.5,70.5],[-159.4,70.5],[-159.3,70.5],[-159.4,70.5],[-159.5,70.5],[-159.6,70.5],[-159.7,70.5],[-159.8,70.5],[-159.8,70.6],[-159.9,70.6],[-160.0,70.6],[-160.1,70.6],[-159.9,70.7],[-159.8,70.7],[-159.7,70.8],[-159.6,70.8],[-159.5,70.8],[-159.4,70.8],[-159.3,70.9],[-159.2,70.9],[-159.3,70.9],[-159.4,70.8],[-159.2,70.9],[-159.2,70.8],[-159.1,70.8],[-159.2,70.8],[-159.3,70.8],[-159.4,70.8],[-159.3,70.8],[-159.3,70.7],[-159.2,70.7],[-159.3,70.7],[-159.3,70.8],[-159.2,70.8],[-159.1,70.8],[-159.0,70.8],[-159.1,70.8],[-158.7,70.8],[-158.3,70.8],[-158.4,70.8],[-158.5,70.8],[-158.5,70.9],[-158.4,70.8],[-158.0,70.8],[-157.9,70.9],[-157.7,70.9],[-157.6,70.9],[-157.6,71.0],[-157.2,71.1],[-157.1,71.2],[-157.0,71.2],[-156.8,71.3],[-156.7,71.4],[-156.6,71.4],[-156.5,71.4],[-156.4,71.4],[-156.5,71.4],[-156.6,71.4],[-156.6,71.3],[-156.5,71.3],[-156.4,71.3],[-156.2,71.3],[-156.1,71.3],[-156.1,71.2],[-156.0,71.2],[-156.1,71.2],[-156.0,71.2],[-155.9,71.2],[-155.8,71.2],[-155.6,71.2],[-155.6,71.1],[-155.7,71.1],[-155.7,71.0],[-155.8,71.0],[-156.1,71.0],[-156.0,71.0],[-156.0,70.9],[-156.1,70.9],[-156.2,70.9],[-156.1,70.9],[-156.0,70.9],[-155.9,70.9],[-156.0,70.8],[-155.9,70.8],[-155.8,70.8],[-155.7,70.8],[-155.6,70.8],[-155.7,70.8],[-155.7,70.9],[-155.6,70.9],[-155.6,70.8],[-155.5,70.9],[-155.5,71.0],[-155.4,71.0],[-155.3,71.0],[-155.2,71.0],[-155.2,71.1],[-155.3,71.1],[-155.2,71.1],[-155.1,71.1],[-155.1,71.2],[-155.1,71.1],[-155.0,71.1],[-155.1,71.1],[-155.0,71.1],[-155.1,71.0],[-155.0,71.0],[-155.0,71.1],[-154.9,71.1],[-154.8,71.1],[-154.7,71.1],[-154.6,71.0],[-154.6,70.9],[-154.7,70.9],[-154.8,70.9],[-154.7,70.9],[-154.6,70.9],[-154.6,70.8],[-154.5,70.8],[-154.4,70.8],[-154.3,70.8],[-154.2,70.8],[-154.3,70.8],[-154.2,70.8],[-154.1,70.8],[-154.0,70.8],[-153.9,70.9],[-153.5,70.9],[-153.4,70.9],[-153.3,70.9],[-153.2,70.9],[-153.1,70.9],[-153.0,70.9],[-152.9,70.9],[-152.8,70.9],[-152.7,70.8],[-152.7,70.9],[-152.5,70.9],[-152.3,70.9],[-152.2,70.8],[-152.3,70.8],[-152.4,70.7],[-152.5,70.7],[-152.5,70.6],[-152.4,70.6],[-152.3,70.6],[-152.2,70.6],[-152.1,70.6],[-152.2,70.6],[-152.4,70.6],[-152.5,70.6],[-152.6,70.6],[-152.5,70.5],[-152.5,70.6],[-152.0,70.6],[-151.8,70.6],[-151.7,70.6],[-151.8,70.5],[-151.9,70.5],[-151.8,70.5],[-151.9,70.5],[-152.0,70.4],[-151.7,70.4],[-151.5,70.4],[-151.4,70.4],[-151.3,70.4],[-151.2,70.4],[-151.0,70.5],[-150.9,70.5],[-150.8,70.5],[-150.7,70.5],[-150.8,70.5],[-150.6,70.5],[-150.5,70.5],[-150.4,70.5],[-150.4,70.4],[-150.3,70.4],[-150.1,70.4],[-149.9,70.5],[-149.8,70.5],[-149.7,70.5],[-149.6,70.5],[-149.5,70.5],[-149.4,70.5],[-149.3,70.5],[-149.0,70.5],[-149.0,70.4],[-148.9,70.4],[-148.8,70.4],[-148.7,70.4],[-148.6,70.4],[-148.5,70.4],[-148.5,70.3],[-148.4,70.3],[-148.3,70.3],[-148.3,70.4],[-148.2,70.4],[-148.1,70.3],[-148.0,70.3],[-147.9,70.3],[-147.8,70.3],[-147.8,70.2],[-147.7,70.2],[-147.4,70.2],[-147.2,70.2],[-147.1,70.2],[-146.9,70.2],[-146.8,70.2],[-146.7,70.2],[-146.4,70.2],[-146.2,70.2],[-146.1,70.2],[-146.0,70.2],[-145.9,70.2],[-145.8,70.2],[-145.8,70.1],[-145.7,70.1],[-145.6,70.1],[-145.5,70.1],[-145.4,70.0],[-145.3,70.0],[-145.2,70.0],[-145.3,70.0],[-145.2,70.0],[-144.9,70.0],[-144.8,70.0],[-144.7,70.0],[-144.6,70.0],[-144.5,70.0],[-144.4,70.0],[-144.2,70.0],[-144.1,70.1],[-144.1,70.0],[-144.0,70.0],[-144.0,70.1],[-144.1,70.1],[-144.0,70.1],[-143.9,70.1],[-143.8,70.1],[-143.7,70.1],[-143.6,70.1],[-143.5,70.1],[-143.4,70.1],[-143.3,70.1],[-143.3,70.0],[-143.3,70.1],[-143.2,70.1],[-143.1,70.1],[-143.0,70.1],[-142.9,70.1],[-142.7,70.0],[-142.6,70.0],[-142.5,70.0],[-142.4,69.9],[-142.3,69.9],[-142.1,69.8],[-142.0,69.8],[-141.9,69.8],[-141.8,69.8],[-141.7,69.8],[-141.6,69.7],[-141.5,69.7],[-141.4,69.7],[-141.3,69.6],[-141.2,69.7],[-141.3,69.7],[-141.0,69.7]]],[[[-152.2,57.6],[-152.1,57.6],[-152.2,57.6],[-152.2,57.5],[-152.3,57.5],[-152.3,57.4],[-152.4,57.4],[-152.5,57.4],[-152.5,57.5],[-152.5,57.4],[-152.6,57.5],[-152.6,57.4],[-152.6,57.5],[-152.7,57.5],[-152.8,57.5],[-152.9,57.5],[-153.0,57.5],[-152.9,57.5],[-153.0,57.5],[-153.0,57.4],[-153.0,57.5],[-152.8,57.5],[-152.7,57.4],[-152.6,57.4],[-152.6,57.3],[-152.7,57.3],[-152.8,57.3],[-152.9,57.3],[-152.9,57.4],[-152.9,57.3],[-153.0,57.3],[-153.1,57.3],[-153.2,57.3],[-153.2,57.4],[-153.2,57.3],[-153.1,57.3],[-153.0,57.3],[-153.1,57.2],[-153.2,57.2],[-153.3,57.2],[-153.4,57.2],[-153.4,57.1],[-153.5,57.1],[-153.5,57.2],[-153.5,57.1],[-153.6,57.1],[-153.7,57.1],[-153.8,57.1],[-153.8,57.0],[-153.6,57.1],[-153.6,57.0],[-153.7,57.0],[-153.6,57.0],[-153.6,56.9],[-153.7,56.9],[-153.7,57.0],[-153.7,56.9],[-153.8,56.9],[-153.7,56.9],[-153.8,56.9],[-153.8,56.8],[-153.9,56.8],[-154.0,56.7],[-154.0,56.8],[-154.1,56.8],[-154.1,56.7],[-154.1,56.8],[-154.0,56.9],[-153.9,56.9],[-153.8,57.0],[-153.9,57.0],[-153.8,57.0],[-153.9,57.0],[-154.0,57.0],[-153.9,57.0],[-153.9,57.1],[-153.8,57.1],[-153.7,57.1],[-153.8,57.2],[-153.8,57.1],[-153.9,57.1],[-154.0,57.1],[-154.0,57.0],[-154.1,57.0],[-154.1,57.1],[-154.0,57.1],[-154.1,57.1],[-154.2,57.1],[-154.2,57.2],[-154.3,57.1],[-154.4,57.1],[-154.5,57.1],[-154.4,57.1],[-154.3,57.1],[-154.1,57.1],[-154.1,57.0],[-154.2,57.0],[-154.2,56.9],[-154.3,56.9],[-154.2,56.9],[-154.3,56.9],[-154.4,57.0],[-154.5,57.0],[-154.5,57.1],[-154.5,57.2],[-154.6,57.2],[-154.6,57.3],[-154.7,57.3],[-154.8,57.3],[-154.8,57.4],[-154.7,57.3],[-154.7,57.4],[-154.7,57.5],[-154.6,57.5],[-154.7,57.5],[-154.6,57.5],[-154.5,57.5],[-154.5,57.6],[-154.4,57.6],[-154.3,57.7],[-154.3,57.6],[-154.3,57.7],[-154.2,57.7],[-154.1,57.7],[-154.0,57.6],[-154.1,57.5],[-154.0,57.5],[-153.9,57.5],[-153.9,57.4],[-153.8,57.4],[-153.8,57.3],[-153.7,57.3],[-153.6,57.3],[-153.7,57.3],[-153.8,57.3],[-153.8,57.4],[-153.8,57.5],[-153.8,57.6],[-153.9,57.6],[-153.8,57.6],[-153.7,57.5],[-153.7,57.6],[-153.8,57.6],[-153.9,57.6],[-153.9,57.7],[-153.8,57.7],[-153.7,57.6],[-153.6,57.6],[-153.7,57.7],[-153.8,57.7],[-153.9,57.7],[-153.9,57.8],[-153.8,57.9],[-153.7,57.9],[-153.6,57.9],[-153.6,57.8],[-153.6,57.7],[-153.5,57.7],[-153.5,57.6],[-153.5,57.7],[-153.4,57.7],[-153.5,57.7],[-153.5,57.8],[-153.4,57.8],[-153.4,57.7],[-153.3,57.7],[-153.3,57.8],[-153.4,57.8],[-153.5,57.8],[-153.4,57.8],[-153.3,57.8],[-153.2,57.8],[-153.2,57.7],[-153.2,57.8],[-153.2,57.9],[-153.1,57.9],[-153.1,57.8],[-153.0,57.8],[-153.1,57.8],[-153.1,57.9],[-153.2,57.9],[-153.2,58.0],[-153.3,58.0],[-153.2,58.0],[-153.1,58.0],[-153.1,57.9],[-153.0,57.9],[-153.0,58.0],[-152.9,57.9],[-152.8,57.9],[-152.9,57.9],[-152.9,57.8],[-152.9,57.7],[-152.9,57.8],[-152.8,57.8],[-152.8,57.9],[-152.8,57.8],[-152.7,57.8],[-152.7,57.9],[-152.6,57.9],[-152.5,57.9],[-152.4,57.9],[-152.4,57.8],[-152.3,57.8],[-152.4,57.8],[-152.5,57.8],[-152.5,57.7],[-152.6,57.7],[-152.5,57.7],[-152.4,57.7],[-152.4,57.6],[-152.3,57.6],[-152.2,57.6]]],[[[-132.0,54.8],[-131.9,54.8],[-132.0,54.8],[-132.0,54.7],[-132.1,54.7],[-132.2,54.7],[-132.3,54.7],[-132.3,54.8],[-132.2,54.8],[-132.3,54.8],[-132.4,54.8],[-132.3,54.8],[-132.3,54.9],[-132.4,54.9],[-132.3,54.9],[-132.4,54.9],[-132.4,55.0],[-132.4,54.9],[-132.5,54.9],[-132.4,55.0],[-132.5,55.0],[-132.5,54.9],[-132.6,54.9],[-132.6,55.0],[-132.5,55.0],[-132.6,55.0],[-132.6,55.1],[-132.5,55.1],[-132.5,55.0],[-132.5,55.1],[-132.6,55.1],[-132.6,55.2],[-132.6,55.3],[-132.7,55.2],[-132.6,55.2],[-132.6,55.1],[-132.7,55.1],[-132.7,55.2],[-132.8,55.2],[-132.8,55.3],[-132.9,55.2],[-133.0,55.2],[-132.9,55.3],[-133.0,55.3],[-133.1,55.3],[-133.2,55.3],[-133.3,55.3],[-133.2,55.3],[-133.2,55.4],[-133.1,55.4],[-133.0,55.4],[-132.9,55.4],[-132.8,55.4],[-132.9,55.4],[-133.0,55.4],[-133.1,55.4],[-133.0,55.4],[-133.0,55.5],[-133.1,55.5],[-133.1,55.6],[-133.0,55.6],[-132.9,55.6],[-133.0,55.6],[-133.1,55.6],[-133.2,55.6],[-133.3,55.6],[-133.4,55.6],[-133.4,55.7],[-133.3,55.7],[-133.4,55.7],[-133.3,55.7],[-133.3,55.8],[-133.3,55.7],[-133.2,55.7],[-133.2,55.8],[-133.1,55.8],[-133.1,55.9],[-133.2,55.9],[-133.3,55.9],[-133.3,56.0],[-133.2,56.0],[-133.3,56.1],[-133.3,56.2],[-133.4,56.2],[-133.5,56.2],[-133.6,56.2],[-133.6,56.3],[-133.6,56.4],[-133.4,56.3],[-133.3,56.3],[-133.2,56.3],[-133.1,56.3],[-133.1,56.2],[-133.0,56.2],[-133.1,56.1],[-133.0,56.1],[-133.0,56.0],[-133.0,56.1],[-132.9,56.1],[-132.9,56.0],[-132.8,56.0],[-132.7,56.0],[-132.7,55.9],[-132.6,55.9],[-132.5,55.8],[-132.5,55.7],[-132.4,55.7],[-132.5,55.7],[-132.4,55.7],[-132.4,55.6],[-132.4,55.7],[-132.3,55.6],[-132.3,55.5],[-132.2,55.5],[-132.1,55.5],[-132.2,55.4],[-132.2,55.5],[-132.3,55.5],[-132.4,55.5],[-132.4,55.6],[-132.5,55.6],[-132.6,55.6],[-132.5,55.6],[-132.6,55.6],[-132.5,55.6],[-132.5,55.5],[-132.6,55.5],[-132.7,55.5],[-132.7,55.4],[-132.6,55.4],[-132.7,55.4],[-132.6,55.4],[-132.6,55.5],[-132.5,55.5],[-132.4,55.5],[-132.3,55.5],[-132.3,55.4],[-132.4,55.4],[-132.5,55.4],[-132.4,55.4],[-132.3,55.4],[-132.2,55.4],[-132.2,55.3],[-132.1,55.3],[-132.1,55.2],[-132.2,55.2],[-132.2,55.3],[-132.2,55.2],[-132.3,55.2],[-132.2,55.2],[-132.1,55.2],[-132.1,55.3],[-132.0,55.3],[-132.0,55.2],[-132.0,55.1],[-132.1,55.1],[-132.1,55.0],[-132.2,55.0],[-132.1,55.0],[-132.0,55.0],[-132.0,54.9],[-132.0,54.8]]],[[[-135.8,57.4],[-135.9,57.4],[-135.9,57.5],[-136.0,57.5],[-135.9,57.5],[-135.8,57.5],[-135.8,57.4],[-135.8,57.5],[-136.0,57.6],[-136.1,57.6],[-136.0,57.6],[-136.1,57.6],[-136.1,57.7],[-136.2,57.7],[-136.2,57.8],[-136.3,57.8],[-136.4,57.8],[-136.4,57.9],[-136.3,57.9],[-136.4,57.9],[-136.4,58.0],[-136.3,58.0],[-136.2,57.9],[-136.1,57.9],[-136.0,57.8],[-136.1,57.9],[-136.2,58.0],[-136.3,58.0],[-136.4,58.1],[-136.3,58.1],[-136.3,58.2],[-136.4,58.2],[-136.3,58.2],[-136.2,58.2],[-136.2,58.1],[-136.1,58.1],[-136.2,58.1],[-136.2,58.2],[-136.1,58.2],[-136.0,58.2],[-135.9,58.2],[-135.8,58.3],[-135.7,58.2],[-135.6,58.2],[-135.5,58.2],[-135.6,58.2],[-135.5,58.2],[-135.5,58.1],[-135.6,58.1],[-135.6,58.0],[-135.7,58.1],[-135.8,58.0],[-135.7,58.0],[-135.6,58.0],[-135.7,58.0],[-135.8,58.0],[-135.7,58.0],[-135.7,57.9],[-135.6,58.0],[-135.5,58.1],[-135.4,58.1],[-135.5,58.1],[-135.4,58.1],[-135.3,58.1],[-135.2,58.1],[-135.1,58.1],[-135.0,58.1],[-134.9,58.0],[-134.9,57.9],[-135.0,57.9],[-134.9,57.9],[-134.9,57.8],[-134.9,57.9],[-135.0,57.9],[-135.1,57.9],[-135.2,57.9],[-135.1,57.9],[-135.0,57.9],[-135.0,57.8],[-134.9,57.8],[-135.0,57.8],[-135.2,57.8],[-135.3,57.8],[-135.4,57.9],[-135.5,57.9],[-135.7,57.9],[-135.8,58.0],[-135.9,58.0],[-135.8,58.0],[-135.8,57.9],[-135.6,57.9],[-135.5,57.9],[-135.5,57.8],[-135.4,57.8],[-135.3,57.8],[-135.4,57.7],[-135.3,57.7],[-135.2,57.7],[-135.1,57.7],[-135.1,57.8],[-135.0,57.8],[-135.0,57.7],[-135.0,57.8],[-134.9,57.8],[-134.9,57.7],[-134.9,57.6],[-134.8,57.6],[-134.8,57.5],[-134.9,57.5],[-134.8,57.5],[-134.9,57.5],[-135.0,57.5],[-135.1,57.5],[-135.2,57.5],[-135.3,57.6],[-135.5,57.6],[-135.6,57.7],[-135.8,57.8],[-135.8,57.7],[-135.7,57.7],[-135.8,57.7],[-135.8,57.6],[-135.7,57.7],[-135.7,57.6],[-135.6,57.6],[-135.7,57.6],[-135.6,57.6],[-135.6,57.5],[-135.5,57.5],[-135.6,57.5],[-135.6,57.4],[-135.7,57.4],[-135.6,57.4],[-135.7,57.4],[-135.8,57.4]]],[[[-166.3,53.7],[-166.4,53.7],[-166.4,53.6],[-166.5,53.6],[-166.6,53.6],[-166.5,53.6],[-166.6,53.6],[-166.6,53.5],[-166.6,53.6],[-166.7,53.6],[-166.6,53.6],[-166.6,53.5],[-166.7,53.5],[-166.8,53.5],[-166.8,53.6],[-166.8,53.5],[-166.7,53.5],[-166.8,53.5],[-166.8,53.4],[-166.8,53.5],[-166.8,53.4],[-166.9,53.5],[-166.9,53.4],[-166.9,53.5],[-167.0,53.5],[-167.0,53.4],[-167.0,53.5],[-167.1,53.4],[-167.2,53.4],[-167.3,53.4],[-167.3,53.3],[-167.4,53.3],[-167.5,53.3],[-167.6,53.3],[-167.7,53.2],[-167.7,53.3],[-167.8,53.3],[-167.9,53.3],[-167.7,53.4],[-167.6,53.4],[-167.5,53.4],[-167.4,53.4],[-167.3,53.4],[-167.3,53.5],[-167.2,53.5],[-167.1,53.5],[-167.0,53.5],[-167.1,53.5],[-167.1,53.6],[-167.2,53.6],[-167.1,53.6],[-167.0,53.6],[-167.1,53.6],[-167.0,53.6],[-167.1,53.6],[-167.0,53.6],[-167.0,53.7],[-167.1,53.7],[-167.0,53.7],[-166.9,53.7],[-166.9,53.6],[-166.8,53.7],[-166.8,53.6],[-166.8,53.7],[-166.7,53.7],[-166.8,53.7],[-166.7,53.7],[-166.8,53.7],[-166.9,53.8],[-167.0,53.8],[-167.1,53.8],[-167.2,53.8],[-167.2,53.9],[-167.1,53.9],[-167.0,53.9],[-167.0,54.0],[-166.9,54.0],[-166.8,54.0],[-166.7,54.0],[-166.8,54.0],[-166.7,54.0],[-166.6,54.0],[-166.6,53.9],[-166.6,53.8],[-166.5,53.9],[-166.4,53.9],[-166.4,54.0],[-166.3,53.9],[-166.3,54.0],[-166.3,53.9],[-166.2,53.9],[-166.3,53.9],[-166.4,53.9],[-166.4,53.8],[-166.5,53.8],[-166.6,53.7],[-166.5,53.7],[-166.6,53.7],[-166.5,53.7],[-166.4,53.8],[-166.4,53.7],[-166.4,53.8],[-166.3,53.8],[-166.3,53.7]]]]},"properties":{"country":"United States of America","iso3":"USA","entries":105,"_k":"0"}},{"type":"Feature","geometry":{"type":"MultiPolygon","coordinates":[[[[131.5,-31.6],[131.3,-31.5],[131.2,-31.5],[131.1,-31.5],[131.0,-31.6],[130.8,-31.6],[130.7,-31.6],[130.5,-31.6],[130.3,-31.6],[130.2,-31.6],[130.1,-31.6],[129.9,-31.6],[129.8,-31.6],[129.5,-31.6],[129.4,-31.6],[129.3,-31.7],[129.2,-31.7],[129.1,-31.7],[129.0,-31.7],[128.9,-31.7],[128.8,-31.8],[128.7,-31.8],[128.2,-32.0],[128.0,-32.1],[127.8,-32.1],[127.6,-32.2],[127.5,-32.2],[127.3,-32.3],[127.1,-32.3],[126.9,-32.3],[126.8,-32.3],[126.7,-32.3],[126.4,-32.3],[126.3,-32.3],[126.2,-32.2],[126.1,-32.2],[126.1,-32.3],[126.0,-32.3],[125.9,-32.3],[125.8,-32.4],[125.7,-32.5],[125.5,-32.5],[125.5,-32.6],[125.3,-32.6],[125.1,-32.7],[125.0,-32.7],[124.9,-32.8],[124.8,-32.9],[124.7,-32.9],[124.5,-32.9],[124.4,-33.0],[124.3,-33.0],[124.2,-33.0],[124.2,-33.1],[124.1,-33.1],[124.1,-33.2],[124.1,-33.3],[124.0,-33.3],[124.0,-33.4],[124.0,-33.5],[124.0,-33.6],[123.9,-33.6],[123.8,-33.7],[123.7,-33.7],[123.7,-33.8],[123.6,-33.8],[123.6,-33.9],[123.5,-33.9],[123.4,-33.9],[123.3,-33.9],[123.3,-34.0],[123.2,-34.0],[123.1,-34.0],[123.1,-33.9],[123.0,-33.9],[122.9,-33.9],[122.8,-33.9],[122.7,-33.9],[122.6,-33.9],[122.6,-34.0],[122.5,-33.9],[122.4,-33.9],[122.3,-33.9],[122.3,-34.0],[122.2,-34.0],[122.1,-34.0],[122.1,-33.9],[122.0,-33.9],[122.0,-33.8],[121.9,-33.8],[121.9,-33.9],[121.8,-33.9],[121.7,-33.9],[121.6,-33.9],[121.6,-33.8],[121.5,-33.8],[121.3,-33.8],[121.2,-33.8],[121.2,-33.9],[121.1,-33.9],[121.1,-33.8],[121.0,-33.9],[120.9,-33.9],[120.8,-33.9],[120.7,-33.9],[120.6,-33.9],[120.5,-33.9],[120.4,-34.0],[120.3,-33.9],[120.2,-33.9],[120.1,-34.0],[120.1,-33.9],[120.0,-33.9],[119.9,-34.0],[119.8,-34.0],[119.7,-34.0],[119.7,-34.1],[119.6,-34.1],[119.5,-34.2],[119.5,-34.3],[119.5,-34.4],[119.6,-34.4],[119.5,-34.4],[119.4,-34.4],[119.4,-34.5],[119.3,-34.5],[119.3,-34.4],[119.3,-34.5],[119.2,-34.5],[119.1,-34.5],[118.9,-34.4],[118.9,-34.5],[118.8,-34.5],[118.9,-34.5],[118.8,-34.5],[118.7,-34.5],[118.7,-34.6],[118.8,-34.6],[118.7,-34.6],[118.7,-34.7],[118.6,-34.7],[118.5,-34.7],[118.4,-34.7],[118.4,-34.8],[118.4,-34.9],[118.3,-34.9],[118.2,-34.9],[118.2,-35.0],[118.1,-35.0],[118.0,-35.0],[117.9,-35.0],[117.8,-35.0],[117.8,-35.1],[117.9,-35.1],[117.9,-35.0],[117.9,-35.1],[118.0,-35.1],[117.9,-35.1],[117.8,-35.1],[117.7,-35.1],[117.7,-35.0],[117.6,-35.1],[117.5,-35.1],[117.4,-35.0],[117.3,-35.0],[117.2,-35.0],[117.1,-35.1],[117.1,-35.0],[117.0,-35.0],[116.9,-35.0],[116.9,-35.1],[116.8,-35.0],[116.7,-35.0],[116.6,-35.0],[116.6,-35.1],[116.6,-35.0],[116.5,-35.0],[116.4,-35.0],[116.4,-34.9],[116.5,-34.9],[116.4,-34.9],[116.3,-34.9],[116.2,-34.9],[116.1,-34.8],[116.0,-34.8],[115.9,-34.8],[115.9,-34.7],[115.7,-34.5],[115.6,-34.4],[115.5,-34.4],[115.3,-34.3],[115.2,-34.3],[115.1,-34.3],[115.1,-34.4],[115.1,-34.3],[115.0,-34.3],[115.0,-34.2],[115.0,-34.1],[115.0,-33.9],[115.0,-33.8],[115.0,-33.7],[115.0,-33.6],[115.0,-33.5],[115.1,-33.6],[115.2,-33.6],[115.2,-33.7],[115.3,-33.7],[115.3,-33.6],[115.4,-33.6],[115.5,-33.5],[115.6,-33.4],[115.6,-33.3],[115.7,-33.3],[115.7,-33.2],[115.7,-33.3],[115.7,-33.1],[115.7,-33.0],[115.7,-32.9],[115.6,-32.8],[115.6,-32.7],[115.6,-32.6],[115.7,-32.5],[115.7,-32.6],[115.6,-32.6],[115.6,-32.7],[115.7,-32.7],[115.7,-32.8],[115.7,-32.7],[115.7,-32.6],[115.8,-32.6],[115.7,-32.6],[115.7,-32.5],[115.7,-32.4],[115.7,-32.3],[115.7,-32.2],[115.8,-32.2],[115.7,-32.1],[115.7,-31.9],[115.7,-31.8],[115.7,-31.7],[115.7,-31.6],[115.6,-31.5],[115.6,-31.4],[115.5,-31.3],[115.4,-31.1],[115.3,-31.0],[115.2,-30.9],[115.2,-30.8],[115.2,-30.7],[115.1,-30.6],[115.1,-30.5],[115.1,-30.4],[115.0,-30.4],[115.0,-30.3],[115.0,-30.2],[115.0,-30.1],[114.9,-30.1],[114.9,-30.0],[115.0,-29.9],[115.0,-29.8],[114.9,-29.8],[114.9,-29.7],[115.0,-29.6],[115.0,-29.5],[115.0,-29.4],[114.9,-29.4],[114.9,-29.3],[114.9,-29.2],[114.8,-29.1],[114.7,-28.9],[114.6,-28.9],[114.6,-28.8],[114.6,-28.7],[114.5,-28.5],[114.4,-28.4],[114.4,-28.3],[114.3,-28.2],[114.2,-28.2],[114.2,-28.1],[114.1,-28.1],[114.1,-28.0],[114.1,-27.9],[114.1,-27.8],[114.1,-27.7],[114.1,-27.4],[114.0,-27.3],[113.9,-27.2],[113.8,-26.9],[113.7,-26.8],[113.6,-26.7],[113.5,-26.6],[113.4,-26.5],[113.3,-26.4],[113.3,-26.3],[113.2,-26.2],[113.2,-26.1],[113.2,-26.2],[113.3,-26.2],[113.3,-26.1],[113.3,-26.0],[113.3,-26.1],[113.3,-26.2],[113.3,-26.3],[113.4,-26.4],[113.4,-26.3],[113.4,-26.2],[113.4,-26.1],[113.4,-26.0],[113.4,-26.1],[113.4,-26.2],[113.5,-26.2],[113.5,-26.3],[113.5,-26.4],[113.5,-26.5],[113.5,-26.4],[113.5,-26.3],[113.6,-26.3],[113.6,-26.4],[113.6,-26.5],[113.6,-26.6],[113.6,-26.5],[113.6,-26.4],[113.6,-26.5],[113.6,-26.6],[113.7,-26.6],[113.7,-26.7],[113.7,-26.6],[113.8,-26.6],[113.9,-26.5],[113.9,-26.4],[113.9,-26.3],[113.8,-26.3],[113.8,-26.2],[113.7,-26.2],[113.6,-26.1],[113.6,-26.0],[113.6,-25.9],[113.5,-25.9],[113.5,-25.8],[113.4,-25.8],[113.4,-25.7],[113.4,-25.6],[113.5,-25.6],[113.5,-25.5],[113.5,-25.6],[113.6,-25.6],[113.6,-25.7],[113.7,-25.7],[113.7,-25.8],[113.7,-25.9],[113.8,-25.9],[113.7,-25.9],[113.7,-26.0],[113.7,-26.1],[113.7,-26.2],[113.8,-26.2],[113.8,-26.1],[113.9,-26.1],[113.9,-26.0],[113.9,-25.9],[113.9,-26.0],[113.9,-26.1],[113.9,-26.2],[114.0,-26.3],[114.0,-26.4],[114.1,-26.4],[114.2,-26.4],[114.2,-26.3],[114.2,-26.2],[114.2,-26.1],[114.2,-26.0],[114.3,-26.0],[114.2,-26.0],[114.2,-25.9],[114.3,-25.9],[114.3,-25.8],[114.2,-25.8],[114.1,-25.8],[114.1,-25.7],[114.0,-25.6],[114.0,-25.5],[113.9,-25.4],[113.9,-25.3],[113.8,-25.2],[113.7,-25.1],[113.7,-25.0],[113.6,-25.0],[113.7,-25.0],[113.7,-24.9],[113.6,-24.9],[113.6,-24.8],[113.6,-24.7],[113.5,-24.6],[113.4,-24.5],[113.4,-24.4],[113.4,-24.2],[113.4,-24.1],[113.4,-24.0],[113.5,-24.0],[113.5,-23.9],[113.5,-23.8],[113.5,-23.7],[113.6,-23.7],[113.6,-23.6],[113.7,-23.6],[113.7,-23.5],[113.8,-23.5],[113.8,-23.4],[113.8,-23.3],[113.8,-23.2],[113.7,-23.2],[113.8,-23.1],[113.8,-22.9],[113.8,-22.8],[113.7,-22.7],[113.7,-22.6],[113.6,-22.6],[113.7,-22.6],[113.7,-22.5],[113.7,-22.4],[113.8,-22.4],[113.8,-22.3],[113.9,-22.1],[113.9,-22.0],[114.0,-21.9],[114.0,-21.8],[114.1,-21.8],[114.2,-21.8],[114.1,-21.9],[114.1,-22.1],[114.1,-22.2],[114.1,-22.3],[114.2,-22.3],[114.2,-22.4],[114.1,-22.4],[114.1,-22.5],[114.2,-22.5],[114.3,-22.5],[114.3,-22.4],[114.3,-22.5],[114.4,-22.5],[114.4,-22.4],[114.4,-22.3],[114.4,-22.2],[114.5,-22.2],[114.5,-22.1],[114.5,-22.0],[114.6,-22.0],[114.6,-21.9],[114.6,-21.8],[114.7,-21.8],[114.8,-21.8],[114.9,-21.7],[115.0,-21.7],[115.1,-21.7],[115.2,-21.6],[115.5,-21.5],[115.5,-21.4],[115.6,-21.3],[115.7,-21.3],[115.8,-21.2],[115.9,-21.2],[115.9,-21.1],[116.0,-21.0],[116.1,-21.0],[116.2,-21.0],[116.2,-20.9],[116.2,-20.8],[116.2,-20.9],[116.3,-20.9],[116.3,-20.8],[116.4,-20.8],[116.5,-20.8],[116.5,-20.7],[116.6,-20.7],[116.7,-20.7],[116.7,-20.6],[116.8,-20.6],[116.8,-20.5],[116.8,-20.6],[116.8,-20.7],[116.9,-20.7],[117.0,-20.7],[117.1,-20.6],[117.2,-20.6],[117.2,-20.7],[117.3,-20.7],[117.4,-20.7],[117.5,-20.7],[117.6,-20.7],[117.7,-20.7],[117.7,-20.6],[117.8,-20.6],[117.9,-20.6],[117.9,-20.5],[118.1,-20.4],[118.2,-20.4],[118.2,-20.3],[118.2,-20.4],[118.3,-20.4],[118.3,-20.3],[118.3,-20.4],[118.4,-20.4],[118.4,-20.3],[118.6,-20.3],[118.7,-20.3],[118.8,-20.3],[118.9,-20.2],[119.0,-20.1],[119.0,-20.0],[119.1,-20.0],[119.2,-20.0],[119.3,-20.0],[119.4,-20.0],[119.5,-20.0],[119.5,-20.1],[119.6,-20.1],[119.6,-20.0],[119.7,-20.0],[119.8,-20.0],[119.9,-19.9],[120.1,-19.9],[120.2,-19.9],[120.4,-19.9],[120.7,-19.8],[120.8,-19.7],[121.0,-19.6],[121.1,-19.5],[121.2,-19.5],[121.3,-19.4],[121.4,-19.2],[121.5,-19.1],[121.5,-19.0],[121.6,-19.0],[121.6,-18.9],[121.6,-18.8],[121.6,-18.7],[121.7,-18.7],[121.8,-18.7],[121.8,-18.6],[121.7,-18.6],[121.8,-18.6],[121.8,-18.5],[121.9,-18.5],[122.0,-18.4],[122.1,-18.3],[122.2,-18.3],[122.2,-18.2],[122.3,-18.2],[122.3,-18.1],[122.4,-18.1],[122.4,-18.0],[122.3,-18.0],[122.2,-18.0],[122.2,-17.9],[122.2,-17.8],[122.2,-17.7],[122.2,-17.6],[122.1,-17.6],[122.1,-17.5],[122.1,-17.3],[122.2,-17.3],[122.2,-17.2],[122.3,-17.2],[122.3,-17.1],[122.4,-17.0],[122.5,-17.0],[122.4,-17.0],[122.5,-17.0],[122.5,-16.9],[122.5,-17.0],[122.6,-17.0],[122.6,-16.9],[122.5,-16.9],[122.5,-16.8],[122.6,-16.8],[122.7,-16.8],[122.8,-16.8],[122.8,-16.7],[122.7,-16.7],[122.8,-16.6],[122.9,-16.5],[122.9,-16.4],[123.0,-16.4],[123.1,-16.5],[123.0,-16.5],[123.0,-16.6],[123.0,-16.7],[123.1,-16.7],[123.1,-16.8],[123.2,-16.8],[123.2,-16.9],[123.1,-16.9],[123.2,-16.9],[123.2,-17.0],[123.3,-17.0],[123.3,-17.1],[123.3,-17.2],[123.4,-17.2],[123.4,-17.3],[123.4,-17.4],[123.5,-17.4],[123.5,-17.5],[123.6,-17.5],[123.6,-17.6],[123.6,-17.5],[123.6,-17.4],[123.6,-17.3],[123.6,-17.2],[123.6,-17.1],[123.6,-17.0],[123.7,-17.0],[123.7,-17.1],[123.7,-17.0],[123.7,-17.1],[123.8,-17.1],[123.8,-17.2],[123.9,-17.2],[123.8,-17.1],[123.8,-17.0],[123.9,-17.0],[123.8,-17.0],[123.8,-16.9],[123.9,-16.9],[124.0,-16.8],[123.9,-16.8],[123.9,-16.9],[123.8,-16.9],[123.7,-16.8],[123.7,-16.7],[123.6,-16.7],[123.5,-16.7],[123.5,-16.6],[123.6,-16.6],[123.6,-16.5],[123.5,-16.5],[123.5,-16.6],[123.5,-16.5],[123.4,-16.5],[123.5,-16.5],[123.6,-16.5],[123.7,-16.5],[123.5,-16.4],[123.6,-16.4],[123.7,-16.4],[123.6,-16.4],[123.7,-16.4],[123.7,-16.3],[123.6,-16.3],[123.5,-16.3],[123.6,-16.3],[123.6,-16.2],[123.7,-16.1],[123.7,-16.2],[123.7,-16.1],[123.7,-16.2],[123.8,-16.2],[123.8,-16.3],[123.7,-16.3],[123.8,-16.3],[123.9,-16.3],[123.9,-16.4],[123.8,-16.4],[123.9,-16.4],[123.9,-16.3],[123.9,-16.4],[124.0,-16.4],[124.0,-16.3],[123.9,-16.3],[123.9,-16.2],[124.0,-16.2],[124.0,-16.3],[124.1,-16.3],[124.2,-16.3],[124.2,-16.4],[124.3,-16.4],[124.4,-16.4],[124.5,-16.4],[124.6,-16.4],[124.7,-16.4],[124.8,-16.4],[124.9,-16.4],[124.8,-16.4],[124.7,-16.3],[124.6,-16.3],[124.5,-16.3],[124.4,-16.3],[124.4,-16.2],[124.4,-16.1],[124.5,-16.1],[124.5,-16.2],[124.5,-16.1],[124.6,-16.1],[124.6,-16.0],[124.6,-15.9],[124.7,-15.9],[124.7,-15.8],[124.6,-15.8],[124.6,-15.9],[124.5,-16.0],[124.5,-15.9],[124.5,-15.8],[124.4,-15.8],[124.4,-15.9],[124.4,-15.8],[124.4,-15.7],[124.4,-15.6],[124.4,-15.7],[124.4,-15.6],[124.4,-15.5],[124.5,-15.5],[124.6,-15.5],[124.6,-15.4],[124.6,-15.5],[124.7,-15.5],[124.7,-15.4],[124.7,-15.3],[124.7,-15.4],[124.7,-15.3],[124.8,-15.3],[124.7,-15.3],[124.8,-15.3],[124.8,-15.4],[124.9,-15.3],[124.9,-15.4],[125.0,-15.4],[125.0,-15.5],[125.1,-15.5],[125.1,-15.4],[125.1,-15.5],[125.2,-15.5],[125.1,-15.5],[125.1,-15.4],[125.1,-15.3],[125.0,-15.3],[124.9,-15.3],[124.9,-15.2],[125.0,-15.2],[125.1,-15.2],[125.0,-15.2],[125.0,-15.1],[125.0,-15.2],[124.9,-15.2],[124.9,-15.3],[124.9,-15.2],[124.8,-15.2],[124.8,-15.1],[124.9,-15.1],[125.0,-15.1],[125.0,-15.0],[125.1,-15.0],[125.1,-15.1],[125.1,-15.0],[125.1,-15.1],[125.2,-15.2],[125.2,-15.1],[125.1,-15.0],[125.2,-15.0],[125.2,-15.1],[125.3,-15.1],[125.3,-15.2],[125.3,-15.1],[125.4,-15.1],[125.4,-15.0],[125.3,-15.0],[125.2,-15.0],[125.2,-14.9],[125.2,-15.0],[125.2,-14.9],[125.3,-14.9],[125.2,-14.9],[125.2,-14.8],[125.1,-14.8],[125.1,-14.7],[125.2,-14.7],[125.3,-14.7],[125.3,-14.6],[125.2,-14.6],[125.3,-14.6],[125.3,-14.5],[125.4,-14.5],[125.4,-14.6],[125.3,-14.6],[125.4,-14.6],[125.4,-14.5],[125.4,-14.6],[125.5,-14.6],[125.5,-14.5],[125.6,-14.5],[125.5,-14.5],[125.5,-14.6],[125.6,-14.6],[125.6,-14.5],[125.6,-14.4],[125.6,-14.3],[125.6,-14.2],[125.6,-14.3],[125.7,-14.3],[125.7,-14.4],[125.7,-14.5],[125.6,-14.6],[125.7,-14.6],[125.7,-14.5],[125.7,-14.4],[125.7,-14.5],[125.8,-14.5],[125.8,-14.4],[125.8,-14.5],[125.8,-14.4],[125.8,-14.5],[125.8,-14.6],[125.9,-14.6],[125.9,-14.5],[126.0,-14.5],[126.0,-14.4],[126.1,-14.4],[126.1,-14.3],[126.1,-14.2],[126.1,-14.1],[126.2,-14.1],[126.1,-14.1],[126.0,-14.1],[126.0,-14.0],[126.1,-14.0],[126.0,-13.9],[126.1,-13.9],[126.2,-13.9],[126.1,-13.9],[126.1,-14.0],[126.2,-14.0],[126.1,-14.0],[126.2,-14.0],[126.2,-14.1],[126.2,-14.2],[126.3,-14.2],[126.3,-14.1],[126.3,-14.0],[126.4,-14.0],[126.5,-14.0],[126.5,-13.9],[126.6,-13.9],[126.5,-14.0],[126.5,-14.1],[126.6,-14.1],[126.6,-14.2],[126.7,-14.1],[126.6,-14.1],[126.7,-14.1],[126.6,-14.1],[126.7,-14.1],[126.7,-14.0],[126.8,-14.0],[126.8,-13.9],[126.9,-13.9],[126.8,-13.9],[126.8,-13.8],[126.7,-13.8],[126.8,-13.8],[126.9,-13.8],[126.8,-13.8],[126.9,-13.7],[126.9,-13.8],[126.9,-13.7],[127.0,-13.7],[127.0,-13.8],[127.1,-13.8],[127.0,-13.8],[127.1,-13.8],[127.1,-13.9],[127.1,-14.0],[127.2,-13.9],[127.3,-13.9],[127.3,-14.0],[127.3,-13.9],[127.4,-13.9],[127.4,-14.0],[127.4,-13.9],[127.4,-14.0],[127.5,-14.0],[127.4,-14.0],[127.5,-14.1],[127.6,-14.1],[127.7,-14.2],[127.8,-14.3],[127.8,-14.4],[127.9,-14.4],[127.9,-14.5],[128.0,-14.5],[127.9,-14.5],[127.9,-14.6],[128.0,-14.6],[128.1,-14.6],[128.2,-14.7],[128.2,-14.8],[128.1,-14.8],[128.1,-14.9],[128.1,-15.0],[128.1,-15.1],[128.1,-15.2],[128.1,-15.3],[128.0,-15.3],[128.1,-15.4],[128.0,-15.5],[128.1,-15.5],[128.1,-15.4],[128.1,-15.3],[128.1,-15.2],[128.2,-15.2],[128.2,-15.3],[128.3,-15.3],[128.3,-15.4],[128.3,-15.3],[128.2,-15.2],[128.2,-15.1],[128.2,-15.0],[128.3,-15.0],[128.3,-14.9],[128.3,-15.0],[128.4,-15.0],[128.5,-15.0],[128.4,-15.0],[128.4,-14.9],[128.4,-14.8],[128.5,-14.8],[128.6,-14.8],[128.7,-14.8],[128.8,-14.8],[128.9,-14.8],[129.0,-14.9],[129.1,-14.9],[129.2,-15.0],[129.2,-15.1],[129.2,-15.2],[129.2,-15.1],[129.3,-15.1],[129.3,-15.0],[129.2,-15.0],[129.2,-14.9],[129.2,-14.8],[129.3,-14.9],[129.4,-14.9],[129.5,-14.9],[129.5,-15.0],[129.6,-15.0],[129.6,-15.1],[129.6,-15.2],[129.6,-15.1],[129.7,-15.1],[129.7,-15.2],[129.7,-15.1],[129.6,-15.0],[129.6,-14.9],[129.6,-14.8],[129.7,-14.8],[129.7,-14.9],[129.8,-14.9],[129.8,-14.8],[129.9,-14.8],[130.0,-14.8],[130.0,-14.7],[130.0,-14.8],[129.9,-14.8],[129.8,-14.8],[129.7,-14.8],[129.7,-14.7],[129.6,-14.7],[129.6,-14.6],[129.7,-14.6],[129.8,-14.5],[129.7,-14.5],[129.7,-14.6],[129.6,-14.6],[129.5,-14.5],[129.4,-14.5],[129.4,-14.4],[129.4,-14.3],[129.4,-14.2],[129.5,-14.2],[129.5,-14.1],[129.5,-14.0],[129.5,-14.1],[129.6,-14.1],[129.6,-14.0],[129.7,-14.0],[129.7,-13.9],[129.7,-13.8],[129.8,-13.8],[129.8,-13.7],[129.8,-13.8],[129.8,-13.7],[129.8,-13.6],[129.8,-13.5],[129.9,-13.5],[129.9,-13.4],[129.9,-13.5],[130.0,-13.5],[130.1,-13.5],[130.1,-13.4],[130.1,-13.5],[130.2,-13.4],[130.2,-13.3],[130.3,-13.3],[130.2,-13.3],[130.2,-13.2],[130.1,-13.2],[130.1,-13.0],[130.1,-12.9],[130.2,-12.9],[130.3,-12.9],[130.4,-12.8],[130.4,-12.7],[130.3,-12.7],[130.4,-12.7],[130.4,-12.6],[130.5,-12.6],[130.5,-12.7],[130.5,-12.6],[130.6,-12.7],[130.7,-12.7],[130.6,-12.7],[130.6,-12.6],[130.6,-12.5],[130.6,-12.4],[130.7,-12.4],[130.8,-12.4],[130.8,-12.5],[130.8,-12.6],[130.8,-12.5],[130.8,-12.6],[130.9,-12.6],[131.0,-12.6],[130.9,-12.6],[130.9,-12.5],[131.0,-12.5],[130.9,-12.5],[130.9,-12.4],[130.9,-12.5],[130.8,-12.5],[130.8,-12.4],[130.9,-12.4],[130.8,-12.4],[130.9,-12.4],[130.9,-12.3],[131.0,-12.4],[131.1,-12.4],[131.0,-12.3],[131.0,-12.2],[131.0,-12.1],[131.1,-12.2],[131.1,-12.1],[131.1,-12.2],[131.2,-12.2],[131.3,-12.2],[131.2,-12.2],[131.3,-12.2],[131.3,-12.1],[131.3,-12.0],[131.3,-12.1],[131.3,-12.2],[131.4,-12.2],[131.4,-12.3],[131.5,-12.3],[131.6,-12.3],[131.7,-12.3],[131.8,-12.3],[131.8,-12.2],[131.9,-12.2],[131.9,-12.3],[132.0,-12.3],[132.1,-12.3],[132.2,-12.2],[132.3,-12.2],[132.4,-12.2],[132.4,-12.3],[132.4,-12.4],[132.4,-12.3],[132.4,-12.2],[132.5,-12.1],[132.6,-12.1],[132.7,-12.1],[132.8,-12.1],[132.7,-12.1],[132.6,-12.1],[132.6,-12.0],[132.7,-11.9],[132.7,-11.8],[132.6,-11.8],[132.6,-11.7],[132.7,-11.7],[132.6,-11.6],[132.6,-11.5],[132.5,-11.5],[132.4,-11.4],[132.3,-11.4],[132.3,-11.5],[132.2,-11.5],[132.1,-11.5],[132.0,-11.5],[132.0,-11.4],[132.1,-11.4],[132.0,-11.4],[131.9,-11.4],[132.0,-11.4],[132.0,-11.3],[131.9,-11.4],[131.9,-11.3],[131.8,-11.3],[131.8,-11.2],[131.9,-11.2],[131.9,-11.3],[131.9,-11.2],[132.0,-11.2],[132.0,-11.1],[132.0,-11.2],[132.1,-11.2],[132.1,-11.3],[132.2,-11.3],[132.2,-11.4],[132.2,-11.3],[132.2,-11.4],[132.2,-11.3],[132.2,-11.2],[132.1,-11.2],[132.1,-11.1],[132.2,-11.1],[132.2,-11.2],[132.3,-11.2],[132.3,-11.3],[132.3,-11.2],[132.3,-11.1],[132.4,-11.2],[132.4,-11.3],[132.4,-11.2],[132.5,-11.2],[132.5,-11.3],[132.6,-11.3],[132.6,-11.4],[132.7,-11.5],[132.8,-11.5],[132.8,-11.4],[132.9,-11.4],[132.9,-11.3],[132.9,-11.4],[133.0,-11.4],[133.0,-11.5],[133.1,-11.5],[133.1,-11.6],[133.1,-11.7],[133.2,-11.7],[133.3,-11.7],[133.4,-11.7],[133.3,-11.7],[133.3,-11.8],[133.4,-11.8],[133.4,-11.7],[133.4,-11.8],[133.5,-11.8],[133.5,-11.7],[133.5,-11.8],[133.5,-11.9],[133.6,-11.8],[133.7,-11.8],[133.8,-11.8],[133.8,-11.7],[133.9,-11.7],[133.9,-11.8],[133.8,-11.8],[133.8,-11.9],[133.9,-11.9],[134.0,-11.9],[134.0,-11.8],[134.1,-11.8],[134.1,-11.9],[134.2,-11.9],[134.2,-12.0],[134.2,-12.1],[134.2,-12.0],[134.3,-12.0],[134.4,-12.0],[134.4,-12.1],[134.5,-12.1],[134.6,-12.1],[134.6,-12.0],[134.7,-12.0],[134.7,-11.9],[134.8,-11.9],[134.8,-12.0],[134.8,-12.1],[134.9,-12.1],[135.0,-12.1],[135.0,-12.2],[135.1,-12.3],[135.1,-12.2],[135.2,-12.3],[135.2,-12.2],[135.3,-12.2],[135.3,-12.3],[135.3,-12.2],[135.2,-12.2],[135.3,-12.2],[135.3,-12.1],[135.4,-12.1],[135.5,-12.1],[135.6,-12.1],[135.7,-12.1],[135.7,-12.0],[135.6,-12.0],[135.6,-12.1],[135.6,-12.0],[135.7,-12.0],[135.7,-11.9],[135.8,-11.9],[135.9,-11.9],[135.9,-11.8],[135.8,-11.9],[135.8,-12.0],[135.7,-12.0],[135.8,-12.0],[135.9,-12.0],[135.8,-12.0],[135.8,-12.1],[135.7,-12.1],[135.7,-12.2],[135.7,-12.3],[135.8,-12.3],[135.8,-12.2],[135.9,-12.2],[135.9,-12.1],[135.9,-12.2],[135.9,-12.1],[136.0,-12.1],[136.1,-12.1],[136.0,-12.1],[136.0,-12.2],[135.9,-12.2],[136.0,-12.2],[136.0,-12.3],[136.0,-12.2],[136.1,-12.2],[136.1,-12.3],[136.0,-12.3],[136.0,-12.4],[136.0,-12.5],[136.1,-12.5],[136.1,-12.4],[136.2,-12.4],[136.2,-12.5],[136.3,-12.4],[136.3,-12.3],[136.4,-12.3],[136.4,-12.2],[136.3,-12.2],[136.2,-12.2],[136.2,-12.1],[136.3,-12.1],[136.3,-12.0],[136.3,-12.1],[136.4,-12.0],[136.5,-11.9],[136.5,-12.0],[136.5,-11.9],[136.6,-11.9],[136.5,-11.9],[136.5,-12.0],[136.6,-12.1],[136.6,-12.2],[136.7,-12.3],[136.8,-12.2],[136.7,-12.2],[136.8,-12.2],[136.9,-12.2],[136.9,-12.3],[136.9,-12.4],[137.0,-12.3],[137.0,-12.4],[136.9,-12.4],[136.8,-12.5],[136.8,-12.4],[136.8,-12.5],[136.7,-12.5],[136.8,-12.6],[136.7,-12.6],[136.7,-12.7],[136.6,-12.7],[136.6,-12.8],[136.6,-12.7],[136.5,-12.7],[136.5,-12.8],[136.5,-12.9],[136.6,-12.9],[136.6,-13.0],[136.7,-13.0],[136.6,-13.0],[136.5,-13.0],[136.5,-13.1],[136.6,-13.1],[136.5,-13.1],[136.5,-13.2],[136.5,-13.1],[136.5,-13.2],[136.5,-13.3],[136.5,-13.2],[136.4,-13.2],[136.4,-13.3],[136.3,-13.3],[136.3,-13.2],[136.4,-13.2],[136.4,-13.3],[136.4,-13.2],[136.4,-13.1],[136.3,-13.0],[136.3,-13.1],[136.3,-13.2],[136.3,-13.1],[136.2,-13.1],[136.2,-13.2],[136.2,-13.3],[136.1,-13.2],[136.2,-13.2],[136.2,-13.1],[136.1,-13.1],[136.1,-13.2],[136.1,-13.3],[136.0,-13.3],[136.0,-13.2],[136.0,-13.3],[135.9,-13.3],[135.9,-13.4],[136.0,-13.4],[135.9,-13.4],[135.9,-13.5],[135.9,-13.4],[135.9,-13.5],[135.9,-13.6],[135.8,-13.6],[135.9,-13.6],[135.9,-13.7],[135.9,-13.8],[136.0,-13.7],[136.0,-13.6],[136.1,-13.6],[136.1,-13.7],[136.0,-13.7],[136.0,-13.8],[136.0,-13.9],[135.9,-14.0],[135.9,-14.1],[135.9,-14.2],[135.8,-14.2],[135.8,-14.3],[135.7,-14.3],[135.7,-14.4],[135.6,-14.4],[135.6,-14.5],[135.5,-14.6],[135.5,-14.7],[135.4,-14.7],[135.4,-14.8],[135.4,-14.9],[135.5,-14.9],[135.6,-15.0],[135.7,-15.0],[135.7,-15.1],[135.8,-15.1],[135.9,-15.2],[136.0,-15.3],[136.1,-15.3],[136.1,-15.4],[136.2,-15.4],[136.3,-15.5],[136.3,-15.6],[136.4,-15.6],[136.5,-15.7],[136.6,-15.7],[136.6,-15.8],[136.7,-15.8],[136.7,-15.9],[136.8,-15.9],[136.9,-15.9],[137.0,-15.9],[137.1,-15.9],[137.1,-16.0],[137.2,-16.0],[137.3,-16.0],[137.3,-16.1],[137.4,-16.1],[137.4,-16.2],[137.4,-16.1],[137.5,-16.1],[137.5,-16.2],[137.6,-16.2],[137.7,-16.2],[137.7,-16.3],[137.8,-16.3],[137.8,-16.4],[137.9,-16.4],[137.9,-16.5],[138.0,-16.5],[138.1,-16.6],[138.2,-16.7],[138.3,-16.7],[138.4,-16.7],[138.4,-16.8],[138.5,-16.8],[138.6,-16.8],[138.7,-16.8],[138.8,-16.8],[138.8,-16.9],[138.9,-16.9],[139.0,-16.9],[139.1,-17.0],[139.2,-17.0],[139.1,-17.1],[139.2,-17.2],[139.2,-17.3],[139.3,-17.3],[139.3,-17.4],[139.4,-17.4],[139.5,-17.4],[139.6,-17.5],[139.7,-17.5],[139.8,-17.6],[139.9,-17.6],[140.0,-17.7],[140.1,-17.7],[140.2,-17.7],[140.4,-17.7],[140.4,-17.6],[140.5,-17.6],[140.6,-17.6],[140.7,-17.5],[140.8,-17.5],[140.8,-17.4],[140.9,-17.4],[140.9,-17.3],[140.9,-17.2],[140.9,-17.1],[141.0,-17.1],[140.9,-17.0],[141.0,-17.0],[141.1,-16.9],[141.1,-16.8],[141.2,-16.7],[141.2,-16.6],[141.3,-16.6],[141.3,-16.5],[141.3,-16.4],[141.3,-16.3],[141.3,-16.2],[141.4,-16.2],[141.4,-16.1],[141.4,-16.0],[141.4,-15.9],[141.4,-15.6],[141.5,-15.5],[141.6,-15.3],[141.6,-15.2],[141.6,-15.1],[141.7,-15.1],[141.7,-15.0],[141.6,-15.0],[141.6,-14.9],[141.5,-14.6],[141.5,-14.5],[141.5,-14.4],[141.6,-14.2],[141.6,-14.1],[141.6,-14.0],[141.5,-14.0],[141.5,-13.9],[141.5,-13.8],[141.5,-13.6],[141.6,-13.5],[141.6,-13.4],[141.6,-13.3],[141.6,-13.4],[141.7,-13.4],[141.7,-13.3],[141.7,-13.2],[141.6,-13.2],[141.6,-13.1],[141.6,-13.0],[141.6,-12.9],[141.7,-12.9],[141.7,-12.8],[141.8,-12.8],[141.8,-12.7],[141.9,-12.7],[141.9,-12.8],[141.9,-12.9],[141.9,-12.8],[142.0,-12.7],[141.9,-12.7],[141.8,-12.7],[141.8,-12.6],[141.9,-12.6],[142.0,-12.6],[141.9,-12.6],[141.8,-12.6],[141.8,-12.5],[141.7,-12.5],[141.8,-12.5],[141.7,-12.5],[141.7,-12.4],[141.7,-12.5],[141.6,-12.6],[141.6,-12.5],[141.7,-12.3],[141.7,-12.2],[141.8,-12.2],[141.8,-12.1],[141.8,-12.0],[141.9,-12.0],[141.9,-12.1],[142.0,-12.0],[142.0,-12.1],[142.0,-12.0],[141.9,-11.9],[142.0,-11.8],[142.0,-11.7],[142.1,-11.3],[142.1,-11.2],[142.2,-11.2],[142.2,-11.1],[142.1,-11.0],[142.2,-11.0],[142.2,-10.9],[142.3,-10.9],[142.4,-10.9],[142.4,-10.8],[142.4,-10.7],[142.5,-10.7],[142.6,-10.7],[142.5,-10.7],[142.6,-10.7],[142.6,-10.8],[142.5,-10.8],[142.5,-10.9],[142.6,-10.9],[142.7,-10.9],[142.7,-11.0],[142.8,-11.0],[142.8,-11.1],[142.8,-11.2],[142.8,-11.3],[142.9,-11.3],[142.9,-11.4],[142.8,-11.5],[142.8,-11.6],[142.9,-11.6],[142.9,-11.7],[142.9,-11.8],[142.9,-11.9],[143.0,-11.9],[143.1,-11.9],[143.2,-12.0],[143.1,-12.1],[143.1,-12.2],[143.1,-12.3],[143.2,-12.3],[143.2,-12.4],[143.3,-12.4],[143.3,-12.5],[143.3,-12.6],[143.4,-12.6],[143.4,-12.7],[143.4,-12.8],[143.4,-12.9],[143.5,-12.9],[143.5,-12.8],[143.5,-12.9],[143.5,-13.0],[143.5,-13.1],[143.5,-13.2],[143.5,-13.3],[143.6,-13.4],[143.6,-13.5],[143.6,-13.6],[143.5,-13.7],[143.5,-13.8],[143.6,-13.8],[143.6,-13.9],[143.6,-14.0],[143.7,-14.0],[143.7,-14.1],[143.7,-14.2],[143.7,-14.3],[143.8,-14.4],[143.8,-14.5],[143.9,-14.5],[144.0,-14.5],[144.1,-14.5],[144.1,-14.4],[144.2,-14.4],[144.2,-14.3],[144.3,-14.3],[144.4,-14.3],[144.4,-14.2],[144.5,-14.2],[144.6,-14.3],[144.6,-14.4],[144.6,-14.3],[144.6,-14.4],[144.6,-14.5],[144.7,-14.5],[144.7,-14.6],[144.8,-14.6],[144.9,-14.6],[144.9,-14.7],[145.0,-14.7],[145.0,-14.8],[145.1,-14.8],[145.2,-14.8],[145.2,-14.9],[145.3,-14.9],[145.3,-15.0],[145.3,-15.1],[145.2,-15.1],[145.2,-15.2],[145.3,-15.2],[145.3,-15.3],[145.3,-15.2],[145.3,-15.3],[145.3,-15.4],[145.2,-15.4],[145.3,-15.4],[145.3,-15.5],[145.3,-15.6],[145.4,-15.7],[145.4,-15.8],[145.4,-15.9],[145.4,-16.0],[145.5,-16.0],[145.5,-16.1],[145.4,-16.2],[145.5,-16.2],[145.5,-16.3],[145.4,-16.3],[145.4,-16.4],[145.4,-16.5],[145.5,-16.5],[145.5,-16.6],[145.6,-16.6],[145.6,-16.7],[145.7,-16.7],[145.7,-16.8],[145.8,-16.9],[145.7,-16.9],[145.8,-16.9],[145.8,-17.0],[145.8,-16.9],[145.9,-16.9],[146.0,-16.9],[145.9,-16.9],[145.9,-17.0],[145.9,-17.1],[146.0,-17.2],[146.0,-17.3],[146.0,-17.4],[146.1,-17.4],[146.1,-17.5],[146.1,-17.6],[146.1,-17.7],[146.1,-17.8],[146.1,-17.9],[146.1,-18.0],[146.0,-18.1],[146.0,-18.2],[146.0,-18.3],[146.1,-18.3],[146.1,-18.4],[146.2,-18.4],[146.2,-18.5],[146.3,-18.5],[146.3,-18.6],[146.3,-18.7],[146.3,-18.8],[146.3,-18.9],[146.3,-19.0],[146.4,-19.0],[146.4,-19.1],[146.5,-19.1],[146.6,-19.1],[146.7,-19.2],[146.8,-19.2],[146.8,-19.3],[146.9,-19.3],[147.0,-19.3],[147.0,-19.2],[147.1,-19.2],[147.1,-19.3],[147.1,-19.4],[147.2,-19.4],[147.3,-19.4],[147.4,-19.4],[147.5,-19.4],[147.4,-19.4],[147.4,-19.3],[147.5,-19.5],[147.6,-19.5],[147.6,-19.6],[147.6,-19.7],[147.6,-19.8],[147.7,-19.8],[147.8,-19.8],[147.8,-19.7],[147.9,-19.8],[147.9,-19.9],[148.0,-19.9],[148.1,-19.9],[148.2,-19.9],[148.3,-20.0],[148.3,-20.1],[148.4,-20.2],[148.5,-20.2],[148.4,-20.2],[148.5,-20.1],[148.4,-20.1],[148.5,-20.1],[148.6,-20.1],[148.6,-20.2],[148.7,-20.2],[148.7,-20.3],[148.8,-20.3],[148.8,-20.2],[148.8,-20.3],[148.8,-20.4],[148.9,-20.4],[148.9,-20.5],[148.8,-20.5],[148.8,-20.4],[148.8,-20.5],[148.7,-20.5],[148.7,-20.4],[148.7,-20.5],[148.7,-20.6],[148.7,-20.7],[148.8,-20.7],[148.8,-20.8],[148.9,-20.8],[148.8,-20.8],[148.8,-20.9],[148.9,-20.9],[148.9,-20.8],[148.9,-20.9],[149.0,-20.9],[149.1,-20.9],[149.0,-20.9],[149.0,-21.0],[149.1,-21.0],[149.2,-21.0],[149.2,-21.1],[149.2,-21.2],[149.2,-21.3],[149.3,-21.3],[149.3,-21.4],[149.3,-21.5],[149.4,-21.5],[149.4,-21.6],[149.5,-21.6],[149.5,-21.5],[149.5,-21.6],[149.4,-21.6],[149.4,-21.7],[149.5,-21.7],[149.4,-21.8],[149.5,-21.8],[149.5,-21.9],[149.5,-22.0],[149.5,-22.1],[149.6,-22.2],[149.6,-22.3],[149.7,-22.3],[149.7,-22.4],[149.7,-22.3],[149.7,-22.4],[149.7,-22.5],[149.8,-22.4],[149.9,-22.4],[149.9,-22.5],[150.0,-22.5],[150.0,-22.6],[150.0,-22.4],[149.9,-22.4],[149.9,-22.3],[150.0,-22.3],[149.9,-22.3],[150.0,-22.2],[150.1,-22.1],[150.1,-22.2],[150.1,-22.3],[150.2,-22.3],[150.2,-22.4],[150.3,-22.4],[150.4,-22.5],[150.5,-22.5],[150.6,-22.6],[150.6,-22.5],[150.5,-22.5],[150.5,-22.4],[150.6,-22.3],[150.6,-22.4],[150.7,-22.4],[150.7,-22.5],[150.8,-22.5],[150.7,-22.5],[150.7,-22.6],[150.8,-22.6],[150.8,-22.5],[150.8,-22.6],[150.8,-22.7],[150.8,-22.8],[150.8,-22.9],[150.7,-22.9],[150.8,-23.0],[150.8,-23.1],[150.8,-23.2],[150.8,-23.3],[150.8,-23.4],[150.9,-23.5],[150.8,-23.5],[150.9,-23.5],[150.9,-23.6],[150.9,-23.5],[151.0,-23.5],[151.0,-23.6],[151.1,-23.6],[151.1,-23.7],[151.2,-23.7],[151.2,-23.8],[151.3,-23.8],[151.3,-23.9],[151.4,-23.9],[151.4,-24.0],[151.5,-24.0],[151.5,-24.1],[151.6,-24.1],[151.6,-24.0],[151.6,-24.1],[151.7,-24.1],[151.7,-24.0],[151.6,-24.0],[151.7,-24.0],[151.7,-24.1],[151.7,-24.0],[151.8,-24.0],[151.8,-24.1],[151.8,-24.2],[151.9,-24.2],[151.9,-24.1],[151.9,-24.2],[152.0,-24.4],[152.1,-24.5],[152.1,-24.6],[152.2,-24.6],[152.3,-24.7],[152.4,-24.7],[152.4,-24.8],[152.5,-24.8],[152.5,-24.9],[152.5,-25.0],[152.6,-25.1],[152.6,-25.2],[152.7,-25.2],[152.7,-25.3],[152.8,-25.3],[152.8,-25.2],[152.8,-25.3],[152.9,-25.3],[152.9,-25.4],[152.9,-25.5],[152.9,-25.4],[153.0,-25.4],[153.0,-25.5],[152.9,-25.5],[153.0,-25.5],[152.9,-25.5],[152.9,-25.6],[152.9,-25.7],[152.9,-25.8],[153.0,-25.8],[153.0,-25.9],[153.0,-26.0],[153.1,-25.9],[153.1,-25.8],[153.1,-25.9],[153.2,-25.9],[153.2,-26.0],[153.1,-26.0],[153.1,-26.1],[153.1,-26.2],[153.1,-26.3],[153.1,-26.4],[153.1,-26.5],[153.1,-26.6],[153.1,-26.7],[153.2,-26.7],[153.1,-26.7],[153.1,-26.8],[153.2,-26.8],[153.1,-26.8],[153.1,-26.9],[153.2,-26.9],[153.2,-27.0],[153.2,-27.1],[153.1,-27.1],[153.0,-27.2],[153.1,-27.2],[153.1,-27.3],[153.2,-27.4],[153.2,-27.5],[153.3,-27.5],[153.3,-27.6],[153.3,-27.7],[153.4,-27.7],[153.4,-27.8],[153.4,-27.9],[153.4,-28.0],[153.4,-27.9],[153.4,-28.0],[153.4,-28.1],[153.5,-28.1],[153.5,-28.2],[153.6,-28.2],[153.6,-28.3],[153.6,-28.5],[153.6,-28.6],[153.6,-28.7],[153.6,-28.8],[153.6,-28.9],[153.5,-28.9],[153.5,-29.0],[153.4,-29.1],[153.4,-29.2],[153.4,-29.3],[153.3,-29.3],[153.3,-29.4],[153.4,-29.4],[153.4,-29.5],[153.3,-29.5],[153.3,-29.6],[153.3,-29.7],[153.3,-29.8],[153.3,-29.9],[153.2,-30.0],[153.2,-30.1],[153.2,-30.2],[153.1,-30.3],[153.1,-30.4],[153.1,-30.5],[153.0,-30.5],[153.0,-30.6],[153.0,-30.7],[153.0,-30.8],[153.0,-30.9],[153.1,-30.9],[153.1,-31.0],[153.0,-31.0],[153.1,-31.1],[153.0,-31.1],[153.0,-31.2],[153.0,-31.3],[152.9,-31.4],[152.9,-31.5],[152.8,-31.6],[152.8,-31.7],[152.8,-31.8],[152.7,-31.8],[152.7,-31.9],[152.6,-31.9],[152.5,-32.0],[152.6,-32.1],[152.5,-32.1],[152.5,-32.2],[152.6,-32.2],[152.5,-32.2],[152.5,-32.3],[152.6,-32.3],[152.5,-32.3],[152.5,-32.4],[152.4,-32.5],[152.3,-32.6],[152.2,-32.6],[152.2,-32.7],[152.1,-32.7],[152.2,-32.7],[152.2,-32.8],[152.1,-32.8],[152.0,-32.8],[151.9,-32.8],[151.9,-32.9],[151.8,-32.9],[151.7,-33.0],[151.7,-33.1],[151.6,-33.1],[151.6,-33.2],[151.6,-33.3],[151.5,-33.3],[151.4,-33.3],[151.5,-33.4],[151.5,-33.3],[151.5,-33.4],[151.4,-33.4],[151.5,-33.4],[151.5,-33.5],[151.4,-33.5],[151.3,-33.5],[151.3,-33.6],[151.3,-33.5],[151.3,-33.6],[151.3,-33.5],[151.2,-33.5],[151.2,-33.6],[151.3,-33.6],[151.2,-33.6],[151.3,-33.6],[151.3,-33.7],[151.3,-33.8],[151.2,-33.9],[151.3,-33.9],[151.3,-34.0],[151.2,-34.0],[151.1,-34.0],[151.2,-34.0],[151.2,-34.1],[151.1,-34.1],[151.2,-34.1],[151.1,-34.1],[151.1,-34.2],[151.0,-34.2],[151.0,-34.3],[150.9,-34.3],[150.9,-34.4],[150.9,-34.5],[150.8,-34.5],[150.8,-34.6],[150.9,-34.6],[150.8,-34.8],[150.8,-34.9],[150.7,-34.9],[150.8,-34.9],[150.7,-34.9],[150.8,-34.9],[150.8,-35.0],[150.9,-35.0],[150.8,-35.1],[150.8,-35.0],[150.7,-35.0],[150.7,-35.1],[150.8,-35.1],[150.8,-35.2],[150.7,-35.2],[150.6,-35.2],[150.5,-35.2],[150.5,-35.3],[150.5,-35.4],[150.4,-35.4],[150.4,-35.5],[150.4,-35.6],[150.3,-35.6],[150.3,-35.7],[150.2,-35.7],[150.2,-35.8],[150.2,-35.9],[150.1,-35.9],[150.2,-35.9],[150.2,-36.0],[150.1,-36.1],[150.1,-36.0],[150.1,-36.1],[150.1,-36.2],[150.1,-36.3],[150.1,-36.4],[150.1,-36.5],[150.1,-36.6],[150.0,-36.6],[150.0,-36.7],[150.0,-36.8],[149.9,-36.8],[149.9,-36.9],[149.9,-37.0],[149.9,-37.1],[150.0,-37.1],[150.0,-37.2],[150.1,-37.3],[150.0,-37.3],[150.0,-37.4],[150.0,-37.5],[149.9,-37.5],[149.8,-37.6],[149.8,-37.5],[149.7,-37.5],[149.8,-37.6],[149.7,-37.6],[149.7,-37.7],[149.6,-37.7],[149.5,-37.7],[149.5,-37.8],[149.3,-37.8],[149.2,-37.8],[149.1,-37.8],[148.9,-37.8],[148.8,-37.8],[148.7,-37.8],[148.6,-37.8],[148.3,-37.8],[148.1,-37.9],[147.9,-37.9],[147.8,-38.0],[147.6,-38.1],[147.4,-38.2],[147.2,-38.4],[147.1,-38.5],[147.0,-38.6],[146.9,-38.6],[146.8,-38.7],[146.7,-38.7],[146.6,-38.7],[146.5,-38.7],[146.4,-38.7],[146.3,-38.7],[146.2,-38.7],[146.2,-38.8],[146.3,-38.8],[146.3,-38.9],[146.4,-38.9],[146.4,-38.8],[146.5,-38.8],[146.5,-38.9],[146.4,-39.0],[146.5,-39.0],[146.5,-39.1],[146.4,-39.1],[146.3,-39.1],[146.3,-39.0],[146.3,-38.9],[146.2,-38.9],[146.1,-38.8],[146.0,-38.8],[146.0,-38.9],[145.9,-38.9],[145.9,-38.8],[145.8,-38.7],[145.9,-38.7],[145.8,-38.7],[145.8,-38.6],[145.7,-38.6],[145.6,-38.7],[145.5,-38.6],[145.4,-38.6],[145.4,-38.5],[145.4,-38.4],[145.5,-38.4],[145.6,-38.4],[145.5,-38.4],[145.5,-38.3],[145.5,-38.2],[145.4,-38.2],[145.3,-38.2],[145.3,-38.3],[145.2,-38.3],[145.2,-38.4],[145.1,-38.4],[145.1,-38.5],[145.0,-38.5],[144.9,-38.5],[144.7,-38.4],[144.7,-38.3],[144.8,-38.4],[144.9,-38.4],[145.0,-38.3],[145.0,-38.2],[145.1,-38.2],[145.1,-38.1],[145.1,-38.0],[145.0,-38.0],[145.0,-37.9],[144.9,-37.9],[144.8,-37.9],[144.8,-38.0],[144.7,-38.0],[144.6,-38.0],[144.5,-38.1],[144.4,-38.1],[144.4,-38.2],[144.5,-38.2],[144.6,-38.2],[144.7,-38.1],[144.7,-38.2],[144.7,-38.3],[144.6,-38.3],[144.5,-38.3],[144.4,-38.3],[144.3,-38.4],[144.2,-38.4],[144.1,-38.4],[144.1,-38.5],[144.0,-38.5],[144.0,-38.6],[143.9,-38.6],[143.9,-38.7],[143.8,-38.7],[143.7,-38.7],[143.7,-38.8],[143.6,-38.8],[143.6,-38.9],[143.5,-38.9],[143.5,-38.8],[143.4,-38.8],[143.3,-38.8],[143.2,-38.8],[143.2,-38.7],[143.1,-38.7],[143.1,-38.6],[142.9,-38.6],[142.8,-38.6],[142.8,-38.5],[142.7,-38.5],[142.6,-38.4],[142.5,-38.4],[142.4,-38.4],[142.3,-38.4],[142.2,-38.4],[142.1,-38.4],[142.0,-38.3],[141.9,-38.3],[141.8,-38.3],[141.7,-38.3],[141.6,-38.3],[141.6,-38.4],[141.7,-38.4],[141.6,-38.4],[141.5,-38.4],[141.4,-38.4],[141.4,-38.3],[141.2,-38.2],[141.1,-38.1],[141.0,-38.1],[140.7,-38.1],[140.6,-38.0],[140.5,-38.0],[140.5,-37.9],[140.4,-37.9],[140.4,-37.8],[140.3,-37.8],[140.3,-37.7],[140.2,-37.7],[140.2,-37.6],[140.1,-37.6],[140.1,-37.5],[140.0,-37.5],[139.8,-37.3],[139.8,-37.2],[139.7,-37.2],[139.8,-37.2],[139.8,-37.1],[139.7,-37.1],[139.7,-37.0],[139.8,-36.9],[139.8,-36.8],[139.9,-36.8],[139.9,-36.6],[139.7,-36.4],[139.6,-36.2],[139.6,-36.1],[139.5,-36.1],[139.5,-36.0],[139.3,-35.8],[139.2,-35.7],[139.1,-35.7],[139.0,-35.6],[138.9,-35.6],[139.0,-35.6],[139.3,-35.8],[139.4,-35.9],[139.5,-36.0],[139.6,-36.0],[139.6,-36.1],[139.7,-36.2],[139.6,-36.1],[139.6,-36.0],[139.5,-35.9],[139.4,-35.9],[139.4,-35.8],[139.2,-35.7],[139.1,-35.6],[139.0,-35.6],[139.1,-35.6],[139.1,-35.5],[139.2,-35.5],[139.2,-35.6],[139.3,-35.6],[139.3,-35.7],[139.2,-35.7],[139.3,-35.7],[139.3,-35.6],[139.4,-35.6],[139.3,-35.5],[139.2,-35.5],[139.3,-35.5],[139.4,-35.5],[139.4,-35.4],[139.3,-35.4],[139.4,-35.4],[139.3,-35.4],[139.3,-35.3],[139.2,-35.3],[139.1,-35.4],[139.0,-35.4],[139.0,-35.5],[138.9,-35.5],[138.8,-35.5],[138.9,-35.5],[139.0,-35.5],[139.0,-35.6],[138.9,-35.6],[138.9,-35.5],[138.9,-35.6],[138.8,-35.5],[138.7,-35.5],[138.7,-35.6],[138.6,-35.6],[138.5,-35.6],[138.4,-35.7],[138.3,-35.7],[138.3,-35.6],[138.3,-35.7],[138.2,-35.7],[138.1,-35.6],[138.1,-35.5],[138.2,-35.5],[138.3,-35.5],[138.3,-35.4],[138.4,-35.4],[138.4,-35.3],[138.5,-35.3],[138.5,-35.2],[138.5,-35.1],[138.5,-35.0],[138.5,-34.9],[138.5,-34.8],[138.6,-34.8],[138.5,-34.8],[138.5,-34.7],[138.4,-34.7],[138.4,-34.6],[138.3,-34.5],[138.3,-34.4],[138.2,-34.3],[138.2,-34.2],[138.1,-34.1],[138.1,-34.2],[138.0,-34.2],[138.0,-34.3],[138.0,-34.4],[137.9,-34.4],[137.9,-34.5],[137.9,-34.6],[137.9,-34.7],[137.9,-34.8],[137.8,-34.8],[137.8,-34.9],[137.8,-35.0],[137.7,-35.1],[137.8,-35.1],[137.7,-35.1],[137.7,-35.2],[137.6,-35.2],[137.6,-35.1],[137.5,-35.1],[137.4,-35.1],[137.4,-35.2],[137.3,-35.2],[137.2,-35.2],[137.1,-35.2],[137.0,-35.2],[137.0,-35.3],[136.9,-35.3],[136.8,-35.3],[136.8,-35.2],[136.9,-35.2],[136.9,-35.1],[137.0,-35.1],[136.9,-35.0],[137.0,-35.0],[137.0,-34.9],[137.1,-34.9],[137.2,-34.9],[137.3,-34.9],[137.4,-34.9],[137.4,-35.0],[137.4,-34.9],[137.5,-34.9],[137.5,-34.8],[137.5,-34.7],[137.5,-34.6],[137.5,-34.5],[137.5,-34.4],[137.4,-34.5],[137.4,-34.4],[137.5,-34.4],[137.5,-34.3],[137.5,-34.2],[137.5,-34.1],[137.5,-34.2],[137.5,-34.1],[137.6,-34.1],[137.6,-34.0],[137.5,-34.0],[137.6,-34.0],[137.6,-33.9],[137.7,-33.8],[137.8,-33.7],[137.9,-33.6],[137.9,-33.5],[137.9,-33.4],[137.9,-33.3],[137.8,-33.3],[137.8,-33.2],[137.9,-33.2],[138.0,-33.1],[138.0,-33.0],[137.9,-32.8],[137.9,-32.7],[137.8,-32.7],[137.8,-32.6],[137.8,-32.5],[137.8,-32.6],[137.8,-32.7],[137.8,-32.8],[137.8,-32.9],[137.8,-33.0],[137.7,-33.0],[137.6,-33.0],[137.5,-33.1],[137.4,-33.2],[137.4,-33.3],[137.4,-33.4],[137.3,-33.5],[137.3,-33.6],[137.2,-33.7],[137.1,-33.7],[137.0,-33.7],[136.9,-33.7],[136.9,-33.8],[137.0,-33.8],[136.9,-33.8],[136.8,-33.8],[136.7,-33.8],[136.7,-33.9],[136.6,-33.9],[136.5,-34.0],[136.4,-34.0],[136.4,-34.1],[136.3,-34.1],[136.3,-34.2],[136.2,-34.3],[136.1,-34.4],[136.1,-34.5],[136.0,-34.5],[135.9,-34.5],[135.9,-34.6],[135.9,-34.7],[135.9,-34.6],[135.9,-34.7],[135.9,-34.8],[135.8,-34.8],[135.9,-34.8],[136.0,-34.8],[136.0,-34.7],[136.0,-34.8],[136.0,-34.9],[136.0,-35.0],[135.9,-35.0],[135.9,-34.9],[135.8,-34.9],[135.7,-34.9],[135.7,-35.0],[135.6,-35.0],[135.6,-34.9],[135.5,-34.8],[135.5,-34.7],[135.4,-34.7],[135.3,-34.7],[135.3,-34.6],[135.2,-34.6],[135.1,-34.6],[135.1,-34.5],[135.2,-34.5],[135.2,-34.4],[135.2,-34.5],[135.3,-34.5],[135.3,-34.6],[135.4,-34.6],[135.3,-34.6],[135.4,-34.6],[135.5,-34.6],[135.4,-34.6],[135.4,-34.5],[135.4,-34.6],[135.4,-34.5],[135.4,-34.4],[135.3,-34.3],[135.3,-34.2],[135.2,-34.2],[135.2,-34.1],[135.3,-34.1],[135.3,-34.0],[135.2,-34.0],[135.2,-33.9],[135.1,-33.9],[135.1,-33.8],[135.0,-33.7],[134.9,-33.7],[134.8,-33.6],[134.9,-33.6],[134.8,-33.6],[134.9,-33.6],[134.9,-33.5],[134.8,-33.4],[134.8,-33.3],[134.7,-33.3],[134.7,-33.2],[134.6,-33.1],[134.6,-33.2],[134.7,-33.2],[134.6,-33.2],[134.5,-33.2],[134.4,-33.2],[134.3,-33.2],[134.3,-33.1],[134.2,-33.1],[134.2,-33.0],[134.1,-33.0],[134.2,-33.0],[134.2,-32.9],[134.1,-33.0],[134.1,-32.9],[134.1,-32.8],[134.1,-32.7],[134.2,-32.7],[134.2,-32.8],[134.3,-32.7],[134.3,-32.6],[134.2,-32.5],[134.1,-32.5],[134.0,-32.5],[133.9,-32.5],[133.9,-32.4],[133.9,-32.3],[133.8,-32.3],[133.8,-32.2],[133.8,-32.3],[133.8,-32.2],[133.7,-32.2],[133.7,-32.1],[133.6,-32.1],[133.6,-32.2],[133.5,-32.2],[133.5,-32.1],[133.4,-32.1],[133.4,-32.2],[133.5,-32.2],[133.4,-32.2],[133.3,-32.2],[133.2,-32.2],[133.1,-32.2],[133.1,-32.1],[133.0,-32.1],[132.9,-32.1],[132.9,-32.0],[132.8,-32.0],[132.8,-31.9],[132.7,-32.0],[132.7,-31.9],[132.6,-31.9],[132.5,-31.9],[132.5,-32.0],[132.4,-32.0],[132.3,-32.0],[132.2,-32.0],[132.1,-31.9],[131.9,-31.8],[131.8,-31.7],[131.5,-31.6]]],[[[148.0,-43.2],[147.9,-43.2],[147.9,-43.1],[147.9,-43.2],[147.8,-43.2],[147.7,-43.2],[147.7,-43.1],[147.6,-43.1],[147.6,-43.0],[147.7,-43.0],[147.7,-42.9],[147.7,-43.0],[147.8,-43.0],[147.8,-43.1],[147.8,-43.0],[147.9,-43.0],[147.8,-43.0],[147.9,-43.0],[147.8,-42.9],[147.7,-42.9],[147.6,-42.9],[147.6,-42.8],[147.5,-42.8],[147.5,-42.9],[147.6,-43.0],[147.5,-43.0],[147.4,-43.0],[147.5,-43.0],[147.5,-42.9],[147.4,-42.9],[147.3,-42.8],[147.3,-42.9],[147.4,-42.9],[147.3,-43.0],[147.3,-43.1],[147.2,-43.1],[147.2,-43.2],[147.3,-43.2],[147.3,-43.3],[147.2,-43.3],[147.2,-43.2],[147.1,-43.2],[147.0,-43.2],[147.0,-43.1],[147.0,-43.2],[147.1,-43.3],[147.0,-43.3],[147.1,-43.3],[147.1,-43.4],[147.0,-43.4],[146.9,-43.4],[147.0,-43.5],[146.9,-43.5],[147.0,-43.5],[146.9,-43.5],[146.9,-43.6],[146.8,-43.6],[146.7,-43.6],[146.6,-43.6],[146.6,-43.5],[146.5,-43.5],[146.6,-43.5],[146.5,-43.5],[146.4,-43.5],[146.3,-43.5],[146.2,-43.5],[146.1,-43.5],[146.0,-43.6],[146.0,-43.5],[146.0,-43.4],[145.9,-43.4],[146.0,-43.4],[146.0,-43.3],[146.1,-43.4],[146.2,-43.4],[146.2,-43.3],[146.1,-43.3],[146.0,-43.3],[146.0,-43.2],[145.9,-43.2],[145.9,-43.3],[145.8,-43.3],[145.8,-43.2],[145.7,-43.1],[145.7,-43.0],[145.6,-43.0],[145.5,-43.0],[145.5,-42.9],[145.4,-42.9],[145.4,-42.8],[145.4,-42.7],[145.3,-42.6],[145.3,-42.5],[145.2,-42.5],[145.2,-42.4],[145.2,-42.3],[145.2,-42.2],[145.2,-42.3],[145.3,-42.3],[145.4,-42.3],[145.4,-42.4],[145.5,-42.5],[145.5,-42.4],[145.6,-42.4],[145.6,-42.3],[145.5,-42.3],[145.5,-42.4],[145.5,-42.3],[145.4,-42.3],[145.4,-42.2],[145.3,-42.2],[145.3,-42.1],[145.3,-42.2],[145.2,-42.2],[145.3,-42.1],[145.3,-42.0],[145.2,-42.0],[145.2,-41.9],[145.1,-41.9],[145.1,-41.8],[145.0,-41.8],[145.0,-41.7],[144.9,-41.7],[144.9,-41.5],[144.8,-41.5],[144.8,-41.4],[144.7,-41.4],[144.8,-41.4],[144.8,-41.3],[144.7,-41.2],[144.7,-41.1],[144.7,-41.0],[144.6,-41.0],[144.6,-40.9],[144.7,-40.9],[144.7,-40.8],[144.7,-40.7],[144.7,-40.6],[144.7,-40.7],[144.8,-40.7],[144.9,-40.7],[144.9,-40.8],[145.0,-40.7],[145.0,-40.8],[145.1,-40.8],[145.2,-40.8],[145.3,-40.8],[145.3,-40.7],[145.3,-40.8],[145.4,-40.8],[145.4,-40.9],[145.5,-40.9],[145.5,-40.8],[145.5,-40.9],[145.6,-40.9],[145.7,-40.9],[145.7,-41.0],[145.8,-41.0],[145.9,-41.0],[145.9,-41.1],[146.0,-41.1],[146.1,-41.1],[146.2,-41.2],[146.4,-41.2],[146.5,-41.2],[146.5,-41.1],[146.6,-41.1],[146.6,-41.2],[146.6,-41.1],[146.7,-41.1],[146.8,-41.1],[146.8,-41.2],[146.9,-41.2],[146.9,-41.1],[146.8,-41.1],[146.8,-41.0],[146.9,-41.0],[147.0,-41.0],[147.2,-41.0],[147.3,-40.9],[147.3,-41.0],[147.3,-40.9],[147.4,-41.0],[147.5,-41.0],[147.6,-40.9],[147.6,-40.8],[147.7,-40.8],[147.7,-40.9],[147.8,-40.9],[147.9,-40.9],[147.9,-40.8],[148.0,-40.8],[148.0,-40.7],[148.0,-40.8],[148.1,-40.8],[148.2,-40.8],[148.3,-40.9],[148.3,-41.0],[148.3,-41.1],[148.3,-41.2],[148.3,-41.3],[148.4,-41.3],[148.3,-41.3],[148.3,-41.5],[148.3,-41.6],[148.3,-41.7],[148.3,-41.8],[148.3,-41.9],[148.3,-42.0],[148.3,-42.1],[148.4,-42.1],[148.3,-42.1],[148.3,-42.2],[148.4,-42.2],[148.3,-42.2],[148.3,-42.3],[148.3,-42.2],[148.3,-42.1],[148.2,-42.1],[148.2,-42.0],[148.2,-41.9],[148.2,-42.0],[148.1,-42.0],[148.2,-42.0],[148.1,-42.0],[148.1,-42.1],[148.2,-42.1],[148.1,-42.1],[148.1,-42.2],[148.0,-42.2],[148.0,-42.3],[148.0,-42.4],[148.0,-42.5],[148.0,-42.6],[147.9,-42.5],[147.9,-42.6],[148.0,-42.6],[148.0,-42.7],[147.9,-42.7],[148.0,-42.7],[147.9,-42.7],[147.9,-42.8],[147.9,-42.9],[147.8,-42.9],[147.9,-42.9],[147.9,-42.8],[147.9,-42.9],[148.0,-42.9],[148.0,-43.0],[148.0,-43.1],[147.9,-43.1],[148.0,-43.1],[148.0,-43.2]]],[[[137.0,-14.2],[136.9,-14.2],[137.0,-14.2],[136.9,-14.2],[136.9,-14.3],[137.0,-14.3],[136.9,-14.3],[136.8,-14.3],[136.7,-14.3],[136.6,-14.3],[136.5,-14.2],[136.4,-14.2],[136.3,-14.2],[136.4,-14.2],[136.4,-14.1],[136.4,-14.0],[136.4,-13.9],[136.4,-13.8],[136.5,-13.8],[136.6,-13.8],[136.6,-13.7],[136.7,-13.7],[136.7,-13.6],[136.7,-13.7],[136.7,-13.8],[136.8,-13.9],[136.8,-13.8],[136.9,-13.8],[136.9,-13.9],[136.8,-13.9],[136.8,-14.0],[136.8,-14.1],[136.8,-14.0],[136.8,-14.1],[136.7,-14.1],[136.8,-14.1],[136.7,-14.1],[136.7,-14.2],[136.8,-14.2],[136.8,-14.1],[136.8,-14.2],[136.9,-14.2],[136.9,-14.1],[136.9,-14.2],[137.0,-14.1],[137.0,-14.2]]],[[[131.5,-11.4],[131.5,-11.5],[131.5,-11.6],[131.4,-11.6],[131.3,-11.7],[131.2,-11.7],[131.2,-11.8],[131.1,-11.8],[131.0,-11.9],[130.9,-11.9],[130.8,-11.8],[130.7,-11.8],[130.6,-11.7],[130.5,-11.7],[130.5,-11.6],[130.5,-11.5],[130.4,-11.5],[130.4,-11.4],[130.4,-11.3],[130.4,-11.2],[130.5,-11.3],[130.6,-11.3],[130.6,-11.4],[130.6,-11.3],[130.7,-11.3],[130.7,-11.4],[130.8,-11.4],[130.9,-11.3],[131.0,-11.3],[131.0,-11.4],[131.0,-11.3],[131.1,-11.3],[131.2,-11.2],[131.2,-11.3],[131.2,-11.4],[131.2,-11.3],[131.2,-11.2],[131.3,-11.2],[131.3,-11.3],[131.3,-11.2],[131.4,-11.2],[131.4,-11.3],[131.4,-11.2],[131.4,-11.3],[131.5,-11.3],[131.5,-11.4]]],[[[138.1,-35.8],[138.1,-35.9],[138.0,-35.9],[137.9,-35.9],[137.8,-35.9],[137.7,-35.9],[137.6,-35.9],[137.6,-36.0],[137.5,-36.1],[137.4,-36.1],[137.4,-36.0],[137.3,-36.0],[137.2,-36.0],[137.1,-36.0],[137.0,-36.0],[136.9,-36.0],[136.8,-36.0],[136.8,-36.1],[136.7,-36.1],[136.7,-36.0],[136.6,-36.0],[136.5,-35.9],[136.6,-35.9],[136.6,-35.8],[136.7,-35.7],[136.8,-35.7],[137.1,-35.7],[137.1,-35.6],[137.3,-35.6],[137.4,-35.6],[137.5,-35.6],[137.6,-35.6],[137.6,-35.7],[137.7,-35.8],[137.8,-35.7],[137.8,-35.8],[137.9,-35.8],[137.9,-35.7],[138.0,-35.7],[138.0,-35.8],[138.1,-35.8]]],[[[139.7,-16.4],[139.7,-16.5],[139.6,-16.5],[139.6,-16.6],[139.6,-16.5],[139.5,-16.5],[139.5,-16.6],[139.5,-16.7],[139.4,-16.7],[139.4,-16.6],[139.4,-16.7],[139.3,-16.7],[139.2,-16.7],[139.2,-16.8],[139.1,-16.8],[139.1,-16.7],[139.2,-16.7],[139.2,-16.6],[139.2,-16.5],[139.3,-16.5],[139.4,-16.5],[139.5,-16.4],[139.6,-16.4],[139.7,-16.4],[139.7,-16.5],[139.7,-16.4]]]]},"properties":{"country":"Australia","iso3":"AUS","entries":7,"_k":"1"}},{"type":"Feature","geometry":{"type":"MultiPolygon","coordinates":[[[[-95.2,49.4],[-95.2,49.3],[-95.2,49.2],[-95.2,49.1],[-95.2,49.0],[-95.4,49.0],[-95.6,49.0],[-95.8,49.0],[-96.1,49.0],[-96.3,49.0],[-96.5,49.0],[-96.7,49.0],[-96.9,49.0],[-97.2,49.0],[-97.4,49.0],[-97.6,49.0],[-97.8,49.0],[-98.0,49.0],[-98.3,49.0],[-98.5,49.0],[-98.7,49.0],[-98.9,49.0],[-99.1,49.0],[-99.4,49.0],[-99.6,49.0],[-99.8,49.0],[-100.0,49.0],[-100.2,49.0],[-100.5,49.0],[-100.7,49.0],[-100.9,49.0],[-101.1,49.0],[-101.3,49.0],[-101.4,49.0],[-101.6,49.0],[-101.8,49.0],[-102.0,49.0],[-102.2,49.0],[-102.4,49.0],[-102.7,49.0],[-102.9,49.0],[-103.1,49.0],[-103.3,49.0],[-103.5,49.0],[-103.7,49.0],[-104.0,49.0],[-104.2,49.0],[-104.4,49.0],[-104.6,49.0],[-104.8,49.0],[-105.1,49.0],[-105.3,49.0],[-105.5,49.0],[-105.7,49.0],[-105.9,49.0],[-106.2,49.0],[-106.4,49.0],[-106.6,49.0],[-106.8,49.0],[-107.0,49.0],[-107.3,49.0],[-107.5,49.0],[-107.7,49.0],[-107.9,49.0],[-108.1,49.0],[-108.4,49.0],[-108.6,49.0],[-108.8,49.0],[-109.0,49.0],[-109.2,49.0],[-109.5,49.0],[-109.7,49.0],[-109.9,49.0],[-110.0,49.0],[-110.1,49.0],[-110.3,49.0],[-110.6,49.0],[-110.8,49.0],[-111.0,49.0],[-111.2,49.0],[-111.4,49.0],[-111.7,49.0],[-111.9,49.0],[-112.1,49.0],[-112.3,49.0],[-112.5,49.0],[-112.8,49.0],[-113.0,49.0],[-113.2,49.0],[-113.4,49.0],[-113.6,49.0],[-113.9,49.0],[-114.1,49.0],[-114.3,49.0],[-114.5,49.0],[-114.7,49.0],[-115.0,49.0],[-115.2,49.0],[-115.4,49.0],[-115.6,49.0],[-115.8,49.0],[-116.0,49.0],[-116.1,49.0],[-116.3,49.0],[-116.5,49.0],[-116.7,49.0],[-116.9,49.0],[-117.0,49.0],[-117.2,49.0],[-117.4,49.0],[-117.6,49.0],[-117.8,49.0],[-118.0,49.0],[-118.3,49.0],[-118.5,49.0],[-118.7,49.0],[-118.9,49.0],[-119.1,49.0],[-119.4,49.0],[-119.6,49.0],[-119.8,49.0],[-120.0,49.0],[-120.2,49.0],[-120.5,49.0],[-120.7,49.0],[-120.9,49.0],[-121.1,49.0],[-121.3,49.0],[-121.6,49.0],[-121.8,49.0],[-122.0,49.0],[-122.2,49.0],[-122.4,49.0],[-122.7,49.0],[-122.8,49.0],[-122.9,49.0],[-122.9,49.1],[-123.0,49.1],[-123.0,49.0],[-123.1,49.0],[-123.1,49.1],[-123.0,49.2],[-123.1,49.1],[-123.2,49.1],[-123.2,49.2],[-123.1,49.2],[-123.2,49.2],[-123.2,49.3],[-123.1,49.3],[-123.2,49.3],[-123.1,49.3],[-123.0,49.3],[-122.9,49.3],[-122.9,49.4],[-122.9,49.5],[-122.9,49.4],[-122.9,49.3],[-123.0,49.3],[-123.2,49.3],[-123.3,49.3],[-123.3,49.4],[-123.2,49.4],[-123.3,49.5],[-123.2,49.6],[-123.2,49.7],[-123.3,49.7],[-123.2,49.6],[-123.3,49.6],[-123.4,49.6],[-123.4,49.5],[-123.5,49.5],[-123.5,49.4],[-123.6,49.4],[-123.8,49.5],[-123.9,49.5],[-124.0,49.5],[-124.0,49.6],[-124.1,49.6],[-124.1,49.7],[-124.0,49.7],[-123.9,49.7],[-123.8,49.6],[-123.8,49.5],[-123.8,49.6],[-123.7,49.6],[-123.6,49.6],[-123.6,49.7],[-123.5,49.7],[-123.7,49.7],[-123.8,49.6],[-123.8,49.7],[-123.9,49.7],[-123.9,49.8],[-123.9,49.9],[-124.0,50.0],[-123.9,50.0],[-123.8,50.0],[-123.8,50.1],[-123.8,50.2],[-123.9,50.2],[-124.0,50.2],[-123.9,50.2],[-123.9,50.1],[-123.8,50.1],[-123.9,50.1],[-124.0,50.0],[-124.0,49.9],[-123.9,49.9],[-123.9,49.8],[-124.0,49.8],[-124.0,49.9],[-124.1,49.9],[-124.0,49.8],[-124.1,49.8],[-124.2,49.8],[-124.3,49.8],[-124.3,49.7],[-124.3,49.8],[-124.4,49.8],[-124.5,49.8],[-124.6,49.9],[-124.7,49.9],[-124.7,50.0],[-124.8,50.0],[-124.8,50.1],[-124.8,50.0],[-124.7,50.0],[-124.7,50.1],[-124.6,50.2],[-124.6,50.3],[-124.7,50.3],[-124.7,50.4],[-124.6,50.4],[-124.5,50.4],[-124.4,50.4],[-124.4,50.5],[-124.3,50.5],[-124.4,50.5],[-124.5,50.4],[-124.6,50.4],[-124.7,50.4],[-124.8,50.3],[-124.9,50.3],[-125.0,50.3],[-124.9,50.4],[-125.0,50.4],[-125.0,50.3],[-125.1,50.3],[-125.1,50.4],[-125.1,50.5],[-125.0,50.5],[-124.9,50.5],[-124.9,50.6],[-124.9,50.7],[-124.8,50.7],[-124.8,50.8],[-124.9,50.8],[-124.8,50.9],[-124.9,50.9],[-124.9,50.8],[-125.0,50.8],[-124.9,50.8],[-124.9,50.7],[-124.9,50.6],[-125.0,50.6],[-125.0,50.5],[-125.1,50.5],[-125.1,50.4],[-125.2,50.4],[-125.2,50.5],[-125.3,50.5],[-125.4,50.5],[-125.5,50.5],[-125.6,50.5],[-125.5,50.5],[-125.5,50.6],[-125.5,50.7],[-125.4,50.7],[-125.5,50.7],[-125.6,50.7],[-125.6,50.6],[-125.6,50.5],[-125.6,50.4],[-125.7,50.4],[-125.8,50.5],[-125.7,50.5],[-125.8,50.5],[-125.9,50.5],[-126.0,50.5],[-126.1,50.5],[-126.2,50.5],[-126.3,50.5],[-126.2,50.5],[-126.2,50.6],[-126.1,50.6],[-126.0,50.6],[-125.9,50.6],[-126.0,50.6],[-126.1,50.6],[-126.2,50.6],[-126.3,50.6],[-126.2,50.6],[-126.1,50.6],[-126.0,50.7],[-125.9,50.7],[-125.8,50.7],[-125.7,50.7],[-125.6,50.8],[-125.7,50.8],[-125.6,50.9],[-125.5,50.9],[-125.5,51.0],[-125.6,51.1],[-125.6,51.0],[-125.6,50.9],[-125.5,50.9],[-125.6,50.9],[-125.7,50.9],[-125.7,50.8],[-125.6,50.8],[-125.7,50.8],[-125.7,50.7],[-125.8,50.7],[-125.9,50.7],[-126.0,50.7],[-126.1,50.7],[-126.2,50.7],[-126.1,50.7],[-126.1,50.8],[-126.0,50.8],[-126.1,50.8],[-126.2,50.8],[-126.2,50.9],[-126.2,50.8],[-126.2,50.9],[-126.3,50.9],[-126.4,50.9],[-126.5,50.8],[-126.6,50.8],[-126.6,50.9],[-126.5,50.9],[-126.4,50.9],[-126.3,50.9],[-126.2,50.9],[-126.2,51.0],[-126.2,50.9],[-126.4,50.9],[-126.5,51.0],[-126.5,51.1],[-126.5,51.0],[-126.6,51.0],[-126.5,51.0],[-126.5,50.9],[-126.6,50.9],[-126.7,50.9],[-126.8,50.9],[-126.9,50.9],[-127.0,50.9],[-127.1,50.9],[-127.2,50.9],[-127.1,50.9],[-127.0,50.9],[-126.9,50.9],[-127.0,50.9],[-127.0,50.8],[-127.1,50.8],[-127.1,50.9],[-127.2,50.9],[-127.3,50.9],[-127.4,50.9],[-127.4,51.0],[-127.5,51.0],[-127.4,51.0],[-127.5,51.0],[-127.5,51.1],[-127.6,51.1],[-127.7,51.1],[-127.8,51.2],[-127.7,51.3],[-127.6,51.3],[-127.4,51.3],[-127.2,51.3],[-127.1,51.3],[-127.1,51.4],[-127.2,51.3],[-127.3,51.3],[-127.5,51.3],[-127.5,51.4],[-127.6,51.3],[-127.7,51.3],[-127.8,51.3],[-127.8,51.4],[-127.7,51.4],[-127.6,51.4],[-127.6,51.5],[-127.5,51.5],[-127.5,51.6],[-127.3,51.7],[-127.0,51.7],[-126.7,51.6],[-126.7,51.7],[-126.6,51.7],[-126.6,51.8],[-126.7,51.8],[-126.7,51.7],[-126.6,51.7],[-126.7,51.7],[-127.1,51.7],[-127.3,51.7],[-127.4,51.7],[-127.4,51.8],[-127.3,51.9],[-127.4,51.9],[-127.4,51.8],[-127.5,51.8],[-127.5,51.7],[-127.6,51.7],[-127.5,51.7],[-127.5,51.6],[-127.6,51.6],[-127.6,51.5],[-127.7,51.5],[-127.8,51.5],[-127.7,51.5],[-127.8,51.5],[-127.8,51.6],[-127.9,51.7],[-127.9,51.8],[-127.9,51.9],[-127.8,51.9],[-127.8,52.0],[-127.7,51.9],[-127.7,52.0],[-127.6,52.1],[-127.5,52.1],[-127.5,52.2],[-127.5,52.1],[-127.6,52.1],[-127.6,52.0],[-127.6,52.1],[-127.5,52.1],[-127.4,52.1],[-127.4,52.2],[-127.5,52.2],[-127.4,52.2],[-127.3,52.2],[-127.2,52.3],[-127.1,52.3],[-127.0,52.3],[-126.9,52.3],[-126.9,52.2],[-126.8,52.1],[-126.7,52.1],[-126.7,52.0],[-126.7,52.1],[-126.8,52.1],[-126.8,52.2],[-126.9,52.2],[-126.9,52.3],[-126.9,52.4],[-126.8,52.4],[-126.7,52.4],[-126.8,52.4],[-126.9,52.4],[-127.0,52.4],[-127.0,52.3],[-127.1,52.4],[-127.1,52.3],[-127.2,52.4],[-127.2,52.5],[-127.2,52.6],[-127.1,52.6],[-127.0,52.6],[-127.0,52.7],[-126.9,52.7],[-126.9,52.8],[-127.0,52.8],[-127.0,52.9],[-127.1,52.9],[-127.0,52.8],[-127.0,52.7],[-127.1,52.7],[-127.2,52.6],[-127.3,52.6],[-127.3,52.5],[-127.5,52.4],[-127.5,52.3],[-127.6,52.3],[-127.7,52.3],[-127.8,52.3],[-127.7,52.3],[-127.7,52.4],[-127.8,52.3],[-127.8,52.2],[-127.9,52.2],[-127.9,52.3],[-127.9,52.4],[-127.8,52.4],[-127.9,52.4],[-127.9,52.5],[-127.9,52.4],[-128.0,52.3],[-128.0,52.4],[-128.1,52.4],[-128.1,52.5],[-128.0,52.5],[-127.9,52.5],[-127.9,52.6],[-128.0,52.5],[-128.1,52.5],[-128.2,52.4],[-128.2,52.3],[-128.3,52.3],[-128.4,52.3],[-128.3,52.3],[-128.3,52.4],[-128.2,52.4],[-128.2,52.5],[-128.2,52.6],[-128.2,52.7],[-128.1,52.7],[-128.1,52.8],[-128.1,52.9],[-128.0,52.9],[-128.1,52.9],[-128.2,52.9],[-128.2,52.8],[-128.3,52.8],[-128.4,52.8],[-128.5,52.9],[-128.5,53.0],[-128.5,53.1],[-128.6,53.1],[-128.5,53.1],[-128.6,53.1],[-128.6,53.2],[-128.7,53.2],[-128.8,53.3],[-128.9,53.3],[-128.9,53.4],[-128.8,53.4],[-128.9,53.4],[-128.8,53.5],[-128.9,53.5],[-129.0,53.5],[-129.0,53.6],[-128.9,53.6],[-128.9,53.5],[-128.8,53.5],[-128.8,53.6],[-128.8,53.5],[-128.7,53.5],[-128.6,53.5],[-128.6,53.4],[-128.5,53.4],[-128.5,53.3],[-128.5,53.4],[-128.4,53.4],[-128.4,53.5],[-128.3,53.5],[-128.1,53.5],[-128.1,53.4],[-128.1,53.3],[-128.1,53.4],[-128.0,53.4],[-128.0,53.3],[-127.9,53.3],[-127.9,53.2],[-127.9,53.3],[-128.0,53.4],[-128.1,53.4],[-128.1,53.5],[-128.2,53.5],[-128.3,53.5],[-128.4,53.5],[-128.4,53.4],[-128.5,53.4],[-128.6,53.5],[-128.7,53.5],[-128.7,53.6],[-128.8,53.6],[-128.8,53.7],[-128.8,53.8],[-128.7,53.8],[-128.7,53.9],[-128.6,53.8],[-128.5,53.8],[-128.5,53.9],[-128.6,53.9],[-128.7,53.9],[-128.6,54.0],[-128.7,54.0],[-128.7,53.9],[-128.8,53.9],[-128.9,53.8],[-128.9,53.9],[-128.9,53.8],[-128.9,53.9],[-129.0,53.9],[-129.0,53.8],[-129.1,53.8],[-129.0,53.7],[-129.1,53.7],[-129.2,53.7],[-129.2,53.6],[-129.2,53.5],[-129.3,53.5],[-129.2,53.5],[-129.2,53.4],[-129.3,53.4],[-129.6,53.6],[-129.7,53.6],[-129.7,53.7],[-129.8,53.7],[-129.8,53.8],[-129.9,53.8],[-130.0,53.8],[-130.0,53.9],[-130.1,53.9],[-130.1,54.0],[-130.1,54.1],[-130.1,54.2],[-130.0,54.2],[-129.9,54.1],[-129.8,54.0],[-129.7,54.0],[-129.8,54.0],[-129.8,54.1],[-129.9,54.1],[-129.9,54.2],[-129.8,54.2],[-129.7,54.2],[-129.6,54.2],[-129.5,54.2],[-129.5,54.3],[-129.5,54.2],[-129.6,54.2],[-129.8,54.2],[-129.9,54.2],[-130.0,54.2],[-130.1,54.2],[-130.2,54.2],[-130.3,54.2],[-130.2,54.3],[-130.3,54.3],[-130.2,54.4],[-130.3,54.4],[-130.3,54.3],[-130.4,54.3],[-130.5,54.3],[-130.5,54.4],[-130.4,54.5],[-130.4,54.6],[-130.3,54.6],[-130.3,54.5],[-130.1,54.3],[-130.0,54.3],[-130.1,54.4],[-130.1,54.5],[-130.0,54.5],[-130.1,54.5],[-130.1,54.4],[-130.2,54.5],[-130.3,54.6],[-130.4,54.6],[-130.4,54.7],[-130.3,54.7],[-130.2,54.7],[-130.1,54.7],[-130.1,54.6],[-130.0,54.6],[-129.9,54.6],[-130.0,54.6],[-130.0,54.7],[-130.1,54.7],[-130.2,54.7],[-130.2,54.8],[-130.1,54.8],[-130.1,54.9],[-130.2,54.9],[-130.2,54.8],[-130.2,54.9],[-130.1,54.9],[-130.1,55.0],[-130.0,55.0],[-130.0,54.9],[-129.9,54.9],[-129.9,55.0],[-129.8,55.0],[-129.7,55.0],[-129.6,55.0],[-129.7,55.0],[-130.0,55.0],[-130.0,55.1],[-129.9,55.1],[-129.9,55.2],[-129.8,55.2],[-129.8,55.3],[-129.7,55.3],[-129.8,55.3],[-129.7,55.3],[-129.7,55.4],[-129.6,55.4],[-129.5,55.4],[-129.5,55.5],[-129.6,55.5],[-129.7,55.5],[-129.7,55.4],[-129.7,55.5],[-129.8,55.5],[-129.8,55.6],[-129.8,55.5],[-129.8,55.4],[-129.8,55.3],[-129.9,55.3],[-129.9,55.2],[-130.0,55.1],[-130.0,55.0],[-130.1,55.0],[-130.2,55.1],[-130.1,55.1],[-130.1,55.2],[-130.0,55.2],[-130.0,55.3],[-129.9,55.3],[-130.0,55.3],[-130.0,55.4],[-130.0,55.5],[-130.1,55.5],[-130.1,55.6],[-130.1,55.7],[-130.1,55.8],[-130.0,55.8],[-130.0,55.9],[-130.0,56.0],[-130.1,56.1],[-130.2,56.1],[-130.3,56.1],[-130.4,56.1],[-130.5,56.2],[-130.6,56.2],[-130.6,56.3],[-130.8,56.3],[-130.8,56.4],[-131.0,56.4],[-131.1,56.4],[-131.2,56.5],[-131.3,56.5],[-131.5,56.6],[-131.6,56.6],[-131.7,56.6],[-131.8,56.6],[-131.8,56.7],[-131.9,56.7],[-131.9,56.8],[-132.1,56.9],[-132.0,57.0],[-132.2,57.1],[-132.3,57.1],[-132.2,57.2],[-132.3,57.3],[-132.4,57.3],[-132.5,57.4],[-132.6,57.5],[-132.6,57.6],[-132.7,57.7],[-132.8,57.8],[-132.9,57.9],[-133.0,57.9],[-133.1,58.0],[-133.1,58.1],[-133.2,58.1],[-133.3,58.2],[-133.4,58.3],[-133.4,58.4],[-133.5,58.5],[-133.6,58.5],[-133.7,58.6],[-133.8,58.7],[-133.9,58.7],[-134.0,58.8],[-134.1,58.8],[-134.2,58.8],[-134.3,58.9],[-134.3,59.0],[-134.4,59.0],[-134.4,59.1],[-134.5,59.1],[-134.6,59.1],[-134.7,59.2],[-134.8,59.3],[-134.9,59.3],[-135.0,59.3],[-135.0,59.4],[-135.1,59.4],[-135.0,59.5],[-135.0,59.6],[-135.1,59.6],[-135.2,59.6],[-135.2,59.7],[-135.3,59.7],[-135.4,59.8],[-135.5,59.8],[-135.6,59.7],[-135.8,59.7],[-135.9,59.7],[-136.0,59.7],[-136.1,59.6],[-136.3,59.6],[-136.4,59.6],[-136.3,59.6],[-136.2,59.5],[-136.3,59.5],[-136.4,59.4],[-136.4,59.5],[-136.5,59.5],[-136.5,59.4],[-136.5,59.3],[-136.6,59.2],[-136.7,59.2],[-136.8,59.2],[-136.8,59.1],[-136.9,59.1],[-137.0,59.1],[-137.1,59.1],[-137.2,59.0],[-137.3,59.0],[-137.4,58.9],[-137.5,58.9],[-137.5,59.0],[-137.5,59.1],[-137.6,59.2],[-137.8,59.3],[-137.9,59.4],[-138.1,59.5],[-138.2,59.6],[-138.4,59.6],[-138.5,59.7],[-138.6,59.8],[-138.7,59.8],[-138.7,59.9],[-138.8,59.9],[-139.0,60.0],[-139.1,60.0],[-139.2,60.1],[-139.1,60.2],[-139.1,60.3],[-139.3,60.3],[-139.4,60.3],[-139.5,60.3],[-139.6,60.3],[-139.7,60.3],[-139.8,60.3],[-139.9,60.2],[-140.0,60.2],[-140.2,60.2],[-140.3,60.3],[-140.4,60.3],[-140.5,60.3],[-140.5,60.2],[-140.7,60.2],[-140.8,60.3],[-140.9,60.3],[-141.0,60.3],[-141.0,60.5],[-141.0,60.6],[-141.0,60.8],[-141.0,60.9],[-141.0,61.0],[-141.0,61.2],[-141.0,61.3],[-141.0,61.5],[-141.0,61.6],[-141.0,61.8],[-141.0,61.9],[-141.0,62.1],[-141.0,62.2],[-141.0,62.4],[-141.0,62.5],[-141.0,62.7],[-141.0,62.8],[-141.0,62.9],[-141.0,63.1],[-141.0,63.2],[-141.0,63.4],[-141.0,63.5],[-141.0,63.7],[-141.0,63.8],[-141.0,64.0],[-141.0,64.1],[-141.0,64.3],[-141.0,64.4],[-141.0,64.5],[-141.0,64.7],[-141.0,64.8],[-141.0,65.0],[-141.0,65.1],[-141.0,65.3],[-141.0,65.4],[-141.0,65.6],[-141.0,65.7],[-141.0,65.9],[-141.0,66.0],[-141.0,66.2],[-141.0,66.3],[-141.0,66.4],[-141.0,66.6],[-141.0,66.7],[-141.0,66.9],[-141.0,67.0],[-141.0,67.2],[-141.0,67.3],[-141.0,67.5],[-141.0,67.6],[-141.0,67.8],[-141.0,67.9],[-141.0,68.0],[-141.0,68.2],[-141.0,68.3],[-141.0,68.5],[-141.0,68.6],[-141.0,68.8],[-141.0,68.9],[-141.0,69.1],[-141.0,69.2],[-141.0,69.4],[-141.0,69.5],[-141.0,69.7],[-141.0,69.6],[-140.9,69.6],[-140.8,69.6],[-140.6,69.6],[-140.4,69.6],[-140.2,69.6],[-139.9,69.6],[-139.6,69.6],[-139.7,69.6],[-139.8,69.6],[-139.7,69.6],[-139.4,69.5],[-139.3,69.5],[-139.1,69.5],[-139.0,69.5],[-139.0,69.4],[-138.8,69.4],[-138.7,69.3],[-138.6,69.3],[-138.6,69.2],[-138.6,69.3],[-138.5,69.3],[-138.5,69.2],[-138.4,69.2],[-138.4,69.3],[-138.5,69.3],[-138.4,69.3],[-138.3,69.3],[-138.3,69.2],[-138.2,69.2],[-138.1,69.1],[-137.9,69.1],[-137.5,69.0],[-137.4,69.0],[-137.3,69.0],[-137.2,69.0],[-137.2,68.9],[-137.1,69.0],[-137.0,68.9],[-136.9,68.9],[-136.8,68.9],[-136.7,68.9],[-136.6,68.9],[-136.5,68.9],[-136.4,68.9],[-136.2,68.9],[-136.1,68.9],[-135.9,68.9],[-135.9,68.8],[-135.8,68.8],[-135.7,68.8],[-135.6,68.8],[-135.5,68.8],[-135.5,68.7],[-135.4,68.7],[-135.3,68.7],[-135.2,68.7],[-135.1,68.7],[-135.2,68.7],[-135.3,68.7],[-135.4,68.8],[-135.5,68.8],[-135.3,68.8],[-135.4,68.9],[-135.6,68.9],[-135.8,68.9],[-135.9,68.9],[-136.0,68.9],[-136.0,69.0],[-135.9,69.0],[-136.0,69.0],[-135.9,69.0],[-135.8,69.0],[-135.7,69.0],[-135.6,69.0],[-135.5,69.0],[-135.7,69.0],[-135.7,69.1],[-135.9,69.1],[-136.0,69.2],[-135.9,69.3],[-135.8,69.2],[-135.6,69.1],[-135.5,69.1],[-135.4,69.1],[-135.5,69.1],[-135.6,69.1],[-135.6,69.2],[-135.8,69.3],[-135.9,69.3],[-135.8,69.3],[-135.7,69.3],[-135.6,69.3],[-135.6,69.2],[-135.6,69.3],[-135.5,69.3],[-135.4,69.3],[-135.3,69.3],[-135.2,69.3],[-135.2,69.4],[-135.3,69.4],[-135.2,69.5],[-135.1,69.5],[-135.0,69.5],[-134.9,69.5],[-134.8,69.5],[-134.7,69.5],[-134.6,69.5],[-134.5,69.5],[-134.5,69.4],[-134.4,69.5],[-134.5,69.5],[-134.6,69.5],[-134.6,69.6],[-134.6,69.5],[-134.5,69.5],[-134.5,69.6],[-134.4,69.6],[-134.4,69.7],[-134.5,69.7],[-134.4,69.7],[-134.3,69.7],[-134.4,69.7],[-134.3,69.7],[-134.2,69.7],[-134.2,69.6],[-134.1,69.6],[-134.2,69.6],[-134.1,69.5],[-134.1,69.6],[-134.0,69.6],[-134.0,69.5],[-134.1,69.5],[-134.0,69.5],[-133.9,69.5],[-133.8,69.5],[-133.8,69.6],[-133.8,69.5],[-134.0,69.4],[-134.1,69.3],[-134.2,69.3],[-134.2,69.2],[-134.3,69.2],[-134.2,69.2],[-134.2,69.3],[-134.1,69.3],[-134.0,69.3],[-133.9,69.3],[-133.8,69.3],[-133.8,69.4],[-133.7,69.4],[-133.7,69.3],[-133.8,69.3],[-133.7,69.3],[-133.7,69.4],[-133.6,69.4],[-133.5,69.4],[-133.3,69.4],[-133.2,69.4],[-133.1,69.4],[-133.0,69.4],[-133.1,69.4],[-133.1,69.5],[-133.0,69.5],[-133.0,69.6],[-132.9,69.6],[-132.9,69.7],[-132.8,69.7],[-132.8,69.6],[-132.7,69.6],[-132.7,69.7],[-132.6,69.7],[-132.6,69.6],[-132.5,69.6],[-132.4,69.6],[-132.3,69.7],[-132.4,69.7],[-132.5,69.7],[-132.4,69.7],[-132.5,69.7],[-132.6,69.7],[-132.5,69.7],[-132.4,69.8],[-132.3,69.8],[-132.4,69.7],[-132.5,69.7],[-132.3,69.7],[-132.2,69.7],[-132.1,69.7],[-132.0,69.7],[-131.9,69.8],[-131.8,69.8],[-131.7,69.8],[-131.6,69.9],[-131.5,69.9],[-131.4,69.9],[-131.4,70.0],[-131.3,69.9],[-131.2,69.9],[-131.2,69.8],[-131.2,69.9],[-131.1,69.9],[-131.0,70.0],[-130.9,70.0],[-131.0,70.0],[-130.9,70.1],[-130.8,70.1],[-130.7,70.1],[-130.6,70.1],[-130.6,70.2],[-130.5,70.2],[-130.6,70.1],[-130.5,70.1],[-130.4,70.1],[-130.4,70.2],[-130.4,70.1],[-130.3,70.1],[-130.2,70.1],[-130.1,70.1],[-130.0,70.1],[-129.9,70.1],[-130.0,70.1],[-129.9,70.1],[-129.8,70.2],[-129.7,70.2],[-129.7,70.3],[-129.6,70.3],[-129.6,70.2],[-129.7,70.2],[-129.6,70.2],[-129.5,70.2],[-129.5,70.1],[-129.5,70.2],[-129.5,70.1],[-129.4,70.1],[-129.5,70.1],[-129.5,70.0],[-129.6,70.0],[-129.5,70.0],[-129.6,70.0],[-129.7,70.0],[-129.8,70.0],[-130.1,69.9],[-130.2,69.9],[-130.3,69.8],[-130.3,69.9],[-130.3,69.8],[-130.4,69.8],[-130.5,69.8],[-130.6,69.8],[-130.6,69.7],[-130.7,69.7],[-130.8,69.7],[-130.8,69.6],[-130.9,69.6],[-131.0,69.6],[-131.1,69.6],[-131.2,69.6],[-131.3,69.6],[-131.4,69.6],[-131.5,69.6],[-131.6,69.6],[-131.7,69.6],[-131.7,69.5],[-131.7,69.6],[-131.8,69.6],[-131.9,69.5],[-132.0,69.5],[-132.1,69.5],[-132.0,69.5],[-132.1,69.5],[-132.1,69.4],[-132.3,69.3],[-132.3,69.2],[-132.3,69.3],[-132.4,69.3],[-132.4,69.2],[-132.5,69.2],[-132.5,69.3],[-132.6,69.3],[-132.7,69.3],[-132.8,69.3],[-132.8,69.2],[-132.9,69.2],[-132.9,69.1],[-132.8,69.1],[-132.9,69.1],[-132.9,69.0],[-132.9,69.1],[-133.0,69.1],[-133.1,69.1],[-133.1,69.0],[-133.2,69.1],[-133.2,69.0],[-133.3,69.0],[-133.2,69.0],[-133.2,68.9],[-133.3,68.9],[-133.4,68.9],[-133.5,68.9],[-133.4,68.9],[-133.5,68.9],[-133.5,68.8],[-133.4,68.8],[-133.3,68.8],[-133.3,68.7],[-133.2,68.7],[-133.1,68.7],[-133.0,68.7],[-132.9,68.7],[-133.0,68.7],[-133.1,68.7],[-133.2,68.7],[-133.2,68.8],[-133.3,68.8],[-133.2,68.8],[-133.1,68.8],[-133.2,68.8],[-133.3,68.8],[-133.4,68.8],[-133.3,68.8],[-133.4,68.8],[-133.3,68.9],[-133.2,68.9],[-133.2,68.8],[-133.1,68.8],[-133.0,68.8],[-132.9,68.8],[-133.0,68.8],[-133.0,68.9],[-132.9,68.9],[-132.9,68.8],[-132.8,68.8],[-132.7,68.8],[-132.5,68.8],[-132.4,68.8],[-132.4,68.9],[-132.5,68.9],[-132.6,68.9],[-132.5,68.9],[-132.6,68.9],[-132.7,68.9],[-132.6,68.9],[-132.7,68.8],[-132.8,68.8],[-132.8,68.9],[-132.7,68.9],[-132.8,68.9],[-132.7,68.9],[-132.7,69.0],[-132.8,69.0],[-132.9,69.0],[-132.8,69.0],[-132.8,69.1],[-132.9,69.1],[-132.8,69.1],[-132.7,69.1],[-132.6,69.1],[-132.5,69.1],[-132.5,69.2],[-132.4,69.2],[-132.5,69.2],[-132.4,69.2],[-132.4,69.1],[-132.5,69.1],[-132.4,69.1],[-132.4,69.2],[-132.3,69.2],[-132.2,69.2],[-132.2,69.1],[-132.2,69.2],[-132.1,69.3],[-132.1,69.2],[-132.0,69.3],[-131.9,69.3],[-131.8,69.3],[-131.8,69.4],[-131.7,69.4],[-131.8,69.4],[-131.9,69.4],[-132.0,69.4],[-131.9,69.4],[-131.8,69.4],[-131.9,69.4],[-131.8,69.4],[-131.6,69.4],[-131.7,69.4],[-131.7,69.5],[-131.6,69.5],[-131.5,69.5],[-131.4,69.4],[-131.5,69.4],[-131.5,69.3],[-131.4,69.4],[-131.4,69.5],[-131.3,69.5],[-131.3,69.4],[-131.3,69.5],[-131.3,69.4],[-131.2,69.4],[-131.3,69.5],[-131.2,69.5],[-131.2,69.4],[-131.3,69.4],[-131.4,69.3],[-131.3,69.3],[-131.3,69.4],[-131.2,69.4],[-131.1,69.4],[-131.2,69.5],[-131.2,69.6],[-131.3,69.6],[-131.2,69.6],[-131.2,69.5],[-131.1,69.5],[-131.1,69.4],[-131.1,69.5],[-131.1,69.6],[-131.2,69.6],[-131.1,69.6],[-131.1,69.5],[-131.0,69.5],[-131.0,69.4],[-131.1,69.4],[-131.1,69.3],[-131.0,69.4],[-131.0,69.5],[-131.0,69.6],[-131.0,69.5],[-130.9,69.5],[-130.9,69.4],[-131.0,69.4],[-131.1,69.3],[-131.0,69.3],[-131.0,69.4],[-130.9,69.4],[-130.9,69.3],[-131.0,69.3],[-131.0,69.2],[-131.0,69.1],[-130.9,69.1],[-131.0,69.2],[-130.9,69.2],[-131.0,69.2],[-131.0,69.3],[-130.9,69.3],[-130.8,69.3],[-130.8,69.4],[-130.7,69.4],[-130.6,69.5],[-130.7,69.5],[-130.8,69.5],[-130.5,69.5],[-130.5,69.6],[-130.4,69.6],[-130.5,69.6],[-130.4,69.6],[-130.4,69.7],[-130.3,69.7],[-130.4,69.7],[-130.3,69.7],[-130.2,69.7],[-130.0,69.8],[-129.9,69.8],[-129.7,69.8],[-129.6,69.8],[-129.5,69.8],[-129.1,69.9],[-129.0,69.9],[-129.0,70.0],[-128.9,70.0],[-128.9,69.9],[-129.0,69.9],[-128.9,69.9],[-128.9,69.8],[-129.1,69.8],[-129.2,69.8],[-129.1,69.8],[-129.1,69.7],[-129.2,69.7],[-129.1,69.7],[-129.0,69.7],[-128.9,69.7],[-129.0,69.7],[-128.9,69.7],[-128.8,69.8],[-128.7,69.8],[-128.6,69.8],[-128.6,69.9],[-128.4,69.9],[-128.3,70.0],[-128.4,70.0],[-128.4,70.1],[-128.3,70.1],[-128.2,70.2],[-128.1,70.2],[-128.0,70.2],[-127.9,70.2],[-127.8,70.2],[-127.6,70.2],[-127.5,70.2],[-127.6,70.3],[-127.7,70.3],[-127.9,70.3],[-128.0,70.3],[-128.1,70.3],[-128.1,70.4],[-128.0,70.4],[-128.0,70.3],[-127.9,70.4],[-128.1,70.4],[-128.2,70.4],[-128.2,70.5],[-128.1,70.5],[-128.1,70.6],[-128.0,70.6],[-127.9,70.6],[-127.7,70.5],[-127.4,70.4],[-127.2,70.3],[-127.1,70.3],[-127.1,70.2],[-127.0,70.1],[-126.9,70.1],[-126.9,70.0],[-126.8,70.0],[-126.8,69.9],[-126.7,69.8],[-126.6,69.7],[-126.3,69.5],[-126.2,69.5],[-126.1,69.5],[-125.9,69.4],[-125.8,69.4],[-125.7,69.4],[-125.6,69.4],[-125.4,69.3],[-125.4,69.4],[-125.5,69.4],[-125.4,69.4],[-125.2,69.4],[-125.1,69.4],[-125.1,69.5],[-125.2,69.5],[-125.1,69.5],[-125.2,69.5],[-125.3,69.5],[-125.2,69.4],[-125.3,69.4],[-125.3,69.5],[-125.5,69.5],[-125.5,69.4],[-125.6,69.4],[-125.6,69.5],[-125.5,69.5],[-125.4,69.5],[-125.3,69.5],[-125.2,69.5],[-125.1,69.5],[-125.2,69.5],[-125.3,69.5],[-125.3,69.6],[-125.2,69.6],[-125.4,69.6],[-125.4,69.7],[-125.3,69.7],[-125.2,69.7],[-125.1,69.7],[-125.1,69.8],[-125.0,69.7],[-124.9,69.7],[-124.9,69.6],[-124.9,69.7],[-124.8,69.7],[-124.9,69.7],[-124.9,69.8],[-125.1,69.8],[-125.2,69.8],[-125.3,69.8],[-125.2,69.8],[-125.2,69.9],[-125.2,69.8],[-125.1,69.8],[-125.0,69.8],[-125.0,69.9],[-124.9,69.9],[-124.7,70.0],[-124.6,70.0],[-124.7,70.0],[-124.8,70.0],[-124.9,70.0],[-124.8,70.0],[-124.9,70.0],[-125.0,70.0],[-125.1,70.0],[-125.0,70.0],[-125.1,70.0],[-125.1,69.9],[-125.2,69.9],[-125.2,70.0],[-125.1,70.0],[-125.1,70.1],[-125.0,70.1],[-125.0,70.0],[-124.9,70.0],[-125.0,70.0],[-124.9,70.0],[-124.9,70.1],[-124.8,70.1],[-124.7,70.1],[-124.6,70.1],[-124.6,70.0],[-124.5,70.0],[-124.6,70.0],[-124.5,70.1],[-124.5,70.0],[-124.4,70.1],[-124.5,70.1],[-124.6,70.1],[-124.5,70.1],[-124.6,70.1],[-124.7,70.1],[-124.8,70.1],[-124.7,70.1],[-124.7,70.2],[-124.6,70.1],[-124.6,70.2],[-124.5,70.2],[-124.5,70.1],[-124.4,70.2],[-124.4,70.1],[-124.4,70.0],[-124.5,70.0],[-124.4,70.0],[-124.5,70.0],[-124.4,70.0],[-124.4,69.9],[-124.5,69.9],[-124.4,69.9],[-124.5,69.9],[-124.4,69.9],[-124.5,69.8],[-124.5,69.7],[-124.4,69.7],[-124.3,69.7],[-124.2,69.7],[-124.1,69.7],[-124.0,69.7],[-124.1,69.7],[-124.0,69.7],[-124.1,69.7],[-124.2,69.6],[-124.3,69.5],[-124.4,69.5],[-124.4,69.4],[-124.5,69.4],[-124.4,69.4],[-124.3,69.4],[-124.2,69.3],[-124.1,69.4],[-124.0,69.4],[-124.0,69.3],[-124.0,69.4],[-123.9,69.4],[-123.8,69.4],[-123.7,69.4],[-123.6,69.4],[-123.5,69.4],[-123.4,69.4],[-123.4,69.5],[-123.3,69.5],[-123.2,69.5],[-123.1,69.6],[-123.2,69.6],[-123.1,69.6],[-123.1,69.7],[-123.1,69.8],[-123.2,69.8],[-123.1,69.8],[-123.0,69.8],[-122.8,69.8],[-122.7,69.8],[-122.6,69.8],[-122.5,69.8],[-122.4,69.8],[-122.2,69.8],[-122.0,69.8],[-121.6,69.8],[-121.4,69.8],[-121.1,69.7],[-120.8,69.6],[-120.7,69.6],[-120.6,69.5],[-120.3,69.4],[-120.2,69.4],[-120.1,69.4],[-120.0,69.3],[-119.8,69.3],[-119.7,69.3],[-119.5,69.3],[-119.3,69.3],[-118.9,69.3],[-118.7,69.2],[-118.6,69.2],[-118.5,69.1],[-118.2,69.1],[-118.0,69.0],[-117.8,69.0],[-117.7,69.0],[-117.4,69.0],[-117.3,68.9],[-117.2,68.9],[-117.1,68.9],[-117.0,68.9],[-116.9,68.9],[-116.8,68.9],[-116.5,68.9],[-116.4,68.9],[-116.3,68.9],[-116.2,68.9],[-116.2,68.8],[-116.0,68.8],[-115.9,68.8],[-116.1,68.9],[-116.3,68.9],[-116.3,69.0],[-116.2,69.0],[-115.9,68.9],[-115.8,68.9],[-115.8,69.0],[-115.9,69.0],[-115.8,69.0],[-115.7,69.0],[-115.6,69.0],[-115.5,68.9],[-115.4,68.9],[-115.2,68.9],[-115.1,68.9],[-115.0,68.9],[-114.8,68.8],[-114.7,68.8],[-114.5,68.7],[-114.4,68.7],[-114.5,68.7],[-114.4,68.7],[-114.4,68.6],[-114.2,68.6],[-114.2,68.5],[-114.1,68.5],[-114.1,68.4],[-114.0,68.4],[-113.9,68.4],[-114.0,68.4],[-114.0,68.3],[-114.1,68.3],[-114.0,68.3],[-114.0,68.2],[-114.1,68.2],[-114.2,68.3],[-114.3,68.2],[-114.4,68.2],[-114.4,68.3],[-114.5,68.3],[-114.6,68.3],[-114.8,68.3],[-114.9,68.3],[-115.0,68.3],[-114.9,68.3],[-114.9,68.2],[-114.8,68.2],[-114.9,68.2],[-115.2,68.2],[-115.2,68.1],[-115.2,68.0],[-115.1,68.0],[-115.2,68.0],[-115.3,68.0],[-115.5,67.9],[-115.4,67.9],[-115.3,67.9],[-115.2,67.8],[-115.1,67.8],[-115.0,67.8],[-114.8,67.8],[-114.7,67.8],[-114.6,67.8],[-114.5,67.8],[-114.4,67.7],[-114.3,67.7],[-114.2,67.7],[-114.0,67.7],[-113.9,67.7],[-113.7,67.7],[-113.3,67.7],[-113.2,67.7],[-113.1,67.7],[-113.0,67.7],[-112.8,67.7],[-112.7,67.7],[-112.4,67.7],[-112.3,67.7],[-112.4,67.7],[-112.3,67.7],[-112.2,67.7],[-112.0,67.7],[-111.9,67.7],[-111.9,67.8],[-111.5,67.7],[-111.6,67.7],[-111.6,67.8],[-111.5,67.8],[-111.5,67.7],[-111.4,67.7],[-111.4,67.8],[-111.3,67.8],[-111.2,67.8],[-111.1,67.8],[-111.0,67.8],[-110.9,67.8],[-110.8,67.8],[-110.8,67.9],[-110.7,67.9],[-110.6,67.9],[-110.5,67.9],[-110.4,67.9],[-110.3,67.9],[-110.3,68.0],[-110.2,67.9],[-110.1,67.9],[-110.2,68.0],[-110.1,68.0],[-110.0,68.0],[-110.0,67.9],[-110.0,67.8],[-109.9,67.8],[-109.9,67.9],[-110.0,67.9],[-109.9,67.9],[-109.8,67.9],[-109.8,67.8],[-109.7,67.8],[-109.6,67.7],[-109.7,67.7],[-109.7,67.8],[-109.7,67.7],[-109.5,67.7],[-109.4,67.8],[-109.4,67.7],[-109.3,67.7],[-109.1,67.7],[-109.0,67.7],[-109.0,67.6],[-108.9,67.5],[-109.0,67.5],[-109.0,67.4],[-108.9,67.4],[-108.8,67.4],[-108.7,67.5],[-108.7,67.6],[-108.6,67.6],[-108.5,67.5],[-108.5,67.4],[-108.4,67.4],[-108.3,67.4],[-108.0,67.3],[-108.0,67.2],[-107.9,67.2],[-107.9,67.1],[-107.9,67.0],[-107.9,67.1],[-108.0,67.1],[-108.1,67.1],[-108.2,67.1],[-108.2,67.0],[-108.3,67.0],[-108.4,67.1],[-108.5,67.1],[-108.6,67.1],[-108.6,67.2],[-108.6,67.1],[-108.5,67.1],[-108.5,67.0],[-108.5,67.1],[-108.4,67.1],[-108.4,67.0],[-108.3,67.0],[-108.2,67.0],[-108.1,66.9],[-108.2,66.9],[-108.2,66.8],[-108.1,66.9],[-108.0,66.8],[-107.9,66.8],[-107.9,66.7],[-108.0,66.7],[-107.9,66.7],[-107.9,66.8],[-107.8,66.7],[-107.7,66.6],[-107.6,66.6],[-107.6,66.5],[-107.5,66.5],[-107.6,66.6],[-107.5,66.6],[-107.5,66.5],[-107.4,66.5],[-107.4,66.4],[-107.3,66.4],[-107.2,66.3],[-107.2,66.4],[-107.3,66.4],[-107.4,66.5],[-107.5,66.5],[-107.5,66.6],[-107.6,66.6],[-107.6,66.7],[-107.7,66.7],[-107.8,66.7],[-107.8,66.8],[-107.7,66.8],[-107.7,66.9],[-107.8,66.9],[-107.8,67.0],[-107.7,67.0],[-107.6,67.0],[-107.7,67.1],[-107.6,67.1],[-107.6,67.0],[-107.5,67.0],[-107.5,66.9],[-107.6,66.9],[-107.6,67.0],[-107.7,67.0],[-107.7,66.9],[-107.6,66.9],[-107.5,66.9],[-107.6,66.8],[-107.5,66.8],[-107.4,66.8],[-107.5,66.8],[-107.5,66.9],[-107.4,66.9],[-107.4,67.0],[-107.3,66.9],[-107.2,66.9],[-107.1,66.8],[-107.2,66.9],[-107.1,66.9],[-107.3,67.0],[-107.4,67.0],[-107.4,67.1],[-107.2,67.1],[-107.3,67.1],[-107.2,67.1],[-107.3,67.1],[-107.4,67.1],[-107.4,67.2],[-107.5,67.2],[-107.6,67.3],[-107.7,67.4],[-107.6,67.4],[-107.6,67.5],[-107.7,67.5],[-107.7,67.6],[-107.8,67.6],[-107.9,67.6],[-107.9,67.7],[-108.0,67.7],[-108.0,67.8],[-107.9,67.8],[-107.9,67.9],[-107.7,67.9],[-107.7,68.0],[-107.8,68.0],[-107.9,68.0],[-107.9,68.1],[-107.8,68.1],[-107.7,68.1],[-107.8,68.1],[-107.8,68.0],[-107.7,68.0],[-107.8,68.0],[-107.7,68.0],[-107.6,68.1],[-107.5,68.1],[-107.4,68.0],[-107.3,68.1],[-107.2,68.1],[-107.1,68.1],[-107.0,68.1],[-106.9,68.1],[-106.8,68.1],[-106.7,68.1],[-106.8,68.2],[-106.7,68.2],[-106.6,68.2],[-106.5,68.2],[-106.4,68.2],[-106.3,68.2],[-106.5,68.2],[-106.5,68.3],[-106.4,68.3],[-106.5,68.3],[-106.4,68.4],[-106.3,68.4],[-106.2,68.4],[-106.1,68.4],[-106.0,68.4],[-105.9,68.4],[-105.8,68.4],[-105.8,68.5],[-105.8,68.4],[-105.7,68.4],[-105.7,68.5],[-105.8,68.5],[-105.8,68.6],[-105.7,68.6],[-105.6,68.6],[-105.7,68.6],[-105.8,68.6],[-105.9,68.6],[-106.0,68.6],[-106.1,68.6],[-106.5,68.5],[-106.6,68.5],[-106.4,68.5],[-106.5,68.5],[-106.6,68.5],[-106.5,68.5],[-106.5,68.4],[-106.6,68.5],[-106.6,68.4],[-106.5,68.4],[-106.6,68.4],[-106.6,68.3],[-106.5,68.3],[-106.6,68.3],[-106.7,68.4],[-106.8,68.4],[-106.9,68.4],[-107.0,68.4],[-107.0,68.3],[-107.1,68.3],[-107.2,68.3],[-107.3,68.3],[-107.4,68.3],[-107.5,68.3],[-107.5,68.4],[-107.7,68.3],[-107.8,68.3],[-107.9,68.3],[-107.8,68.2],[-107.7,68.2],[-107.6,68.2],[-107.7,68.2],[-107.8,68.2],[-107.9,68.2],[-107.9,68.1],[-108.0,68.2],[-108.1,68.2],[-108.2,68.2],[-108.2,68.1],[-108.4,68.1],[-108.4,68.2],[-108.4,68.1],[-108.3,68.2],[-108.4,68.2],[-108.5,68.2],[-108.4,68.2],[-108.4,68.3],[-108.5,68.3],[-108.6,68.3],[-108.7,68.3],[-108.7,68.2],[-108.8,68.2],[-108.8,68.3],[-108.7,68.3],[-108.8,68.3],[-108.7,68.3],[-108.6,68.4],[-108.4,68.6],[-108.3,68.6],[-107.8,68.7],[-107.8,68.6],[-107.6,68.7],[-107.5,68.7],[-107.4,68.7],[-107.3,68.7],[-107.2,68.7],[-107.1,68.8],[-106.9,68.8],[-106.8,68.8],[-106.7,68.8],[-106.6,68.9],[-106.5,68.9],[-106.4,68.9],[-106.3,68.9],[-106.2,68.9],[-106.0,68.9],[-105.8,68.9],[-105.7,68.8],[-105.6,68.8],[-105.5,68.8],[-105.5,68.7],[-105.5,68.6],[-105.4,68.5],[-105.3,68.5],[-105.4,68.5],[-105.5,68.5],[-105.5,68.4],[-105.6,68.4],[-105.5,68.4],[-105.4,68.4],[-105.3,68.4],[-105.4,68.4],[-105.3,68.4],[-105.1,68.3],[-105.0,68.3],[-105.1,68.3],[-105.0,68.3],[-104.9,68.3],[-104.9,68.4],[-104.9,68.3],[-104.8,68.3],[-104.9,68.3],[-105.0,68.3],[-104.9,68.2],[-104.8,68.2],[-104.8,68.3],[-104.8,68.2],[-104.6,68.2],[-104.7,68.1],[-104.6,68.1],[-104.5,68.1],[-104.5,68.0],[-104.4,68.0],[-104.3,68.0],[-104.3,68.1],[-104.2,68.0],[-104.1,68.0],[-104.0,68.0],[-103.9,68.0],[-103.8,68.0],[-103.7,68.0],[-103.7,68.1],[-103.6,68.1],[-103.5,68.1],[-103.4,68.2],[-103.4,68.1],[-103.3,68.1],[-103.4,68.1],[-103.4,68.0],[-103.3,68.0],[-103.2,68.0],[-103.1,68.0],[-103.1,67.9],[-103.0,67.9],[-102.9,67.9],[-102.8,67.8],[-102.6,67.8],[-102.5,67.8],[-102.3,67.8],[-102.3,67.7],[-102.2,67.7],[-102.2,67.8],[-102.1,67.8],[-102.1,67.7],[-102.0,67.8],[-101.9,67.8],[-101.9,67.7],[-101.8,67.7],[-101.7,67.7],[-101.6,67.7],[-101.5,67.7],[-101.4,67.7],[-101.5,67.7],[-101.4,67.7],[-101.3,67.7],[-101.2,67.7],[-101.2,67.8],[-101.3,67.8],[-101.2,67.8],[-101.1,67.8],[-101.1,67.7],[-101.0,67.7],[-100.9,67.8],[-100.8,67.8],[-100.7,67.8],[-100.7,67.9],[-100.7,67.8],[-100.6,67.8],[-100.5,67.8],[-100.4,67.9],[-100.2,67.8],[-100.1,67.8],[-100.0,67.8],[-99.9,67.8],[-99.8,67.8],[-99.7,67.8],[-99.6,67.8],[-99.5,67.8],[-99.4,67.8],[-99.3,67.8],[-99.3,67.7],[-99.2,67.7],[-99.1,67.7],[-99.0,67.7],[-98.9,67.7],[-98.9,67.8],[-98.8,67.7],[-98.7,67.8],[-98.6,67.8],[-98.4,67.8],[-98.4,67.9],[-98.5,67.9],[-98.6,67.9],[-98.7,67.9],[-98.7,68.0],[-98.7,68.1],[-98.6,68.1],[-98.5,68.1],[-98.5,68.0],[-98.3,68.0],[-98.3,67.9],[-98.2,67.9],[-98.2,67.8],[-98.1,67.8],[-98.0,67.8],[-98.0,67.7],[-97.9,67.7],[-97.8,67.7],[-97.7,67.7],[-97.7,67.6],[-97.6,67.6],[-97.5,67.6],[-97.4,67.6],[-97.3,67.7],[-97.2,67.6],[-97.2,67.7],[-97.1,67.7],[-97.2,67.7],[-97.1,67.8],[-97.2,67.8],[-97.2,67.9],[-97.3,67.9],[-97.4,67.9],[-97.5,67.9],[-97.6,68.0],[-97.7,68.0],[-97.8,68.0],[-97.9,68.0],[-98.0,67.9],[-98.0,68.0],[-98.1,67.9],[-98.0,67.8],[-98.1,67.8],[-98.1,67.9],[-98.2,67.9],[-98.3,67.9],[-98.3,68.0],[-98.4,68.0],[-98.4,68.1],[-98.5,68.1],[-98.6,68.1],[-98.6,68.2],[-98.5,68.1],[-98.5,68.2],[-98.4,68.2],[-98.4,68.1],[-98.3,68.1],[-98.3,68.2],[-98.4,68.2],[-98.5,68.2],[-98.5,68.3],[-98.6,68.3],[-98.7,68.4],[-98.6,68.4],[-98.5,68.3],[-98.5,68.4],[-98.4,68.4],[-98.3,68.4],[-98.3,68.3],[-98.2,68.3],[-98.1,68.3],[-98.1,68.4],[-97.9,68.3],[-97.9,68.4],[-97.8,68.4],[-97.7,68.4],[-97.8,68.4],[-97.9,68.4],[-98.0,68.5],[-97.9,68.5],[-97.8,68.5],[-97.7,68.5],[-97.6,68.5],[-97.6,68.4],[-97.5,68.4],[-97.5,68.5],[-97.6,68.4],[-97.6,68.5],[-97.4,68.5],[-97.3,68.5],[-97.2,68.4],[-97.1,68.4],[-97.2,68.4],[-97.1,68.4],[-97.0,68.4],[-97.0,68.3],[-97.1,68.3],[-97.0,68.3],[-96.9,68.2],[-96.7,68.3],[-96.6,68.3],[-96.6,68.2],[-96.7,68.2],[-96.6,68.2],[-96.6,68.3],[-96.5,68.3],[-96.4,68.3],[-96.5,68.3],[-96.5,68.2],[-96.6,68.1],[-96.7,68.1],[-96.8,68.1],[-96.8,68.0],[-96.7,68.0],[-96.7,68.1],[-96.6,68.1],[-96.6,68.0],[-96.5,68.0],[-96.4,68.1],[-96.5,68.1],[-96.4,68.2],[-96.3,68.2],[-96.2,68.2],[-96.0,68.3],[-95.9,68.3],[-96.0,68.2],[-96.1,68.2],[-96.1,68.1],[-96.0,68.1],[-96.1,68.0],[-96.1,67.9],[-96.2,67.9],[-96.2,67.8],[-96.2,67.7],[-96.2,67.6],[-96.3,67.6],[-96.3,67.7],[-96.3,67.6],[-96.4,67.6],[-96.5,67.5],[-96.4,67.5],[-96.5,67.5],[-96.4,67.5],[-96.3,67.5],[-96.3,67.4],[-96.2,67.4],[-96.1,67.5],[-96.1,67.4],[-96.2,67.3],[-96.3,67.2],[-96.2,67.3],[-96.1,67.3],[-96.1,67.2],[-96.0,67.2],[-96.0,67.3],[-95.9,67.3],[-95.8,67.3],[-95.8,67.4],[-95.7,67.4],[-95.7,67.3],[-95.6,67.3],[-95.6,67.4],[-95.5,67.4],[-95.5,67.3],[-95.6,67.3],[-95.8,67.2],[-95.7,67.2],[-95.6,67.2],[-95.7,67.2],[-95.6,67.2],[-95.5,67.2],[-95.5,67.1],[-95.4,67.2],[-95.4,67.1],[-95.4,67.0],[-95.3,67.0],[-95.4,67.0],[-95.4,66.9],[-95.5,67.0],[-95.6,66.9],[-95.6,67.0],[-95.7,67.0],[-95.8,67.0],[-95.9,66.9],[-95.9,67.0],[-96.0,67.0],[-95.9,67.1],[-96.0,67.1],[-96.0,67.0],[-96.1,67.0],[-96.2,67.0],[-96.1,67.0],[-96.2,67.0],[-96.3,67.0],[-96.3,67.1],[-96.4,67.1],[-96.5,67.1],[-96.4,67.0],[-96.3,67.0],[-96.3,66.9],[-96.2,66.9],[-96.1,66.9],[-96.1,66.8],[-95.9,66.8],[-95.8,66.8],[-95.8,66.7],[-95.8,66.6],[-95.7,66.6],[-95.7,66.7],[-95.6,66.7],[-95.7,66.7],[-95.8,66.7],[-95.8,66.8],[-95.9,66.8],[-96.0,66.8],[-96.0,66.9],[-96.1,66.9],[-96.0,67.0],[-95.9,66.9],[-95.8,66.9],[-95.7,66.9],[-95.6,66.9],[-95.5,66.9],[-95.4,66.9],[-95.3,66.9],[-95.2,67.0],[-95.3,67.0],[-95.3,67.1],[-95.3,67.2],[-95.3,67.3],[-95.2,67.3],[-95.3,67.3],[-95.3,67.4],[-95.4,67.4],[-95.4,67.5],[-95.3,67.5],[-95.3,67.6],[-95.4,67.6],[-95.5,67.6],[-95.6,67.7],[-95.7,67.7],[-95.7,67.8],[-95.6,67.8],[-95.5,67.8],[-95.5,67.9],[-95.6,67.9],[-95.5,67.9],[-95.5,68.0],[-95.4,68.0],[-95.4,68.1],[-95.5,68.1],[-95.3,68.1],[-95.2,68.1],[-95.3,68.0],[-95.2,68.0],[-95.1,68.1],[-95.0,68.1],[-94.9,68.1],[-94.9,68.0],[-94.8,68.0],[-94.7,68.1],[-94.6,68.1],[-94.6,68.2],[-94.5,68.2],[-94.4,68.2],[-94.3,68.2],[-94.2,68.3],[-94.2,68.4],[-94.1,68.4],[-93.9,68.5],[-93.8,68.5],[-93.7,68.5],[-93.6,68.6],[-93.5,68.6],[-93.6,68.6],[-93.5,68.6],[-93.4,68.6],[-93.6,68.6],[-93.7,68.6],[-93.8,68.6],[-93.7,68.6],[-93.7,68.7],[-93.7,68.8],[-93.6,68.8],[-93.7,68.8],[-93.6,68.8],[-93.6,68.9],[-93.7,68.9],[-93.6,69.0],[-93.7,69.0],[-93.8,69.0],[-93.9,69.0],[-93.8,69.0],[-93.9,69.0],[-93.8,69.1],[-93.9,69.1],[-93.9,69.0],[-94.0,69.0],[-93.9,69.0],[-94.0,69.0],[-94.0,68.9],[-94.1,68.9],[-94.0,68.9],[-94.1,68.9],[-94.1,68.8],[-94.0,68.8],[-94.0,68.9],[-93.9,68.9],[-93.8,68.9],[-93.9,68.9],[-93.9,68.8],[-94.0,68.8],[-94.1,68.8],[-94.3,68.8],[-94.4,68.7],[-94.5,68.7],[-94.6,68.8],[-94.6,68.9],[-94.6,69.0],[-94.5,69.0],[-94.5,68.9],[-94.4,68.9],[-94.4,69.0],[-94.3,69.0],[-94.2,69.0],[-94.1,69.1],[-94.2,69.1],[-94.1,69.1],[-94.0,69.2],[-94.1,69.1],[-94.3,69.1],[-94.3,69.2],[-94.3,69.3],[-94.2,69.3],[-94.1,69.3],[-94.0,69.4],[-93.9,69.4],[-93.9,69.3],[-93.8,69.3],[-93.8,69.4],[-93.7,69.4],[-93.6,69.4],[-93.5,69.4],[-93.6,69.4],[-93.7,69.4],[-93.7,69.3],[-93.8,69.3],[-93.9,69.2],[-93.9,69.3],[-93.8,69.3],[-93.8,69.2],[-93.9,69.2],[-93.8,69.2],[-93.9,69.2],[-93.8,69.2],[-93.7,69.2],[-93.6,69.3],[-93.5,69.3],[-93.4,69.4],[-93.5,69.4],[-93.6,69.4],[-93.5,69.4],[-93.5,69.5],[-93.4,69.5],[-93.5,69.5],[-93.6,69.5],[-93.7,69.5],[-93.8,69.5],[-93.9,69.5],[-93.9,69.4],[-94.0,69.4],[-94.1,69.4],[-94.3,69.5],[-94.4,69.5],[-94.5,69.6],[-94.6,69.6],[-94.6,69.7],[-94.7,69.7],[-94.8,69.7],[-94.8,69.6],[-94.7,69.6],[-94.8,69.6],[-94.9,69.6],[-95.0,69.6],[-95.1,69.6],[-95.2,69.6],[-95.4,69.7],[-95.5,69.7],[-95.6,69.7],[-95.7,69.8],[-95.8,69.8],[-95.8,69.7],[-95.8,69.8],[-95.9,69.8],[-96.0,69.8],[-95.9,69.8],[-96.0,69.8],[-96.1,69.8],[-96.2,69.9],[-96.1,69.9],[-96.1,70.0],[-96.2,70.0],[-96.3,70.0],[-96.5,70.1],[-96.5,70.2],[-96.6,70.2],[-96.6,70.3],[-96.5,70.3],[-96.5,70.4],[-96.4,70.4],[-96.3,70.4],[-96.3,70.5],[-96.2,70.6],[-96.2,70.5],[-96.1,70.5],[-96.1,70.6],[-96.0,70.6],[-95.9,70.5],[-95.8,70.5],[-95.8,70.6],[-95.9,70.6],[-96.0,70.6],[-96.1,70.6],[-96.0,70.7],[-95.9,70.7],[-95.8,70.7],[-95.9,70.7],[-96.1,70.7],[-96.1,70.6],[-96.2,70.6],[-96.3,70.6],[-96.3,70.7],[-96.4,70.7],[-96.5,70.8],[-96.6,70.8],[-96.6,70.9],[-96.5,70.9],[-96.5,71.0],[-96.4,71.1],[-96.5,71.1],[-96.6,71.1],[-96.5,71.1],[-96.5,71.2],[-96.4,71.2],[-96.4,71.1],[-96.4,71.2],[-96.5,71.2],[-96.4,71.3],[-96.5,71.3],[-96.4,71.3],[-96.3,71.3],[-96.2,71.4],[-96.1,71.4],[-96.0,71.4],[-95.9,71.4],[-95.8,71.4],[-95.7,71.3],[-95.6,71.3],[-95.5,71.3],[-95.6,71.3],[-95.6,71.4],[-95.5,71.4],[-95.4,71.4],[-95.5,71.4],[-95.5,71.5],[-95.4,71.5],[-95.5,71.5],[-95.6,71.5],[-95.7,71.5],[-95.8,71.5],[-95.9,71.5],[-95.9,71.6],[-95.8,71.6],[-95.7,71.6],[-95.7,71.7],[-95.6,71.7],[-95.5,71.7],[-95.3,71.7],[-95.3,71.8],[-95.2,71.8],[-95.1,71.8],[-95.0,71.8],[-94.8,71.8],[-94.7,71.8],[-94.6,71.9],[-94.8,71.8],[-94.8,71.9],[-95.1,71.9],[-95.2,71.9],[-95.2,71.8],[-95.2,71.9],[-95.3,71.9],[-95.2,71.9],[-95.3,71.9],[-95.2,71.9],[-94.9,72.0],[-94.5,72.0],[-94.4,71.9],[-94.5,71.9],[-94.6,71.9],[-94.6,71.8],[-94.6,71.7],[-94.6,71.8],[-94.5,71.8],[-94.4,71.8],[-94.4,71.7],[-94.3,71.7],[-94.2,71.8],[-94.1,71.8],[-94.0,71.8],[-93.9,71.8],[-93.8,71.8],[-93.7,71.8],[-93.7,71.7],[-93.8,71.7],[-93.8,71.6],[-93.7,71.6],[-93.6,71.6],[-93.5,71.6],[-93.4,71.5],[-93.3,71.5],[-93.2,71.5],[-93.2,71.4],[-93.1,71.4],[-93.0,71.4],[-93.0,71.3],[-92.9,71.3],[-92.9,71.2],[-92.9,71.1],[-92.9,71.0],[-92.9,70.9],[-92.9,70.8],[-93.0,70.9],[-93.1,70.9],[-93.0,70.9],[-93.0,70.8],[-92.9,70.8],[-92.8,70.8],[-92.7,70.8],[-92.7,70.7],[-92.6,70.7],[-92.7,70.7],[-92.6,70.7],[-92.4,70.7],[-92.4,70.6],[-92.3,70.6],[-92.2,70.6],[-92.3,70.6],[-92.2,70.6],[-92.3,70.6],[-92.3,70.5],[-92.2,70.5],[-92.3,70.5],[-92.2,70.5],[-92.1,70.5],[-92.1,70.4],[-92.0,70.4],[-92.0,70.3],[-92.1,70.3],[-92.0,70.3],[-91.9,70.3],[-91.9,70.4],[-91.8,70.4],[-91.8,70.3],[-91.8,70.4],[-91.7,70.4],[-91.7,70.3],[-91.7,70.2],[-91.6,70.2],[-91.5,70.2],[-91.5,70.1],[-91.7,70.1],[-91.8,70.1],[-91.9,70.1],[-92.0,70.1],[-92.1,70.2],[-92.2,70.2],[-92.3,70.2],[-92.3,70.3],[-92.3,70.2],[-92.4,70.2],[-92.3,70.2],[-92.4,70.2],[-92.5,70.2],[-92.4,70.2],[-92.4,70.1],[-92.5,70.1],[-92.6,70.1],[-92.5,70.1],[-92.5,70.0],[-92.5,70.1],[-92.3,70.1],[-92.1,70.1],[-92.0,70.1],[-91.9,70.0],[-92.0,70.0],[-92.1,70.0],[-92.2,69.9],[-92.3,69.9],[-92.2,69.9],[-92.3,69.9],[-92.4,69.8],[-92.5,69.8],[-92.6,69.8],[-92.5,69.8],[-92.6,69.8],[-92.7,69.8],[-92.8,69.7],[-92.9,69.7],[-92.5,69.7],[-92.6,69.7],[-92.7,69.7],[-92.8,69.7],[-92.9,69.7],[-92.8,69.7],[-92.7,69.7],[-92.6,69.7],[-92.5,69.7],[-92.4,69.7],[-92.3,69.7],[-92.4,69.7],[-92.3,69.7],[-92.2,69.7],[-92.2,69.6],[-92.1,69.6],[-92.2,69.6],[-92.3,69.6],[-92.2,69.6],[-92.1,69.6],[-92.0,69.5],[-91.9,69.5],[-91.8,69.5],[-91.7,69.5],[-91.7,69.6],[-91.6,69.6],[-91.5,69.6],[-91.5,69.7],[-91.4,69.7],[-91.3,69.7],[-91.3,69.6],[-91.2,69.7],[-91.2,69.6],[-91.1,69.6],[-91.2,69.6],[-91.3,69.6],[-91.4,69.6],[-91.5,69.5],[-91.6,69.5],[-91.5,69.5],[-91.3,69.5],[-91.2,69.6],[-91.1,69.5],[-91.0,69.5],[-90.9,69.5],[-90.8,69.5],[-90.7,69.5],[-90.5,69.5],[-90.4,69.5],[-90.4,69.4],[-90.3,69.5],[-90.3,69.4],[-90.4,69.4],[-90.5,69.4],[-90.6,69.4],[-90.6,69.5],[-90.7,69.5],[-90.7,69.4],[-90.6,69.4],[-90.7,69.4],[-90.8,69.4],[-90.8,69.3],[-90.9,69.2],[-90.9,69.3],[-91.0,69.3],[-90.9,69.3],[-91.0,69.3],[-90.9,69.3],[-91.1,69.3],[-91.0,69.3],[-91.0,69.4],[-91.1,69.3],[-91.2,69.3],[-91.3,69.3],[-91.4,69.4],[-91.4,69.3],[-91.3,69.3],[-91.2,69.3],[-91.1,69.2],[-91.0,69.2],[-90.9,69.1],[-90.8,69.1],[-90.7,69.1],[-90.7,69.0],[-90.6,69.0],[-90.6,68.9],[-90.5,68.9],[-90.4,68.9],[-90.5,68.9],[-90.4,68.9],[-90.4,68.8],[-90.5,68.8],[-90.6,68.8],[-90.5,68.8],[-90.4,68.8],[-90.5,68.8],[-90.4,68.8],[-90.5,68.8],[-90.5,68.7],[-90.5,68.6],[-90.6,68.6],[-90.5,68.6],[-90.5,68.5],[-90.6,68.5],[-90.6,68.4],[-90.5,68.4],[-90.3,68.4],[-90.4,68.4],[-90.5,68.3],[-90.4,68.4],[-90.3,68.4],[-90.3,68.3],[-90.3,68.2],[-90.2,68.2],[-90.1,68.3],[-90.2,68.3],[-90.1,68.3],[-90.0,68.4],[-89.9,68.5],[-89.8,68.5],[-89.9,68.5],[-89.9,68.6],[-89.9,68.7],[-89.8,68.7],[-89.8,68.6],[-89.7,68.6],[-89.7,68.7],[-89.7,68.8],[-89.7,68.9],[-89.8,68.9],[-89.7,69.0],[-89.5,69.1],[-89.4,69.2],[-89.3,69.2],[-89.3,69.3],[-89.2,69.3],[-89.0,69.3],[-88.9,69.2],[-88.8,69.1],[-88.7,69.1],[-88.6,69.0],[-88.5,69.0],[-88.4,69.0],[-88.2,68.9],[-88.0,68.8],[-87.9,68.7],[-87.9,68.6],[-87.9,68.5],[-87.8,68.5],[-87.8,68.4],[-87.8,68.3],[-87.9,68.2],[-88.0,68.2],[-88.1,68.2],[-88.2,68.2],[-88.2,68.3],[-88.2,68.4],[-88.3,68.3],[-88.4,68.3],[-88.3,68.2],[-88.3,68.1],[-88.3,68.0],[-88.4,68.0],[-88.3,67.9],[-88.3,67.8],[-88.2,67.8],[-88.2,67.7],[-88.1,67.7],[-88.1,67.6],[-88.0,67.6],[-87.9,67.6],[-87.8,67.5],[-87.7,67.5],[-87.7,67.4],[-87.6,67.4],[-87.5,67.4],[-87.5,67.3],[-87.4,67.3],[-87.4,67.2],[-87.5,67.2],[-87.5,67.1],[-87.4,67.2],[-87.3,67.2],[-87.3,67.1],[-87.3,67.2],[-87.2,67.2],[-87.1,67.2],[-87.1,67.3],[-87.0,67.3],[-87.0,67.2],[-87.0,67.3],[-87.1,67.3],[-87.1,67.4],[-87.0,67.4],[-87.0,67.3],[-87.0,67.4],[-86.9,67.4],[-86.8,67.4],[-86.7,67.4],[-86.6,67.4],[-86.6,67.3],[-86.6,67.4],[-86.5,67.4],[-86.5,67.5],[-86.5,67.6],[-86.5,67.7],[-86.4,67.8],[-86.3,67.8],[-86.3,67.9],[-86.2,67.9],[-86.1,68.0],[-86.0,68.0],[-85.9,68.1],[-85.9,68.2],[-85.8,68.2],[-85.8,68.3],[-85.7,68.4],[-85.7,68.5],[-85.7,68.6],[-85.7,68.7],[-85.6,68.7],[-85.5,68.7],[-85.5,68.8],[-85.6,68.8],[-85.4,68.8],[-85.4,68.7],[-85.2,68.7],[-85.3,68.7],[-85.2,68.8],[-85.1,68.7],[-85.0,68.8],[-84.9,68.8],[-84.9,68.7],[-84.8,68.7],[-84.8,68.8],[-84.9,68.8],[-85.0,68.8],[-85.1,68.8],[-85.2,68.8],[-85.2,68.9],[-85.0,68.9],[-85.1,68.9],[-85.0,68.9],[-85.1,68.9],[-85.0,68.9],[-85.1,68.9],[-85.1,69.0],[-85.0,69.0],[-84.9,68.9],[-84.8,68.9],[-84.8,69.0],[-84.9,69.0],[-85.0,69.0],[-84.8,69.0],[-84.7,69.0],[-84.6,69.0],[-84.5,69.0],[-84.6,69.0],[-84.7,69.0],[-84.8,69.1],[-84.7,69.1],[-84.8,69.1],[-84.9,69.1],[-85.0,69.1],[-84.9,69.1],[-85.0,69.1],[-85.1,69.1],[-85.1,69.2],[-85.0,69.2],[-85.2,69.2],[-85.2,69.1],[-85.3,69.1],[-85.3,69.2],[-85.2,69.2],[-85.3,69.2],[-85.4,69.2],[-85.4,69.3],[-85.5,69.3],[-85.4,69.3],[-85.3,69.3],[-85.4,69.3],[-85.5,69.3],[-85.5,69.4],[-85.4,69.4],[-85.5,69.4],[-85.4,69.4],[-85.3,69.4],[-85.4,69.5],[-85.5,69.4],[-85.5,69.5],[-85.5,69.6],[-85.4,69.6],[-85.5,69.6],[-85.5,69.7],[-85.4,69.7],[-85.5,69.7],[-85.5,69.8],[-85.4,69.8],[-85.3,69.8],[-85.4,69.8],[-85.6,69.8],[-85.6,69.9],[-85.4,69.9],[-85.3,69.8],[-85.2,69.8],[-85.1,69.8],[-85.0,69.8],[-84.9,69.8],[-84.9,69.9],[-84.8,69.8],[-84.7,69.8],[-84.7,69.9],[-84.3,69.9],[-84.3,69.8],[-84.2,69.8],[-84.0,69.8],[-83.8,69.7],[-83.7,69.7],[-83.5,69.7],[-83.4,69.7],[-83.3,69.7],[-83.0,69.7],[-82.9,69.7],[-82.7,69.7],[-82.6,69.7],[-82.4,69.6],[-82.3,69.6],[-82.4,69.6],[-82.5,69.6],[-82.6,69.6],[-82.7,69.6],[-82.6,69.6],[-82.8,69.6],[-82.6,69.6],[-82.6,69.5],[-82.5,69.5],[-82.9,69.5],[-83.3,69.6],[-83.3,69.5],[-83.2,69.5],[-82.7,69.5],[-82.3,69.4],[-82.2,69.4],[-82.3,69.4],[-82.4,69.4],[-82.3,69.4],[-82.2,69.3],[-82.1,69.3],[-82.2,69.3],[-82.3,69.3],[-82.2,69.3],[-82.3,69.3],[-82.3,69.2],[-82.2,69.2],[-82.0,69.2],[-82.0,69.3],[-81.8,69.3],[-81.6,69.2],[-81.5,69.2],[-81.4,69.2],[-81.3,69.2],[-81.3,69.1],[-81.4,69.1],[-81.5,69.1],[-81.6,69.0],[-81.7,69.0],[-81.7,68.9],[-81.9,68.9],[-82.0,68.9],[-82.1,68.9],[-81.9,68.9],[-81.8,68.9],[-81.7,68.9],[-81.6,68.9],[-81.6,68.8],[-81.5,68.8],[-81.5,68.9],[-81.4,68.9],[-81.3,68.8],[-81.2,68.8],[-81.3,68.8],[-81.3,68.7],[-81.3,68.6],[-81.4,68.6],[-81.5,68.6],[-81.6,68.5],[-81.7,68.5],[-81.8,68.5],[-81.9,68.5],[-82.0,68.4],[-82.1,68.5],[-82.2,68.5],[-82.3,68.5],[-82.2,68.5],[-82.3,68.5],[-82.4,68.5],[-82.5,68.5],[-82.6,68.5],[-82.5,68.5],[-82.6,68.4],[-82.7,68.4],[-82.6,68.4],[-82.5,68.4],[-82.4,68.4],[-82.3,68.3],[-82.4,68.3],[-82.5,68.3],[-82.4,68.3],[-82.3,68.3],[-82.3,68.2],[-82.3,68.1],[-82.2,68.1],[-82.1,68.1],[-82.1,68.2],[-82.0,68.2],[-82.0,68.1],[-82.1,68.1],[-82.1,68.0],[-82.2,68.0],[-82.1,68.0],[-82.1,67.9],[-82.0,67.9],[-82.0,67.8],[-81.9,67.8],[-81.8,67.8],[-81.8,67.7],[-81.7,67.7],[-81.6,67.7],[-81.5,67.6],[-81.4,67.6],[-81.3,67.5],[-81.2,67.5],[-81.3,67.4],[-81.3,67.3],[-81.4,67.3],[-81.4,67.2],[-81.4,67.1],[-81.5,67.1],[-81.5,67.0],[-81.6,67.0],[-81.7,67.0],[-81.8,67.0],[-81.9,67.0],[-82.0,67.0],[-82.0,66.9],[-82.1,66.9],[-82.1,66.8],[-82.2,66.8],[-82.2,66.7],[-82.4,66.7],[-82.5,66.7],[-82.5,66.6],[-82.6,66.6],[-82.9,66.6],[-83.0,66.6],[-83.0,66.5],[-83.1,66.5],[-83.3,66.4],[-83.4,66.4],[-83.5,66.4],[-83.6,66.3],[-83.6,66.4],[-83.7,66.4],[-83.6,66.4],[-83.5,66.4],[-83.6,66.4],[-83.6,66.5],[-83.7,66.5],[-83.8,66.5],[-83.9,66.6],[-84.0,66.6],[-84.0,66.7],[-83.9,66.7],[-83.9,66.6],[-83.9,66.7],[-84.0,66.7],[-83.9,66.7],[-84.0,66.7],[-83.9,66.8],[-83.9,66.9],[-83.9,66.8],[-84.0,66.8],[-84.1,66.7],[-84.3,66.7],[-84.3,66.8],[-84.4,66.8],[-84.2,66.8],[-84.4,66.9],[-84.5,66.9],[-84.6,67.0],[-84.5,67.0],[-84.4,67.0],[-84.8,67.0],[-84.9,67.1],[-84.9,67.0],[-84.8,67.0],[-84.9,67.0],[-84.8,67.0],[-84.7,67.0],[-84.6,67.0],[-85.0,67.0],[-85.2,66.9],[-85.1,66.9],[-85.2,66.9],[-85.2,66.8],[-85.1,66.8],[-85.1,66.9],[-85.0,66.9],[-84.9,66.9],[-85.0,66.9],[-84.9,66.9],[-84.8,67.0],[-84.7,66.9],[-84.6,66.9],[-84.7,66.9],[-84.6,66.9],[-84.5,66.9],[-84.5,66.8],[-84.6,66.8],[-84.7,66.9],[-84.7,66.8],[-84.5,66.8],[-84.4,66.8],[-84.3,66.8],[-84.4,66.7],[-84.5,66.7],[-84.4,66.7],[-84.3,66.7],[-84.2,66.7],[-84.1,66.7],[-84.2,66.6],[-84.1,66.5],[-84.0,66.5],[-83.9,66.5],[-83.9,66.4],[-83.9,66.3],[-83.8,66.3],[-83.7,66.2],[-83.8,66.2],[-83.9,66.2],[-83.8,66.2],[-83.9,66.2],[-84.0,66.2],[-84.1,66.2],[-84.1,66.3],[-84.2,66.3],[-84.3,66.3],[-84.4,66.3],[-84.4,66.4],[-84.5,66.4],[-84.6,66.4],[-84.6,66.3],[-84.5,66.3],[-84.4,66.2],[-84.5,66.2],[-84.6,66.2],[-84.8,66.2],[-84.9,66.3],[-85.0,66.3],[-85.1,66.3],[-85.2,66.3],[-85.3,66.3],[-85.3,66.4],[-85.3,66.5],[-85.4,66.5],[-85.4,66.6],[-85.5,66.6],[-85.7,66.5],[-85.8,66.5],[-85.9,66.5],[-86.1,66.5],[-86.2,66.5],[-86.3,66.5],[-86.3,66.6],[-86.4,66.6],[-86.4,66.5],[-86.5,66.5],[-86.6,66.6],[-86.6,66.5],[-86.7,66.5],[-86.8,66.5],[-86.7,66.5],[-86.6,66.4],[-86.7,66.4],[-86.8,66.5],[-86.8,66.4],[-86.7,66.4],[-86.6,66.3],[-86.5,66.3],[-86.3,66.3],[-86.0,66.2],[-85.9,66.2],[-85.9,66.1],[-86.0,66.1],[-86.0,66.0],[-86.1,66.0],[-86.2,66.0],[-86.2,65.9],[-86.3,65.9],[-86.4,65.9],[-86.5,65.9],[-86.5,65.8],[-86.5,65.7],[-86.6,65.7],[-86.7,65.7],[-86.7,65.6],[-86.8,65.6],[-86.9,65.6],[-87.0,65.5],[-87.1,65.5],[-87.1,65.4],[-87.2,65.4],[-87.3,65.4],[-87.3,65.3],[-87.4,65.3],[-87.7,65.3],[-87.9,65.3],[-88.1,65.4],[-88.2,65.4],[-88.3,65.4],[-88.3,65.5],[-88.4,65.5],[-88.5,65.6],[-88.6,65.6],[-88.7,65.6],[-88.8,65.6],[-88.6,65.6],[-88.5,65.6],[-88.4,65.6],[-88.7,65.7],[-88.8,65.7],[-88.9,65.7],[-89.0,65.7],[-89.1,65.7],[-89.1,65.8],[-89.2,65.8],[-89.3,65.8],[-89.4,65.9],[-89.5,65.9],[-89.6,65.9],[-89.7,65.9],[-89.8,65.9],[-90.0,66.0],[-90.0,65.9],[-89.8,65.9],[-89.7,65.9],[-89.7,65.8],[-89.8,65.8],[-89.9,65.8],[-89.9,65.9],[-90.0,65.9],[-90.1,65.9],[-90.2,65.9],[-90.3,65.9],[-90.4,65.9],[-90.3,65.9],[-90.2,65.9],[-90.4,65.9],[-90.7,65.9],[-91.0,65.9],[-91.1,66.0],[-91.2,65.9],[-91.3,66.0],[-91.4,66.0],[-91.5,66.0],[-91.5,65.9],[-91.1,65.8],[-91.0,65.8],[-91.1,65.9],[-91.0,65.9],[-90.9,65.9],[-90.7,65.9],[-90.5,65.9],[-90.3,65.8],[-90.1,65.8],[-90.0,65.8],[-89.9,65.8],[-89.8,65.7],[-89.7,65.7],[-89.6,65.7],[-89.6,65.6],[-89.5,65.6],[-89.4,65.6],[-89.4,65.5],[-89.3,65.5],[-89.2,65.5],[-89.2,65.4],[-89.1,65.4],[-89.1,65.3],[-89.0,65.3],[-88.9,65.3],[-88.6,65.3],[-88.5,65.3],[-88.1,65.3],[-88.0,65.3],[-87.9,65.3],[-87.8,65.3],[-87.7,65.3],[-87.6,65.3],[-87.5,65.3],[-87.4,65.3],[-87.0,65.2],[-87.1,65.2],[-87.0,65.2],[-86.9,65.1],[-87.0,65.1],[-87.0,65.0],[-87.1,65.0],[-87.1,64.9],[-87.2,64.9],[-87.3,64.8],[-87.4,64.8],[-87.4,64.7],[-87.5,64.7],[-87.5,64.6],[-87.6,64.6],[-87.8,64.5],[-87.9,64.5],[-87.9,64.4],[-87.9,64.3],[-88.0,64.3],[-88.1,64.2],[-88.0,64.2],[-88.1,64.2],[-88.1,64.1],[-88.2,64.1],[-88.3,64.1],[-88.5,64.1],[-88.5,64.0],[-88.6,64.0],[-88.7,64.0],[-88.8,64.0],[-88.9,64.0],[-89.0,64.0],[-89.1,64.0],[-89.1,64.1],[-89.2,64.1],[-89.2,64.2],[-89.3,64.2],[-89.3,64.1],[-89.2,64.1],[-89.2,64.0],[-89.1,64.0],[-89.0,64.0],[-89.0,63.9],[-89.1,64.0],[-89.2,64.0],[-89.3,64.0],[-89.2,64.0],[-89.3,64.0],[-89.4,64.0],[-89.5,64.0],[-89.5,64.1],[-89.6,64.1],[-89.6,64.0],[-89.5,64.0],[-89.6,64.0],[-89.7,64.1],[-89.7,64.0],[-89.7,64.1],[-89.8,64.1],[-89.7,64.1],[-89.7,64.2],[-89.8,64.2],[-89.7,64.2],[-89.8,64.2],[-89.8,64.3],[-89.8,64.2],[-89.9,64.2],[-89.8,64.2],[-89.8,64.1],[-89.9,64.1],[-89.9,64.2],[-90.0,64.2],[-90.0,64.1],[-90.1,64.1],[-90.0,64.1],[-89.9,64.1],[-89.9,64.0],[-89.8,64.0],[-89.8,63.9],[-89.9,63.9],[-90.0,63.9],[-90.0,64.0],[-90.1,64.0],[-90.2,64.0],[-90.3,64.0],[-90.2,64.0],[-90.1,63.9],[-90.0,63.8],[-90.1,63.8],[-90.1,63.7],[-90.2,63.7],[-90.2,63.6],[-90.1,63.6],[-90.2,63.6],[-90.3,63.6],[-90.2,63.6],[-90.3,63.7],[-90.3,63.6],[-90.4,63.6],[-90.5,63.6],[-90.5,63.7],[-90.6,63.7],[-90.7,63.7],[-90.6,63.7],[-90.5,63.6],[-90.6,63.6],[-90.7,63.6],[-90.9,63.6],[-91.0,63.6],[-91.1,63.6],[-91.2,63.6],[-91.3,63.6],[-91.3,63.7],[-91.4,63.7],[-91.3,63.7],[-91.4,63.7],[-91.5,63.7],[-91.6,63.7],[-91.7,63.7],[-91.7,63.8],[-91.7,63.7],[-91.9,63.7],[-91.9,63.8],[-92.0,63.8],[-91.9,63.8],[-92.0,63.8],[-92.1,63.8],[-92.0,63.8],[-92.1,63.7],[-92.1,63.8],[-92.2,63.8],[-92.3,63.8],[-92.4,63.8],[-92.5,63.8],[-92.8,63.9],[-92.9,63.9],[-93.0,63.9],[-93.1,63.9],[-93.1,64.0],[-93.2,64.0],[-93.3,64.0],[-93.4,64.0],[-93.5,64.0],[-93.5,64.1],[-93.6,64.1],[-93.6,64.2],[-93.7,64.2],[-93.8,64.2],[-93.7,64.2],[-93.7,64.1],[-93.6,64.1],[-93.6,64.0],[-93.5,64.0],[-93.6,64.0],[-93.8,64.0],[-93.7,64.0],[-93.7,63.9],[-93.6,63.9],[-93.5,63.8],[-93.4,63.8],[-93.3,63.8],[-93.4,63.8],[-93.3,63.8],[-93.2,63.8],[-93.3,63.8],[-93.3,63.9],[-93.4,63.9],[-93.5,63.9],[-93.4,63.9],[-93.5,64.0],[-93.4,64.0],[-93.3,64.0],[-93.2,63.9],[-93.1,63.9],[-93.0,63.9],[-92.9,63.8],[-92.8,63.8],[-92.6,63.8],[-92.5,63.8],[-92.4,63.8],[-92.4,63.7],[-92.3,63.7],[-92.2,63.7],[-92.1,63.7],[-92.2,63.7],[-92.2,63.6],[-92.3,63.6],[-92.3,63.7],[-92.3,63.6],[-92.4,63.6],[-92.5,63.6],[-92.5,63.5],[-92.4,63.5],[-92.4,63.6],[-92.4,63.5],[-92.3,63.6],[-92.3,63.5],[-92.2,63.5],[-92.2,63.6],[-92.1,63.6],[-92.0,63.6],[-92.0,63.7],[-91.9,63.7],[-91.8,63.7],[-91.7,63.7],[-91.6,63.7],[-91.6,63.6],[-91.5,63.6],[-91.4,63.5],[-91.3,63.5],[-91.2,63.5],[-91.1,63.5],[-91.0,63.5],[-90.9,63.4],[-90.8,63.4],[-91.0,63.4],[-90.9,63.4],[-90.8,63.4],[-90.7,63.4],[-90.7,63.3],[-90.8,63.3],[-90.7,63.3],[-90.7,63.2],[-90.7,63.1],[-90.6,63.1],[-90.7,63.0],[-90.8,63.0],[-90.7,63.0],[-90.8,63.0],[-90.8,62.9],[-91.0,63.0],[-91.1,62.9],[-91.2,62.9],[-91.3,62.8],[-91.4,62.8],[-91.7,62.8],[-91.8,62.8],[-92.0,62.8],[-92.1,62.9],[-92.1,62.8],[-92.2,62.8],[-92.3,62.8],[-92.4,62.8],[-92.5,62.8],[-92.4,62.8],[-92.4,62.7],[-92.3,62.7],[-92.2,62.7],[-92.3,62.7],[-92.2,62.7],[-92.0,62.7],[-91.9,62.6],[-92.0,62.6],[-91.9,62.5],[-92.0,62.5],[-92.1,62.5],[-92.2,62.5],[-92.2,62.6],[-92.1,62.6],[-92.2,62.6],[-92.3,62.6],[-92.2,62.6],[-92.3,62.6],[-92.3,62.5],[-92.4,62.5],[-92.5,62.5],[-92.5,62.6],[-92.6,62.6],[-92.5,62.5],[-92.6,62.5],[-92.5,62.5],[-92.5,62.4],[-92.6,62.5],[-92.7,62.5],[-92.7,62.4],[-92.8,62.4],[-92.8,62.3],[-92.7,62.3],[-92.6,62.3],[-92.6,62.2],[-92.5,62.2],[-92.6,62.2],[-92.7,62.2],[-92.7,62.3],[-92.8,62.3],[-92.9,62.3],[-93.1,62.3],[-93.3,62.4],[-93.2,62.3],[-93.1,62.3],[-93.0,62.3],[-92.9,62.3],[-92.8,62.3],[-92.8,62.2],[-92.9,62.2],[-93.0,62.2],[-93.1,62.2],[-93.1,62.1],[-93.0,62.1],[-92.9,62.1],[-93.0,62.1],[-93.1,62.1],[-93.1,62.0],[-93.1,62.1],[-93.2,62.0],[-93.1,62.0],[-93.2,62.0],[-93.3,62.0],[-93.3,62.1],[-93.3,62.0],[-93.4,62.0],[-93.2,62.0],[-93.4,62.0],[-93.3,61.9],[-93.5,61.9],[-93.6,62.0],[-93.6,61.9],[-93.5,61.9],[-93.6,61.9],[-93.5,61.9],[-93.5,61.8],[-93.3,61.8],[-93.4,61.8],[-93.3,61.8],[-93.2,61.8],[-93.3,61.8],[-93.3,61.7],[-93.3,61.8],[-93.4,61.8],[-93.5,61.8],[-93.4,61.7],[-93.3,61.7],[-93.4,61.7],[-93.5,61.7],[-93.7,61.6],[-93.8,61.6],[-93.9,61.5],[-94.0,61.5],[-94.0,61.4],[-93.9,61.4],[-94.0,61.4],[-93.9,61.4],[-93.8,61.4],[-93.8,61.3],[-93.9,61.3],[-94.0,61.3],[-94.1,61.3],[-94.0,61.3],[-94.0,61.2],[-94.1,61.2],[-94.0,61.2],[-94.1,61.1],[-94.0,61.1],[-94.1,61.1],[-94.1,61.0],[-94.2,61.0],[-94.2,60.9],[-94.3,60.9],[-94.4,60.9],[-94.4,60.8],[-94.4,60.7],[-94.5,60.7],[-94.5,60.6],[-94.5,60.5],[-94.6,60.5],[-94.7,60.6],[-94.7,60.5],[-94.6,60.5],[-94.7,60.5],[-94.8,60.5],[-94.7,60.5],[-94.6,60.4],[-94.6,60.3],[-94.7,60.3],[-94.7,60.2],[-94.7,60.1],[-94.8,60.1],[-94.8,60.0],[-94.8,59.9],[-94.8,59.8],[-94.8,59.7],[-94.8,59.6],[-94.8,59.5],[-94.7,59.5],[-94.7,59.4],[-94.7,59.3],[-94.7,59.4],[-94.7,59.3],[-94.8,59.3],[-94.8,59.2],[-94.8,59.1],[-94.9,59.1],[-95.0,59.1],[-94.8,59.1],[-94.8,59.0],[-94.7,59.0],[-94.7,58.9],[-94.7,58.8],[-94.7,58.9],[-94.6,58.9],[-94.5,58.9],[-94.5,58.8],[-94.5,58.7],[-94.4,58.7],[-94.3,58.7],[-94.3,58.8],[-94.2,58.8],[-94.2,58.7],[-94.3,58.6],[-94.3,58.5],[-94.3,58.4],[-94.3,58.3],[-94.4,58.2],[-94.3,58.3],[-94.3,58.4],[-94.2,58.4],[-94.2,58.5],[-94.2,58.6],[-94.2,58.7],[-94.1,58.7],[-94.2,58.8],[-94.1,58.8],[-93.9,58.8],[-93.8,58.8],[-93.7,58.8],[-93.6,58.8],[-93.5,58.8],[-93.5,58.7],[-93.4,58.7],[-93.3,58.8],[-93.2,58.8],[-93.2,58.7],[-93.1,58.7],[-93.1,58.6],[-93.1,58.5],[-93.1,58.4],[-93.0,58.4],[-93.0,58.3],[-92.9,58.2],[-92.9,58.1],[-92.8,58.1],[-92.8,58.0],[-92.8,57.9],[-92.8,57.8],[-92.7,57.8],[-92.7,57.7],[-92.6,57.7],[-92.6,57.6],[-92.6,57.5],[-92.5,57.5],[-92.5,57.4],[-92.4,57.4],[-92.4,57.3],[-92.5,57.2],[-92.5,57.1],[-92.6,57.0],[-92.7,57.0],[-92.7,56.9],[-92.8,56.9],[-92.9,56.9],[-92.7,56.9],[-92.5,57.0],[-92.3,57.1],[-92.2,57.1],[-92.2,57.0],[-92.3,57.0],[-92.4,57.0],[-92.5,56.9],[-92.4,56.9],[-92.3,57.0],[-92.2,57.0],[-92.1,57.0],[-92.0,57.1],[-91.8,57.1],[-91.5,57.2],[-91.2,57.2],[-91.0,57.3],[-90.9,57.3],[-90.7,57.2],[-90.6,57.2],[-90.5,57.2],[-90.4,57.2],[-90.3,57.1],[-90.2,57.1],[-90.1,57.1],[-90.0,57.0],[-89.9,57.0],[-89.8,57.0],[-89.6,56.9],[-89.5,56.9],[-89.4,56.9],[-89.3,56.9],[-89.2,56.9],[-89.1,56.9],[-89.1,56.8],[-89.0,56.8],[-89.0,56.9],[-88.9,56.9],[-88.9,56.8],[-88.8,56.8],[-88.7,56.8],[-88.7,56.7],[-88.6,56.7],[-88.5,56.7],[-88.5,56.6],[-88.4,56.6],[-88.3,56.5],[-88.1,56.5],[-88.0,56.5],[-88.0,56.4],[-87.9,56.4],[-87.9,56.3],[-87.7,56.2],[-87.7,56.1],[-87.6,56.1],[-87.6,56.0],[-87.6,56.1],[-87.5,56.0],[-87.4,56.0],[-87.4,55.9],[-87.3,56.0],[-87.1,55.9],[-87.0,55.9],[-86.9,55.9],[-86.8,55.9],[-86.7,55.9],[-86.6,55.8],[-86.4,55.8],[-86.3,55.7],[-86.0,55.7],[-85.9,55.7],[-85.9,55.6],[-85.8,55.6],[-85.7,55.6],[-85.6,55.6],[-85.6,55.5],[-85.5,55.5],[-85.4,55.4],[-85.3,55.4],[-85.2,55.4],[-85.1,55.3],[-85.2,55.3],[-85.2,55.2],[-85.3,55.2],[-85.4,55.1],[-85.4,55.0],[-85.3,55.1],[-85.2,55.2],[-85.2,55.3],[-85.1,55.3],[-84.9,55.3],[-84.6,55.2],[-84.5,55.3],[-84.4,55.3],[-84.2,55.3],[-84.1,55.3],[-84.0,55.3],[-83.9,55.3],[-83.8,55.3],[-83.7,55.3],[-83.7,55.2],[-83.6,55.2],[-83.6,55.1],[-83.6,55.2],[-83.7,55.2],[-83.7,55.3],[-83.6,55.3],[-83.5,55.2],[-83.4,55.2],[-83.3,55.2],[-83.2,55.2],[-83.1,55.2],[-83.0,55.2],[-82.9,55.2],[-82.9,55.1],[-83.0,55.1],[-82.9,55.1],[-82.9,55.2],[-82.8,55.1],[-82.7,55.1],[-82.7,55.2],[-82.6,55.2],[-82.6,55.1],[-82.5,55.1],[-82.5,55.2],[-82.5,55.1],[-82.4,55.1],[-82.3,55.1],[-82.4,55.2],[-82.3,55.2],[-82.3,55.1],[-82.2,55.1],[-82.3,55.1],[-82.3,55.0],[-82.3,54.9],[-82.2,54.9],[-82.2,54.8],[-82.3,54.7],[-82.3,54.6],[-82.4,54.5],[-82.4,54.4],[-82.4,54.3],[-82.4,54.2],[-82.4,54.1],[-82.3,54.1],[-82.2,54.1],[-82.2,53.9],[-82.1,53.8],[-82.1,53.7],[-82.2,53.7],[-82.2,53.6],[-82.2,53.5],[-82.1,53.4],[-82.1,53.3],[-82.2,53.2],[-82.3,53.2],[-82.2,53.2],[-82.3,53.1],[-82.3,53.0],[-82.2,52.9],[-82.1,52.9],[-82.0,52.8],[-82.0,52.7],[-81.9,52.7],[-81.8,52.6],[-81.7,52.5],[-81.6,52.5],[-81.6,52.4],[-81.5,52.3],[-81.6,52.3],[-81.7,52.3],[-81.8,52.3],[-81.8,52.2],[-81.9,52.2],[-81.8,52.2],[-81.9,52.2],[-81.8,52.2],[-81.7,52.2],[-81.5,52.2],[-81.4,52.2],[-81.4,52.1],[-81.3,52.1],[-81.2,52.1],[-81.2,52.0],[-81.1,52.0],[-81.1,52.1],[-81.1,52.0],[-81.0,52.0],[-80.9,51.9],[-80.8,51.9],[-80.8,51.8],[-80.7,51.8],[-80.6,51.7],[-80.6,51.6],[-80.5,51.6],[-80.5,51.5],[-80.4,51.5],[-80.4,51.4],[-80.5,51.3],[-80.6,51.3],[-80.7,51.3],[-80.7,51.2],[-80.8,51.2],[-80.9,51.1],[-81.0,51.1],[-81.0,51.0],[-80.9,51.1],[-80.9,51.0],[-81.0,51.0],[-80.9,51.0],[-80.9,51.1],[-80.8,51.1],[-80.7,51.1],[-80.7,51.2],[-80.6,51.2],[-80.6,51.3],[-80.5,51.3],[-80.4,51.3],[-80.3,51.3],[-80.2,51.3],[-80.1,51.3],[-80.0,51.3],[-79.9,51.2],[-79.8,51.1],[-79.7,51.1],[-79.7,51.0],[-79.6,51.0],[-79.5,50.9],[-79.4,50.9],[-79.4,50.8],[-79.4,50.7],[-79.3,50.7],[-79.3,50.8],[-79.4,50.8],[-79.4,50.9],[-79.5,50.9],[-79.5,51.0],[-79.7,51.1],[-79.7,51.2],[-79.7,51.3],[-79.7,51.4],[-79.6,51.4],[-79.6,51.5],[-79.5,51.5],[-79.6,51.6],[-79.5,51.6],[-79.3,51.7],[-79.3,51.6],[-79.2,51.6],[-79.3,51.6],[-79.3,51.5],[-79.2,51.5],[-79.1,51.5],[-79.0,51.5],[-79.0,51.4],[-79.0,51.3],[-78.9,51.3],[-79.0,51.3],[-79.0,51.2],[-78.9,51.2],[-78.8,51.2],[-78.9,51.2],[-78.9,51.3],[-78.8,51.4],[-78.9,51.4],[-78.8,51.4],[-78.8,51.5],[-78.7,51.5],[-78.8,51.5],[-78.8,51.6],[-78.9,51.6],[-78.9,51.7],[-79.0,51.7],[-79.0,51.8],[-78.9,51.8],[-78.8,51.8],[-78.8,51.9],[-78.9,51.9],[-78.9,52.0],[-78.8,52.0],[-78.7,52.0],[-78.7,52.1],[-78.6,52.1],[-78.7,52.1],[-78.6,52.1],[-78.6,52.2],[-78.5,52.2],[-78.6,52.2],[-78.5,52.2],[-78.5,52.3],[-78.4,52.2],[-78.4,52.3],[-78.5,52.3],[-78.6,52.3],[-78.5,52.3],[-78.5,52.4],[-78.5,52.5],[-78.6,52.5],[-78.5,52.5],[-78.6,52.5],[-78.7,52.5],[-78.6,52.5],[-78.7,52.6],[-78.7,52.5],[-78.7,52.6],[-78.8,52.6],[-78.7,52.6],[-78.7,52.7],[-78.7,52.6],[-78.8,52.6],[-78.8,52.7],[-78.9,52.8],[-78.8,52.8],[-78.7,52.8],[-78.8,52.8],[-78.7,52.9],[-78.8,52.9],[-78.9,52.9],[-78.9,53.0],[-78.8,53.0],[-78.9,53.0],[-79.0,53.0],[-78.9,53.0],[-78.9,53.1],[-79.0,53.1],[-78.9,53.2],[-78.9,53.3],[-79.0,53.3],[-78.9,53.3],[-79.0,53.3],[-79.0,53.4],[-78.9,53.4],[-79.0,53.4],[-79.0,53.5],[-79.0,53.4],[-79.1,53.4],[-79.1,53.5],[-79.0,53.5],[-79.0,53.6],[-79.0,53.5],[-78.9,53.6],[-79.0,53.6],[-79.1,53.6],[-79.0,53.6],[-79.0,53.7],[-79.1,53.7],[-79.2,53.7],[-79.1,53.7],[-79.0,53.7],[-79.1,53.7],[-79.1,53.8],[-79.0,53.8],[-79.1,53.8],[-79.0,53.8],[-79.1,53.8],[-79.0,53.8],[-78.9,53.8],[-79.0,53.9],[-79.1,53.9],[-79.0,53.9],[-79.1,53.9],[-79.1,54.0],[-79.1,53.9],[-79.0,53.9],[-79.0,54.0],[-79.1,54.0],[-79.0,54.0],[-79.1,54.0],[-79.0,54.0],[-79.1,54.1],[-79.3,54.1],[-79.2,54.1],[-79.1,54.1],[-79.1,54.2],[-79.0,54.2],[-79.1,54.2],[-79.2,54.2],[-79.3,54.2],[-79.4,54.2],[-79.3,54.2],[-79.3,54.3],[-79.4,54.3],[-79.5,54.3],[-79.5,54.4],[-79.5,54.5],[-79.6,54.5],[-79.5,54.5],[-79.6,54.6],[-79.5,54.6],[-79.6,54.6],[-79.7,54.6],[-79.6,54.6],[-79.7,54.7],[-79.8,54.7],[-79.7,54.7],[-79.6,54.7],[-79.5,54.7],[-79.5,54.8],[-79.4,54.8],[-79.3,54.8],[-79.0,54.9],[-78.9,54.9],[-78.8,54.9],[-78.7,54.9],[-78.7,55.0],[-78.6,55.0],[-78.5,55.0],[-78.4,55.0],[-78.3,55.1],[-78.2,55.1],[-78.0,55.2],[-78.1,55.2],[-78.0,55.2],[-77.9,55.2],[-77.8,55.3],[-77.7,55.4],[-77.6,55.4],[-77.2,55.6],[-77.1,55.7],[-77.2,55.7],[-77.0,55.8],[-76.9,55.9],[-76.8,55.9],[-76.8,56.0],[-76.7,56.0],[-76.7,56.1],[-76.6,56.1],[-76.6,56.2],[-76.6,56.3],[-76.5,56.3],[-76.5,56.4],[-76.5,56.5],[-76.5,56.6],[-76.5,56.7],[-76.5,56.8],[-76.5,56.9],[-76.5,57.0],[-76.6,57.0],[-76.6,57.1],[-76.5,57.1],[-76.6,57.1],[-76.6,57.2],[-76.6,57.3],[-76.7,57.4],[-76.7,57.5],[-76.8,57.6],[-76.8,57.7],[-76.9,57.7],[-76.9,57.8],[-77.0,57.8],[-77.0,57.9],[-77.1,57.9],[-77.1,58.0],[-77.2,58.1],[-77.3,58.1],[-77.4,58.1],[-77.5,58.2],[-77.4,58.2],[-77.5,58.2],[-77.6,58.3],[-77.7,58.3],[-77.8,58.3],[-78.0,58.4],[-78.1,58.5],[-78.2,58.5],[-78.3,58.5],[-78.3,58.6],[-78.4,58.6],[-78.3,58.5],[-78.4,58.5],[-78.4,58.6],[-78.5,58.6],[-78.6,58.6],[-78.6,58.7],[-78.5,58.7],[-78.5,58.8],[-78.5,58.9],[-78.6,58.9],[-78.6,59.0],[-78.5,59.0],[-78.5,58.9],[-78.4,58.9],[-78.5,58.9],[-78.4,59.0],[-78.4,58.9],[-78.3,58.9],[-78.3,59.0],[-78.2,59.0],[-78.3,59.0],[-78.3,59.1],[-78.2,59.1],[-78.1,59.1],[-78.2,59.2],[-78.1,59.2],[-78.0,59.2],[-78.0,59.3],[-77.9,59.3],[-77.8,59.3],[-77.9,59.3],[-77.8,59.3],[-77.8,59.4],[-77.7,59.4],[-77.8,59.4],[-77.9,59.4],[-77.9,59.5],[-77.8,59.5],[-77.9,59.5],[-77.8,59.5],[-77.7,59.5],[-77.7,59.6],[-77.8,59.6],[-77.8,59.7],[-77.7,59.7],[-77.8,59.7],[-77.7,59.7],[-77.6,59.7],[-77.5,59.6],[-77.4,59.6],[-77.3,59.6],[-77.4,59.6],[-77.5,59.7],[-77.5,59.8],[-77.5,59.7],[-77.5,59.8],[-77.4,59.8],[-77.3,59.8],[-77.4,59.9],[-77.4,60.0],[-77.3,60.0],[-77.2,60.0],[-77.3,60.0],[-77.2,60.0],[-77.2,60.1],[-77.3,60.0],[-77.3,60.1],[-77.4,60.1],[-77.4,60.0],[-77.5,60.1],[-77.6,60.1],[-77.5,60.1],[-77.4,60.1],[-77.5,60.2],[-77.6,60.2],[-77.5,60.2],[-77.5,60.3],[-77.6,60.3],[-77.5,60.3],[-77.6,60.3],[-77.6,60.4],[-77.7,60.4],[-77.7,60.5],[-77.6,60.5],[-77.5,60.5],[-77.4,60.5],[-77.4,60.6],[-77.5,60.6],[-77.6,60.6],[-77.7,60.6],[-77.8,60.6],[-77.8,60.7],[-77.7,60.7],[-77.6,60.8],[-77.7,60.8],[-77.5,60.8],[-77.6,60.8],[-77.9,60.8],[-78.0,60.8],[-77.9,60.8],[-78.0,60.8],[-78.1,60.8],[-78.2,60.8],[-78.2,60.9],[-78.1,60.9],[-78.0,61.0],[-77.9,61.0],[-77.9,61.1],[-77.8,61.1],[-77.8,61.2],[-77.7,61.2],[-77.8,61.2],[-77.7,61.2],[-77.7,61.3],[-77.7,61.4],[-77.8,61.4],[-77.8,61.5],[-77.7,61.5],[-77.7,61.4],[-77.7,61.5],[-77.6,61.5],[-77.5,61.5],[-77.6,61.5],[-77.7,61.5],[-77.7,61.6],[-77.6,61.6],[-77.6,61.5],[-77.5,61.5],[-77.5,61.6],[-77.6,61.6],[-77.7,61.6],[-77.8,61.7],[-77.9,61.7],[-78.0,61.7],[-78.0,61.8],[-78.1,61.9],[-78.1,62.0],[-78.1,62.1],[-78.2,62.1],[-78.2,62.2],[-78.1,62.2],[-78.2,62.3],[-78.1,62.3],[-78.0,62.4],[-77.9,62.4],[-77.8,62.5],[-77.7,62.5],[-77.6,62.5],[-77.5,62.5],[-77.5,62.6],[-77.4,62.6],[-77.3,62.6],[-77.2,62.5],[-77.1,62.5],[-77.0,62.5],[-76.9,62.5],[-76.8,62.5],[-76.7,62.5],[-76.6,62.5],[-76.7,62.5],[-76.6,62.5],[-76.5,62.5],[-76.5,62.4],[-76.4,62.4],[-76.3,62.4],[-76.2,62.4],[-76.1,62.4],[-76.1,62.3],[-76.1,62.4],[-76.0,62.4],[-76.0,62.3],[-76.0,62.4],[-75.9,62.4],[-75.9,62.3],[-75.8,62.3],[-75.7,62.3],[-75.6,62.3],[-75.7,62.2],[-75.8,62.2],[-75.9,62.2],[-75.8,62.2],[-75.7,62.2],[-75.6,62.2],[-75.5,62.3],[-75.3,62.3],[-75.2,62.3],[-75.1,62.3],[-75.2,62.2],[-75.1,62.2],[-75.1,62.3],[-75.0,62.3],[-74.9,62.2],[-74.8,62.2],[-74.7,62.1],[-74.6,62.1],[-74.7,62.2],[-74.8,62.2],[-74.7,62.2],[-74.7,62.3],[-74.4,62.3],[-74.3,62.3],[-74.2,62.3],[-74.1,62.3],[-74.1,62.4],[-74.0,62.4],[-73.9,62.4],[-73.9,62.5],[-73.7,62.5],[-73.6,62.5],[-73.6,62.4],[-73.5,62.4],[-73.4,62.4],[-73.3,62.3],[-73.2,62.3],[-73.1,62.2],[-73.0,62.2],[-72.9,62.2],[-72.9,62.1],[-72.8,62.1],[-72.8,62.2],[-72.7,62.2],[-72.7,62.1],[-72.6,62.1],[-72.7,62.1],[-72.6,62.1],[-72.6,62.0],[-72.7,62.0],[-72.7,61.9],[-72.8,61.8],[-72.7,61.8],[-72.7,61.9],[-72.6,61.8],[-72.6,61.9],[-72.5,61.9],[-72.4,61.9],[-72.2,61.9],[-72.2,61.8],[-72.1,61.8],[-72.2,61.8],[-72.2,61.7],[-72.2,61.8],[-72.1,61.8],[-72.1,61.7],[-72.0,61.7],[-72.0,61.6],[-72.1,61.6],[-72.2,61.6],[-72.3,61.6],[-72.2,61.6],[-72.1,61.6],[-72.0,61.6],[-71.9,61.7],[-72.0,61.7],[-71.9,61.7],[-71.8,61.7],[-71.7,61.7],[-71.7,61.6],[-71.6,61.6],[-71.5,61.6],[-71.6,61.6],[-71.6,61.5],[-71.7,61.5],[-71.8,61.5],[-71.9,61.5],[-71.8,61.5],[-71.7,61.5],[-71.8,61.5],[-71.8,61.4],[-71.9,61.4],[-71.8,61.4],[-71.7,61.4],[-71.6,61.4],[-71.7,61.4],[-71.8,61.4],[-71.8,61.3],[-71.7,61.3],[-71.6,61.3],[-71.6,61.2],[-71.5,61.2],[-71.4,61.2],[-71.4,61.1],[-71.3,61.2],[-71.2,61.2],[-71.2,61.1],[-71.1,61.1],[-71.0,61.1],[-70.9,61.1],[-70.8,61.1],[-70.7,61.1],[-70.7,61.0],[-70.6,61.0],[-70.5,61.0],[-70.6,61.0],[-70.5,61.0],[-70.5,61.1],[-70.5,61.0],[-70.4,61.0],[-70.4,61.1],[-70.3,61.1],[-70.2,61.1],[-70.1,61.1],[-70.2,61.1],[-70.1,61.1],[-70.1,61.0],[-70.2,61.0],[-70.1,61.0],[-70.1,60.9],[-70.2,60.9],[-70.1,60.9],[-70.0,60.8],[-69.9,60.8],[-69.8,60.9],[-69.9,60.9],[-69.9,60.8],[-69.9,60.9],[-69.8,60.9],[-69.7,60.9],[-69.7,61.0],[-69.7,61.1],[-69.6,61.1],[-69.5,61.1],[-69.5,61.0],[-69.4,61.0],[-69.4,60.9],[-69.4,60.8],[-69.5,60.8],[-69.6,60.8],[-69.6,60.7],[-69.7,60.7],[-69.7,60.6],[-69.8,60.5],[-69.7,60.5],[-69.8,60.4],[-69.7,60.4],[-69.7,60.3],[-69.8,60.3],[-69.7,60.3],[-69.7,60.2],[-69.6,60.2],[-69.7,60.2],[-69.6,60.2],[-69.6,60.1],[-69.7,60.1],[-69.7,60.0],[-69.8,60.1],[-69.8,60.0],[-69.9,60.0],[-70.3,60.0],[-70.6,60.0],[-70.7,60.0],[-71.0,60.1],[-70.9,60.1],[-70.9,60.0],[-70.8,60.0],[-70.7,60.0],[-70.6,60.0],[-70.5,60.0],[-70.4,60.0],[-70.3,60.0],[-70.2,60.0],[-70.1,60.0],[-70.0,60.0],[-69.9,60.0],[-69.8,60.0],[-69.7,60.0],[-69.7,59.9],[-69.8,59.9],[-69.7,59.9],[-69.6,59.9],[-69.6,59.8],[-69.5,59.8],[-69.6,59.8],[-69.6,59.7],[-69.7,59.7],[-69.6,59.7],[-69.5,59.7],[-69.5,59.6],[-69.6,59.6],[-69.7,59.6],[-69.7,59.5],[-69.8,59.5],[-69.7,59.5],[-69.7,59.4],[-69.6,59.4],[-69.7,59.4],[-69.6,59.4],[-69.7,59.3],[-69.8,59.3],[-69.7,59.3],[-69.6,59.3],[-69.5,59.3],[-69.4,59.4],[-69.4,59.3],[-69.3,59.3],[-69.2,59.3],[-69.3,59.3],[-69.2,59.3],[-69.2,59.2],[-69.3,59.2],[-69.4,59.2],[-69.5,59.2],[-69.5,59.1],[-69.4,59.1],[-69.3,59.1],[-69.4,59.1],[-69.4,59.0],[-69.5,59.0],[-69.5,59.1],[-69.5,58.9],[-69.5,58.8],[-69.6,58.8],[-69.7,58.8],[-69.7,58.9],[-69.7,59.0],[-69.8,59.0],[-69.9,59.1],[-69.9,59.0],[-69.8,58.9],[-69.8,58.8],[-69.9,58.9],[-69.9,58.8],[-70.0,58.8],[-70.1,58.8],[-70.2,58.8],[-70.3,58.8],[-70.2,58.8],[-70.1,58.8],[-70.0,58.7],[-70.0,58.8],[-69.9,58.8],[-69.9,58.7],[-69.8,58.7],[-69.9,58.7],[-69.9,58.6],[-69.8,58.6],[-69.7,58.7],[-69.6,58.7],[-69.6,58.8],[-69.5,58.8],[-69.4,58.8],[-69.4,58.9],[-69.3,58.9],[-69.2,58.9],[-69.1,58.9],[-69.0,58.9],[-68.9,58.9],[-68.8,58.9],[-68.7,58.9],[-68.6,58.9],[-68.5,58.9],[-68.5,58.8],[-68.4,58.8],[-68.4,58.7],[-68.3,58.7],[-68.4,58.6],[-68.3,58.6],[-68.3,58.5],[-68.2,58.5],[-68.2,58.4],[-68.3,58.3],[-68.3,58.2],[-68.4,58.2],[-68.3,58.2],[-68.3,58.1],[-68.4,58.1],[-68.5,58.0],[-68.7,58.0],[-68.8,58.0],[-69.0,58.0],[-69.0,57.9],[-69.1,57.9],[-69.2,57.9],[-69.4,57.8],[-69.1,57.9],[-69.0,57.9],[-68.9,57.9],[-68.8,58.0],[-68.7,58.0],[-68.6,58.0],[-68.5,58.0],[-68.4,58.0],[-68.4,58.1],[-68.3,58.1],[-68.3,58.2],[-68.2,58.3],[-68.2,58.4],[-68.2,58.5],[-68.1,58.5],[-68.0,58.5],[-68.0,58.6],[-68.0,58.5],[-67.9,58.5],[-67.9,58.4],[-67.9,58.3],[-68.0,58.2],[-68.1,58.2],[-68.1,58.1],[-68.0,58.1],[-68.0,58.2],[-67.9,58.2],[-67.9,58.3],[-67.8,58.3],[-67.8,58.4],[-67.8,58.5],[-67.7,58.5],[-67.7,58.4],[-67.7,58.3],[-67.6,58.3],[-67.6,58.2],[-67.7,58.2],[-67.7,58.1],[-67.7,58.0],[-67.7,57.9],[-67.7,58.0],[-67.6,58.0],[-67.6,58.1],[-67.7,58.1],[-67.6,58.1],[-67.6,58.2],[-67.5,58.2],[-67.5,58.3],[-67.4,58.3],[-67.3,58.3],[-67.2,58.3],[-67.2,58.4],[-67.1,58.4],[-67.0,58.4],[-67.0,58.5],[-66.9,58.5],[-66.9,58.4],[-66.8,58.4],[-66.8,58.5],[-66.7,58.5],[-66.6,58.5],[-66.7,58.5],[-66.6,58.5],[-66.6,58.6],[-66.6,58.7],[-66.5,58.7],[-66.5,58.8],[-66.4,58.8],[-66.4,58.9],[-66.4,58.8],[-66.3,58.8],[-66.2,58.8],[-66.2,58.7],[-66.1,58.7],[-66.0,58.7],[-66.0,58.6],[-65.9,58.6],[-66.0,58.6],[-66.0,58.5],[-66.0,58.4],[-66.1,58.4],[-66.1,58.3],[-66.0,58.3],[-66.0,58.4],[-65.9,58.4],[-65.9,58.5],[-66.0,58.5],[-65.9,58.5],[-65.9,58.6],[-65.8,58.6],[-65.9,58.6],[-65.9,58.7],[-66.0,58.7],[-66.0,58.8],[-66.1,58.8],[-66.0,58.8],[-66.0,58.9],[-66.0,58.8],[-65.9,58.8],[-65.8,58.8],[-65.8,58.9],[-65.9,58.9],[-66.0,58.9],[-65.9,58.9],[-65.9,59.0],[-65.8,59.0],[-65.7,58.9],[-65.7,59.0],[-65.8,59.0],[-65.7,59.0],[-65.8,59.0],[-65.7,59.0],[-65.7,59.1],[-65.7,59.0],[-65.6,59.0],[-65.5,59.0],[-65.6,59.0],[-65.6,59.1],[-65.5,59.1],[-65.4,59.0],[-65.3,59.0],[-65.3,59.1],[-65.4,59.1],[-65.5,59.1],[-65.6,59.1],[-65.7,59.1],[-65.7,59.2],[-65.7,59.3],[-65.7,59.2],[-65.6,59.2],[-65.6,59.3],[-65.6,59.2],[-65.6,59.3],[-65.5,59.3],[-65.6,59.3],[-65.6,59.4],[-65.5,59.4],[-65.4,59.3],[-65.4,59.4],[-65.5,59.4],[-65.5,59.5],[-65.6,59.5],[-65.5,59.5],[-65.4,59.5],[-65.2,59.5],[-65.2,59.4],[-65.1,59.4],[-65.0,59.4],[-65.1,59.4],[-65.2,59.5],[-65.3,59.5],[-65.4,59.5],[-65.5,59.6],[-65.5,59.7],[-65.5,59.8],[-65.4,59.8],[-65.3,59.8],[-65.2,59.8],[-65.1,59.8],[-65.0,59.8],[-65.1,59.8],[-65.2,59.8],[-65.2,59.9],[-65.1,59.9],[-65.2,59.9],[-65.1,59.9],[-65.1,60.0],[-65.1,59.9],[-65.1,60.0],[-65.0,60.1],[-65.1,60.1],[-65.0,60.1],[-65.0,60.2],[-64.9,60.2],[-65.0,60.3],[-64.9,60.3],[-64.8,60.3],[-64.9,60.4],[-64.8,60.4],[-64.7,60.3],[-64.7,60.4],[-64.6,60.3],[-64.5,60.3],[-64.4,60.3],[-64.4,60.2],[-64.5,60.3],[-64.6,60.3],[-64.7,60.3],[-64.8,60.2],[-64.7,60.2],[-64.7,60.3],[-64.6,60.3],[-64.5,60.3],[-64.5,60.2],[-64.6,60.2],[-64.5,60.2],[-64.4,60.2],[-64.5,60.1],[-64.6,60.1],[-64.7,60.1],[-64.7,60.0],[-64.8,60.0],[-64.6,60.1],[-64.5,60.1],[-64.4,60.1],[-64.4,60.0],[-64.5,60.0],[-64.4,60.0],[-64.4,59.9],[-64.5,59.9],[-64.4,59.9],[-64.4,60.0],[-64.3,60.0],[-64.2,60.0],[-64.3,60.0],[-64.3,60.1],[-64.3,60.0],[-64.2,60.0],[-64.1,60.0],[-64.2,60.0],[-64.3,60.0],[-64.3,59.9],[-64.2,59.9],[-64.3,59.9],[-64.2,59.9],[-64.1,59.9],[-64.2,59.9],[-64.2,59.8],[-64.3,59.8],[-64.2,59.7],[-64.1,59.7],[-64.0,59.7],[-63.9,59.7],[-64.0,59.7],[-63.9,59.7],[-64.0,59.6],[-64.1,59.6],[-64.1,59.5],[-64.0,59.6],[-63.9,59.6],[-64.0,59.5],[-63.9,59.5],[-63.9,59.6],[-63.8,59.5],[-63.7,59.5],[-63.8,59.5],[-63.8,59.4],[-64.0,59.4],[-64.1,59.4],[-64.0,59.4],[-63.8,59.4],[-63.7,59.4],[-63.7,59.3],[-63.8,59.3],[-63.8,59.2],[-63.8,59.3],[-63.7,59.3],[-63.7,59.4],[-63.6,59.4],[-63.5,59.3],[-63.6,59.3],[-63.6,59.2],[-63.5,59.2],[-63.5,59.3],[-63.4,59.3],[-63.4,59.2],[-63.5,59.2],[-63.4,59.2],[-63.4,59.1],[-63.5,59.1],[-63.6,59.1],[-63.7,59.1],[-63.8,59.1],[-64.0,59.1],[-64.0,59.0],[-64.0,59.1],[-63.9,59.1],[-63.9,59.0],[-63.8,59.0],[-63.7,59.0],[-63.6,59.0],[-63.5,59.0],[-63.5,59.1],[-63.4,59.1],[-63.3,59.1],[-63.2,59.1],[-63.1,59.1],[-63.1,59.0],[-63.2,59.0],[-63.3,59.0],[-63.2,59.0],[-63.3,59.0],[-63.3,58.9],[-63.3,59.0],[-63.2,59.0],[-63.2,58.9],[-63.3,58.9],[-63.2,58.9],[-63.2,58.8],[-63.1,58.8],[-63.1,58.9],[-63.0,58.9],[-63.1,58.9],[-63.0,58.9],[-62.9,58.8],[-63.0,58.7],[-62.9,58.7],[-62.8,58.7],[-62.9,58.7],[-62.9,58.6],[-63.1,58.6],[-63.1,58.5],[-63.2,58.5],[-63.3,58.5],[-63.4,58.5],[-63.5,58.5],[-63.4,58.5],[-63.3,58.5],[-63.4,58.4],[-63.5,58.4],[-63.6,58.3],[-63.5,58.3],[-63.4,58.4],[-63.3,58.5],[-63.2,58.5],[-63.1,58.5],[-63.1,58.4],[-63.2,58.4],[-63.1,58.4],[-63.1,58.5],[-63.0,58.4],[-63.0,58.5],[-62.9,58.5],[-62.8,58.5],[-62.7,58.5],[-62.6,58.5],[-62.6,58.4],[-62.7,58.4],[-62.6,58.4],[-62.6,58.3],[-62.7,58.3],[-62.9,58.3],[-62.9,58.2],[-62.8,58.3],[-62.7,58.3],[-62.6,58.3],[-62.6,58.2],[-62.7,58.2],[-62.8,58.2],[-63.1,58.2],[-63.1,58.1],[-63.0,58.1],[-63.2,58.1],[-63.1,58.1],[-63.1,58.0],[-63.2,58.0],[-63.3,58.0],[-63.1,58.0],[-63.1,58.1],[-63.0,58.1],[-62.9,58.1],[-62.8,58.1],[-62.9,58.1],[-62.8,58.1],[-62.7,58.1],[-62.6,58.1],[-62.6,58.2],[-62.6,58.1],[-62.5,58.1],[-62.5,58.2],[-62.5,58.1],[-62.4,58.1],[-62.3,58.1],[-62.3,58.0],[-62.4,58.0],[-62.5,58.0],[-62.7,57.9],[-62.6,57.9],[-62.6,58.0],[-62.5,58.0],[-62.4,58.0],[-62.4,57.9],[-62.4,58.0],[-62.3,58.0],[-62.3,57.9],[-62.3,58.0],[-62.2,57.9],[-62.2,58.0],[-62.1,58.0],[-62.1,57.9],[-62.1,57.8],[-62.0,57.8],[-62.0,57.7],[-61.9,57.7],[-61.9,57.6],[-62.0,57.6],[-62.1,57.6],[-62.1,57.5],[-62.2,57.5],[-62.3,57.5],[-62.4,57.5],[-62.5,57.5],[-62.4,57.4],[-62.3,57.4],[-62.2,57.4],[-62.2,57.5],[-62.1,57.5],[-62.0,57.5],[-61.9,57.4],[-61.8,57.4],[-61.9,57.4],[-61.9,57.3],[-62.0,57.3],[-62.0,57.2],[-61.9,57.2],[-61.8,57.2],[-61.6,57.2],[-61.7,57.2],[-61.5,57.2],[-61.4,57.1],[-61.4,57.0],[-61.3,57.0],[-61.4,57.0],[-61.5,57.0],[-61.6,56.9],[-61.7,56.9],[-61.6,56.9],[-61.6,56.8],[-61.7,56.8],[-61.8,56.8],[-61.9,56.8],[-61.9,56.7],[-61.8,56.8],[-61.7,56.7],[-61.8,56.7],[-61.7,56.7],[-61.7,56.6],[-61.9,56.6],[-61.9,56.7],[-62.0,56.7],[-62.1,56.7],[-62.2,56.7],[-62.3,56.7],[-62.3,56.8],[-62.5,56.8],[-62.3,56.8],[-62.2,56.8],[-62.0,56.8],[-62.1,56.8],[-62.3,56.8],[-62.4,56.8],[-62.5,56.9],[-62.5,56.8],[-62.6,56.8],[-62.4,56.8],[-62.4,56.7],[-62.3,56.7],[-62.2,56.7],[-62.1,56.7],[-62.0,56.6],[-61.9,56.6],[-62.2,56.6],[-62.0,56.6],[-61.9,56.6],[-61.8,56.6],[-61.7,56.6],[-61.7,56.5],[-61.8,56.5],[-62.0,56.5],[-62.1,56.5],[-62.0,56.5],[-61.9,56.5],[-62.0,56.5],[-62.1,56.5],[-62.1,56.4],[-62.0,56.4],[-61.9,56.4],[-61.8,56.4],[-61.8,56.3],[-61.7,56.3],[-61.6,56.3],[-61.8,56.3],[-61.7,56.3],[-61.8,56.3],[-61.9,56.3],[-62.0,56.3],[-62.1,56.3],[-62.0,56.3],[-62.0,56.2],[-61.9,56.2],[-61.8,56.2],[-61.7,56.2],[-61.6,56.2],[-61.5,56.2],[-61.4,56.2],[-61.3,56.2],[-61.4,56.2],[-61.3,56.2],[-61.4,56.2],[-61.4,56.1],[-61.3,56.1],[-61.4,56.1],[-61.3,56.1],[-61.4,56.1],[-61.5,56.1],[-61.4,56.1],[-61.3,56.1],[-61.2,56.0],[-61.3,56.0],[-61.4,56.0],[-61.5,56.0],[-61.4,56.0],[-61.5,56.0],[-61.4,56.0],[-61.3,56.0],[-61.2,56.0],[-61.2,55.9],[-61.2,56.0],[-61.1,56.0],[-61.1,55.9],[-61.2,55.9],[-61.1,55.9],[-61.1,55.8],[-60.9,55.9],[-60.8,55.9],[-60.7,55.9],[-60.7,55.8],[-60.8,55.8],[-60.9,55.8],[-60.9,55.7],[-60.9,55.8],[-61.0,55.7],[-60.9,55.7],[-60.8,55.7],[-60.7,55.7],[-60.7,55.8],[-60.6,55.8],[-60.6,55.7],[-60.7,55.7],[-60.6,55.7],[-60.6,55.6],[-60.7,55.6],[-60.6,55.6],[-60.6,55.7],[-60.5,55.7],[-60.5,55.8],[-60.4,55.8],[-60.3,55.8],[-60.4,55.7],[-60.5,55.7],[-60.5,55.6],[-60.4,55.6],[-60.5,55.5],[-60.4,55.5],[-60.4,55.6],[-60.3,55.6],[-60.3,55.5],[-60.4,55.5],[-60.5,55.4],[-60.4,55.4],[-60.5,55.4],[-60.4,55.4],[-60.5,55.4],[-60.4,55.4],[-60.3,55.5],[-60.4,55.4],[-60.3,55.4],[-60.3,55.5],[-60.3,55.4],[-60.3,55.5],[-60.2,55.5],[-60.2,55.4],[-60.3,55.4],[-60.4,55.4],[-60.4,55.3],[-60.5,55.3],[-60.5,55.2],[-60.6,55.2],[-60.5,55.2],[-60.4,55.2],[-60.4,55.3],[-60.4,55.2],[-60.5,55.2],[-60.5,55.1],[-60.6,55.1],[-60.7,55.1],[-60.7,55.0],[-60.6,55.0],[-60.6,55.1],[-60.5,55.1],[-60.5,55.2],[-60.4,55.2],[-60.3,55.2],[-60.2,55.3],[-60.2,55.2],[-60.2,55.3],[-60.1,55.3],[-60.2,55.2],[-60.1,55.2],[-60.0,55.3],[-60.1,55.2],[-60.2,55.1],[-60.3,55.1],[-60.3,55.0],[-60.2,55.1],[-60.1,55.1],[-60.1,55.2],[-60.0,55.2],[-59.9,55.2],[-59.9,55.3],[-59.8,55.3],[-59.7,55.3],[-59.7,55.2],[-59.8,55.2],[-59.7,55.2],[-59.8,55.2],[-59.9,55.2],[-60.0,55.2],[-60.0,55.1],[-59.9,55.1],[-59.8,55.1],[-59.7,55.2],[-59.7,55.1],[-59.6,55.1],[-59.6,55.2],[-59.5,55.2],[-59.5,55.1],[-59.5,55.2],[-59.4,55.2],[-59.4,55.1],[-59.5,55.1],[-59.6,55.1],[-59.6,55.0],[-59.7,55.0],[-59.7,54.9],[-59.8,54.9],[-59.9,54.9],[-59.9,54.8],[-59.8,54.8],[-59.8,54.9],[-59.8,54.8],[-59.9,54.8],[-59.9,54.7],[-59.9,54.8],[-59.8,54.8],[-59.8,54.9],[-59.7,54.9],[-59.6,54.9],[-59.4,55.1],[-59.4,55.0],[-59.4,55.1],[-59.3,55.1],[-59.3,55.2],[-59.2,55.2],[-59.1,55.2],[-59.2,55.1],[-59.3,55.1],[-59.3,55.0],[-59.4,55.0],[-59.3,55.0],[-59.2,55.0],[-59.2,55.1],[-59.1,55.1],[-59.2,55.1],[-59.1,55.1],[-59.0,55.2],[-59.0,55.1],[-59.0,55.0],[-58.9,55.0],[-58.9,54.9],[-59.0,54.9],[-58.9,54.9],[-58.9,54.8],[-58.8,54.8],[-58.8,54.9],[-58.8,54.8],[-58.7,54.8],[-58.6,54.8],[-58.5,54.8],[-58.6,54.8],[-58.5,54.8],[-58.4,54.8],[-58.4,54.7],[-58.4,54.8],[-58.2,54.8],[-58.2,54.7],[-58.1,54.7],[-58.0,54.7],[-57.9,54.7],[-57.8,54.7],[-57.7,54.7],[-57.7,54.6],[-57.6,54.6],[-57.6,54.7],[-57.5,54.7],[-57.4,54.6],[-57.3,54.6],[-57.4,54.6],[-57.4,54.5],[-57.7,54.5],[-57.5,54.5],[-57.4,54.5],[-57.4,54.4],[-57.4,54.5],[-57.5,54.5],[-57.5,54.4],[-57.6,54.4],[-57.7,54.4],[-57.8,54.4],[-57.9,54.4],[-58.2,54.4],[-58.2,54.3],[-58.3,54.3],[-58.2,54.3],[-58.1,54.3],[-58.2,54.3],[-58.3,54.3],[-58.5,54.2],[-58.6,54.2],[-58.7,54.2],[-58.7,54.1],[-58.9,54.1],[-59.0,54.1],[-59.1,54.1],[-59.2,54.1],[-59.3,54.1],[-59.4,54.0],[-59.4,54.1],[-59.5,54.1],[-59.6,54.1],[-59.6,54.0],[-59.5,54.0],[-59.4,54.0],[-59.3,54.0],[-59.1,54.1],[-59.0,54.1],[-58.8,54.1],[-58.7,54.1],[-58.6,54.2],[-58.5,54.2],[-58.4,54.2],[-58.5,54.2],[-58.5,54.1],[-58.6,54.1],[-58.6,54.0],[-58.7,54.0],[-58.9,54.1],[-59.0,54.0],[-58.9,54.0],[-59.0,54.0],[-59.1,54.0],[-59.1,53.9],[-59.2,53.9],[-59.3,53.9],[-59.4,53.9],[-59.4,53.8],[-59.5,53.8],[-59.6,53.8],[-59.8,53.8],[-59.9,53.8],[-59.8,53.8],[-59.9,53.8],[-60.0,53.8],[-60.1,53.8],[-60.1,53.7],[-60.0,53.7],[-60.1,53.7],[-60.1,53.6],[-60.1,53.5],[-60.1,53.6],[-60.2,53.6],[-60.3,53.6],[-60.4,53.6],[-60.4,53.7],[-60.5,53.7],[-60.7,53.7],[-60.7,53.8],[-60.8,53.8],[-60.9,53.8],[-60.9,53.7],[-60.8,53.7],[-60.7,53.7],[-60.6,53.7],[-60.4,53.6],[-60.3,53.6],[-60.2,53.5],[-60.1,53.5],[-60.0,53.5],[-60.0,53.4],[-60.1,53.5],[-60.2,53.4],[-60.3,53.4],[-60.4,53.4],[-60.4,53.3],[-60.3,53.3],[-60.2,53.4],[-60.2,53.3],[-60.3,53.3],[-60.4,53.3],[-60.3,53.3],[-60.2,53.3],[-60.1,53.3],[-60.2,53.3],[-60.1,53.3],[-60.0,53.4],[-59.9,53.4],[-59.9,53.5],[-59.9,53.4],[-59.9,53.5],[-59.8,53.5],[-59.9,53.5],[-59.8,53.5],[-59.6,53.5],[-59.5,53.5],[-59.5,53.6],[-59.4,53.6],[-59.4,53.7],[-59.3,53.7],[-59.2,53.7],[-59.1,53.7],[-59.0,53.7],[-59.0,53.8],[-59.1,53.8],[-59.0,53.8],[-59.1,53.8],[-59.0,53.8],[-59.0,53.9],[-58.9,53.9],[-58.8,53.9],[-58.7,54.0],[-58.5,54.0],[-58.3,54.1],[-58.2,54.1],[-58.1,54.1],[-57.8,54.1],[-57.9,54.1],[-58.0,54.1],[-58.2,54.1],[-58.3,54.1],[-58.4,54.1],[-58.4,54.2],[-58.3,54.2],[-58.2,54.2],[-58.1,54.2],[-58.0,54.2],[-57.9,54.2],[-57.8,54.2],[-57.7,54.2],[-57.6,54.2],[-57.5,54.2],[-57.4,54.2],[-57.4,54.1],[-57.3,54.1],[-57.3,54.0],[-57.2,54.0],[-57.1,53.9],[-57.2,53.9],[-57.1,53.8],[-57.2,53.8],[-57.1,53.8],[-57.1,53.7],[-57.2,53.7],[-57.3,53.7],[-57.5,53.6],[-57.4,53.6],[-57.5,53.6],[-57.4,53.6],[-57.3,53.6],[-57.3,53.5],[-57.4,53.4],[-57.3,53.4],[-57.3,53.5],[-57.2,53.5],[-57.1,53.5],[-57.1,53.6],[-57.2,53.6],[-57.1,53.6],[-57.1,53.7],[-57.0,53.7],[-56.9,53.7],[-56.8,53.7],[-56.7,53.7],[-56.8,53.7],[-56.7,53.8],[-56.6,53.7],[-56.6,53.8],[-56.5,53.8],[-56.4,53.8],[-56.4,53.7],[-56.5,53.7],[-56.6,53.7],[-56.7,53.7],[-56.6,53.7],[-56.6,53.6],[-56.4,53.6],[-56.3,53.6],[-56.4,53.6],[-56.3,53.6],[-56.2,53.6],[-56.1,53.6],[-56.0,53.6],[-56.0,53.5],[-56.1,53.5],[-56.0,53.5],[-56.1,53.5],[-56.2,53.6],[-56.3,53.6],[-56.2,53.5],[-56.1,53.5],[-56.0,53.5],[-56.0,53.4],[-55.9,53.4],[-55.8,53.4],[-55.8,53.3],[-55.9,53.3],[-55.8,53.3],[-55.9,53.2],[-55.8,53.2],[-55.8,53.3],[-55.7,53.3],[-55.8,53.2],[-55.7,53.1],[-55.8,53.1],[-55.9,53.1],[-55.9,53.0],[-56.0,53.0],[-56.1,53.0],[-56.2,53.0],[-56.1,53.0],[-55.9,53.0],[-55.9,52.9],[-55.8,52.9],[-55.8,52.8],[-55.9,52.8],[-56.0,52.8],[-55.9,52.8],[-56.0,52.8],[-56.1,52.8],[-56.2,52.8],[-56.1,52.8],[-56.0,52.8],[-56.0,52.7],[-55.9,52.7],[-55.8,52.7],[-55.7,52.7],[-55.7,52.6],[-55.8,52.6],[-55.9,52.6],[-56.0,52.6],[-56.0,52.7],[-56.1,52.7],[-56.1,52.6],[-56.0,52.6],[-56.1,52.6],[-56.2,52.5],[-56.3,52.6],[-56.4,52.6],[-56.5,52.6],[-56.4,52.6],[-56.3,52.6],[-56.3,52.5],[-56.2,52.5],[-56.1,52.5],[-56.0,52.5],[-55.9,52.5],[-55.8,52.5],[-55.7,52.5],[-55.8,52.4],[-55.7,52.4],[-55.6,52.4],[-55.7,52.4],[-55.6,52.4],[-55.7,52.4],[-55.8,52.4],[-55.8,52.3],[-55.9,52.4],[-56.0,52.4],[-56.2,52.4],[-56.1,52.4],[-56.0,52.4],[-55.9,52.3],[-55.8,52.3],[-55.9,52.3],[-55.8,52.3],[-55.7,52.3],[-55.8,52.3],[-55.8,52.2],[-55.7,52.3],[-55.6,52.2],[-55.7,52.2],[-55.8,52.2],[-55.7,52.2],[-55.7,52.1],[-55.8,52.1],[-55.8,52.0],[-55.9,52.0],[-56.0,52.0],[-55.9,52.0],[-55.9,51.9],[-56.0,51.9],[-56.1,51.9],[-56.1,51.8],[-56.2,51.8],[-56.3,51.8],[-56.4,51.8],[-56.4,51.7],[-56.5,51.7],[-56.6,51.7],[-56.7,51.7],[-56.7,51.6],[-56.8,51.6],[-56.8,51.5],[-56.9,51.5],[-57.0,51.5],[-56.9,51.5],[-56.9,51.4],[-57.0,51.4],[-57.1,51.4],[-57.2,51.4],[-57.2,51.5],[-57.3,51.5],[-57.4,51.5],[-57.5,51.5],[-57.4,51.5],[-57.4,51.4],[-57.5,51.4],[-57.5,51.5],[-57.6,51.4],[-57.6,51.5],[-57.6,51.4],[-57.7,51.4],[-57.7,51.5],[-57.8,51.4],[-57.9,51.4],[-58.0,51.3],[-58.1,51.3],[-58.2,51.3],[-58.3,51.3],[-58.4,51.3],[-58.5,51.3],[-58.6,51.3],[-58.6,51.2],[-58.7,51.2],[-58.7,51.3],[-58.7,51.2],[-58.6,51.2],[-58.6,51.1],[-58.7,51.1],[-58.8,51.1],[-58.9,51.1],[-58.8,51.1],[-58.8,51.0],[-58.9,51.0],[-58.9,51.1],[-58.9,51.0],[-59.0,51.0],[-59.0,50.9],[-58.9,50.9],[-59.0,50.9],[-59.0,50.8],[-59.1,50.8],[-59.1,50.9],[-59.1,50.8],[-59.2,50.8],[-59.2,50.7],[-59.2,50.8],[-59.3,50.8],[-59.3,50.7],[-59.4,50.7],[-59.4,50.6],[-59.5,50.6],[-59.4,50.6],[-59.4,50.5],[-59.5,50.5],[-59.6,50.5],[-59.7,50.5],[-59.7,50.4],[-59.8,50.4],[-59.9,50.4],[-59.9,50.3],[-59.8,50.3],[-59.8,50.4],[-59.8,50.3],[-59.9,50.3],[-60.0,50.3],[-60.0,50.2],[-60.1,50.3],[-60.1,50.2],[-60.2,50.2],[-60.2,50.3],[-60.2,50.2],[-60.3,50.2],[-60.2,50.3],[-60.3,50.3],[-60.3,50.2],[-60.3,50.3],[-60.4,50.2],[-60.4,50.3],[-60.4,50.2],[-60.4,50.3],[-60.5,50.3],[-60.5,50.2],[-60.6,50.2],[-60.6,50.3],[-60.6,50.2],[-60.7,50.2],[-60.8,50.2],[-60.8,50.3],[-60.9,50.2],[-61.0,50.2],[-61.1,50.2],[-61.2,50.2],[-61.3,50.2],[-61.4,50.2],[-61.5,50.2],[-61.6,50.1],[-61.7,50.1],[-61.8,50.1],[-61.7,50.1],[-61.6,50.2],[-61.7,50.2],[-61.7,50.1],[-61.8,50.1],[-61.8,50.2],[-61.9,50.2],[-62.0,50.2],[-62.1,50.2],[-62.2,50.2],[-62.3,50.3],[-62.4,50.3],[-62.5,50.3],[-62.6,50.3],[-62.8,50.3],[-62.7,50.3],[-62.8,50.3],[-62.9,50.3],[-63.0,50.3],[-63.1,50.3],[-63.2,50.3],[-63.2,50.2],[-63.3,50.2],[-63.3,50.3],[-63.4,50.2],[-63.5,50.3],[-63.6,50.3],[-63.7,50.3],[-63.8,50.3],[-64.0,50.3],[-64.1,50.3],[-64.2,50.3],[-64.3,50.3],[-64.4,50.3],[-64.5,50.3],[-64.6,50.3],[-64.9,50.3],[-65.0,50.3],[-65.1,50.3],[-65.2,50.3],[-65.3,50.3],[-65.5,50.3],[-65.6,50.3],[-65.7,50.3],[-65.8,50.3],[-65.9,50.3],[-66.0,50.3],[-66.0,50.2],[-66.1,50.2],[-66.2,50.2],[-66.3,50.2],[-66.4,50.2],[-66.4,50.3],[-66.5,50.3],[-66.5,50.2],[-66.4,50.2],[-66.5,50.2],[-66.5,50.1],[-66.5,50.2],[-66.6,50.2],[-66.6,50.1],[-66.7,50.1],[-66.8,50.0],[-66.9,50.0],[-67.0,50.0],[-67.0,49.9],[-67.0,49.8],[-67.1,49.8],[-67.2,49.8],[-67.2,49.7],[-67.2,49.6],[-67.2,49.5],[-67.3,49.4],[-67.4,49.3],[-67.5,49.3],[-67.6,49.3],[-67.7,49.3],[-67.8,49.3],[-67.9,49.3],[-68.0,49.3],[-68.1,49.3],[-68.1,49.2],[-68.2,49.2],[-68.3,49.2],[-68.2,49.2],[-68.2,49.1],[-68.3,49.1],[-68.4,49.1],[-68.4,49.2],[-68.4,49.1],[-68.5,49.1],[-68.6,49.1],[-68.6,49.0],[-68.7,48.9],[-68.6,48.9],[-68.8,48.9],[-68.9,48.8],[-69.0,48.8],[-69.1,48.8],[-69.1,48.6],[-69.2,48.6],[-69.3,48.5],[-69.3,48.4],[-69.4,48.4],[-69.4,48.3],[-69.5,48.3],[-69.5,48.2],[-69.6,48.2],[-69.7,48.2],[-69.7,48.1],[-69.7,48.2],[-69.8,48.2],[-69.9,48.2],[-69.9,48.3],[-70.0,48.3],[-70.1,48.3],[-70.2,48.3],[-70.3,48.3],[-70.4,48.4],[-70.6,48.4],[-70.7,48.4],[-70.8,48.4],[-70.9,48.4],[-71.0,48.5],[-71.0,48.4],[-71.1,48.4],[-71.0,48.5],[-70.9,48.4],[-70.8,48.4],[-70.9,48.4],[-70.9,48.3],[-70.8,48.3],[-70.7,48.4],[-70.6,48.4],[-70.5,48.4],[-70.4,48.3],[-70.3,48.3],[-70.2,48.3],[-70.2,48.2],[-70.1,48.2],[-70.0,48.3],[-70.0,48.2],[-69.9,48.2],[-69.8,48.1],[-69.7,48.1],[-69.8,48.1],[-69.8,48.0],[-69.8,47.9],[-69.9,47.9],[-69.9,47.8],[-70.0,47.8],[-70.0,47.7],[-70.1,47.7],[-70.1,47.6],[-70.2,47.6],[-70.2,47.5],[-70.3,47.5],[-70.4,47.5],[-70.4,47.4],[-70.5,47.4],[-70.5,47.3],[-70.6,47.3],[-70.6,47.2],[-70.7,47.1],[-70.8,47.1],[-70.9,47.0],[-71.0,47.0],[-71.2,46.9],[-71.2,46.8],[-71.3,46.8],[-71.3,46.7],[-71.4,46.7],[-71.5,46.7],[-71.6,46.7],[-71.7,46.7],[-71.8,46.7],[-71.9,46.7],[-72.0,46.6],[-72.1,46.6],[-72.2,46.6],[-72.2,46.5],[-72.3,46.5],[-72.3,46.4],[-72.4,46.4],[-72.5,46.4],[-72.6,46.3],[-72.7,46.3],[-72.8,46.3],[-72.9,46.2],[-73.0,46.2],[-73.0,46.1],[-73.1,46.1],[-73.2,46.1],[-73.2,46.0],[-73.3,45.9],[-73.4,45.8],[-73.5,45.7],[-73.7,45.7],[-73.8,45.7],[-73.9,45.6],[-73.9,45.5],[-74.0,45.5],[-74.1,45.5],[-74.2,45.5],[-74.3,45.5],[-74.4,45.6],[-74.4,45.5],[-74.3,45.5],[-74.1,45.5],[-74.1,45.4],[-74.0,45.4],[-74.0,45.5],[-74.0,45.4],[-74.0,45.3],[-74.1,45.3],[-74.2,45.3],[-74.3,45.2],[-74.4,45.2],[-74.5,45.2],[-74.5,45.1],[-74.7,45.0],[-74.9,45.0],[-75.0,45.0],[-75.1,44.9],[-75.3,44.9],[-75.3,44.8],[-75.5,44.7],[-75.6,44.7],[-75.7,44.6],[-75.8,44.5],[-75.8,44.4],[-75.9,44.4],[-76.1,44.3],[-76.2,44.3],[-76.2,44.2],[-76.3,44.2],[-76.4,44.2],[-76.4,44.1],[-76.5,44.1],[-76.5,44.0],[-76.6,43.9],[-76.7,43.8],[-76.8,43.7],[-76.8,43.6],[-77.1,43.6],[-77.3,43.6],[-77.5,43.6],[-77.8,43.6],[-78.0,43.6],[-78.2,43.6],[-78.5,43.6],[-78.7,43.6],[-78.8,43.6],[-78.9,43.5],[-79.1,43.5],[-79.2,43.5],[-79.1,43.3],[-79.0,43.2],[-79.1,43.1],[-79.0,43.1],[-79.0,43.0],[-78.9,43.0],[-78.9,42.9],[-79.0,42.8],[-79.2,42.7],[-79.3,42.7],[-79.5,42.6],[-79.6,42.6],[-79.8,42.5],[-79.9,42.5],[-80.1,42.4],[-80.2,42.4],[-80.4,42.3],[-80.5,42.3],[-80.6,42.3],[-80.8,42.3],[-80.9,42.3],[-81.0,42.2],[-81.1,42.2],[-81.3,42.2],[-81.4,42.1],[-81.6,42.1],[-81.7,42.0],[-81.9,41.9],[-82.0,41.9],[-82.1,41.8],[-82.3,41.7],[-82.4,41.7],[-82.5,41.7],[-82.7,41.7],[-82.9,41.8],[-83.0,41.8],[-83.1,41.8],[-83.1,41.9],[-83.2,42.0],[-83.1,42.1],[-83.1,42.2],[-83.1,42.3],[-83.0,42.3],[-82.9,42.4],[-82.8,42.4],[-82.7,42.5],[-82.6,42.6],[-82.5,42.6],[-82.5,42.7],[-82.5,42.8],[-82.5,42.9],[-82.4,43.0],[-82.4,43.1],[-82.3,43.2],[-82.3,43.3],[-82.3,43.4],[-82.2,43.4],[-82.2,43.5],[-82.1,43.6],[-82.2,43.8],[-82.2,44.0],[-82.3,44.2],[-82.3,44.5],[-82.4,44.7],[-82.4,44.9],[-82.5,45.1],[-82.5,45.3],[-82.6,45.4],[-82.8,45.4],[-83.0,45.6],[-83.2,45.6],[-83.4,45.7],[-83.5,45.8],[-83.6,45.8],[-83.6,45.9],[-83.5,45.9],[-83.5,46.0],[-83.6,46.1],[-83.7,46.1],[-83.8,46.1],[-83.9,46.1],[-84.0,46.1],[-84.0,46.2],[-84.1,46.2],[-84.1,46.3],[-84.1,46.4],[-84.2,46.4],[-84.1,46.5],[-84.2,46.5],[-84.3,46.5],[-84.4,46.5],[-84.5,46.5],[-84.6,46.5],[-84.7,46.6],[-84.8,46.6],[-84.8,46.7],[-84.8,46.8],[-84.9,46.9],[-85.0,46.9],[-85.0,47.0],[-85.1,47.0],[-85.3,47.1],[-85.4,47.1],[-85.5,47.2],[-85.6,47.2],[-85.8,47.3],[-85.9,47.3],[-86.0,47.4],[-86.1,47.4],[-86.2,47.5],[-86.3,47.5],[-86.4,47.5],[-86.5,47.6],[-86.6,47.6],[-86.7,47.7],[-86.8,47.7],[-87.0,47.8],[-87.2,47.9],[-87.4,47.9],[-87.6,48.0],[-87.8,48.1],[-88.0,48.2],[-88.2,48.2],[-88.3,48.3],[-88.4,48.3],[-88.6,48.3],[-88.8,48.2],[-88.9,48.2],[-89.1,48.1],[-89.2,48.0],[-89.3,48.0],[-89.4,48.0],[-89.5,48.0],[-89.6,48.0],[-89.7,48.0],[-89.8,48.0],[-89.9,48.0],[-90.0,48.0],[-90.1,48.1],[-90.2,48.1],[-90.5,48.1],[-90.6,48.1],[-90.7,48.1],[-90.8,48.1],[-90.8,48.2],[-90.9,48.2],[-91.0,48.2],[-91.1,48.2],[-91.2,48.1],[-91.3,48.1],[-91.4,48.1],[-91.4,48.0],[-91.5,48.0],[-91.5,48.1],[-91.6,48.0],[-91.6,48.1],[-91.7,48.1],[-91.7,48.2],[-91.8,48.2],[-91.9,48.2],[-92.0,48.2],[-92.0,48.3],[-92.1,48.3],[-92.2,48.4],[-92.3,48.3],[-92.3,48.2],[-92.4,48.2],[-92.4,48.3],[-92.5,48.3],[-92.5,48.4],[-92.6,48.4],[-92.7,48.4],[-92.7,48.5],[-92.6,48.5],[-92.7,48.5],[-92.9,48.6],[-93.0,48.6],[-93.1,48.6],[-93.3,48.6],[-93.4,48.6],[-93.5,48.6],[-93.5,48.5],[-93.6,48.5],[-93.8,48.5],[-93.8,48.6],[-93.9,48.6],[-94.0,48.6],[-94.2,48.7],[-94.3,48.7],[-94.5,48.7],[-94.6,48.7],[-94.7,48.8],[-94.7,48.9],[-94.8,49.0],[-94.8,49.1],[-94.8,49.2],[-94.8,49.3],[-94.9,49.3],[-95.0,49.4],[-95.1,49.4],[-95.2,49.4]]],[[[-72.9,66.7],[-73.0,66.8],[-73.0,66.9],[-72.9,66.9],[-72.9,67.0],[-72.8,67.0],[-72.7,67.1],[-72.5,67.1],[-72.4,67.1],[-72.3,67.2],[-72.2,67.3],[-72.3,67.3],[-72.4,67.3],[-72.4,67.4],[-72.4,67.5],[-72.5,67.5],[-72.4,67.5],[-72.4,67.6],[-72.5,67.6],[-72.6,67.6],[-72.6,67.7],[-72.7,67.7],[-72.6,67.7],[-72.6,67.8],[-72.7,67.8],[-72.7,67.9],[-72.8,67.9],[-72.9,67.9],[-72.9,68.0],[-72.9,68.1],[-73.0,68.1],[-73.0,68.2],[-73.1,68.2],[-73.2,68.2],[-73.2,68.3],[-73.3,68.3],[-73.4,68.2],[-73.4,68.3],[-73.5,68.3],[-73.4,68.3],[-73.3,68.3],[-73.3,68.4],[-73.2,68.4],[-73.3,68.4],[-73.4,68.4],[-73.4,68.3],[-73.5,68.3],[-73.6,68.3],[-73.6,68.2],[-73.6,68.3],[-73.7,68.3],[-73.6,68.3],[-73.7,68.3],[-73.8,68.3],[-73.9,68.4],[-73.9,68.5],[-73.8,68.5],[-73.7,68.5],[-73.8,68.6],[-73.7,68.6],[-73.8,68.6],[-73.7,68.6],[-73.7,68.7],[-73.8,68.7],[-73.9,68.7],[-74.0,68.7],[-74.1,68.7],[-74.2,68.7],[-74.1,68.7],[-74.0,68.7],[-74.0,68.6],[-73.9,68.6],[-73.9,68.5],[-74.0,68.5],[-74.1,68.5],[-74.2,68.5],[-74.3,68.5],[-74.4,68.5],[-74.4,68.6],[-74.5,68.6],[-74.5,68.7],[-74.6,68.7],[-74.7,68.7],[-74.7,68.8],[-74.6,68.8],[-74.6,68.9],[-74.7,68.9],[-74.7,68.8],[-74.6,68.8],[-74.7,68.8],[-74.8,68.8],[-74.9,68.8],[-75.0,68.8],[-74.9,68.8],[-74.8,68.8],[-74.9,68.8],[-74.8,68.9],[-74.7,68.9],[-74.8,68.9],[-74.9,68.9],[-75.0,68.9],[-74.9,68.9],[-74.8,68.9],[-74.9,68.9],[-75.0,68.9],[-74.9,69.0],[-75.0,68.9],[-75.0,69.0],[-74.9,69.0],[-74.7,69.0],[-74.8,69.0],[-74.7,69.0],[-74.6,69.0],[-74.7,69.0],[-74.7,69.1],[-74.8,69.1],[-74.9,69.1],[-75.0,69.0],[-75.1,69.0],[-75.0,69.0],[-75.1,69.0],[-75.1,68.9],[-75.2,68.9],[-75.3,68.9],[-75.4,69.0],[-75.5,69.0],[-75.6,69.0],[-75.5,68.9],[-75.6,68.9],[-75.7,68.9],[-75.8,68.8],[-75.9,68.8],[-76.0,68.8],[-76.3,68.7],[-76.5,68.7],[-76.6,68.7],[-76.7,68.7],[-76.7,68.8],[-76.6,68.8],[-76.5,68.9],[-76.6,68.9],[-76.7,68.9],[-76.6,68.9],[-76.6,69.0],[-76.4,69.1],[-76.2,69.0],[-76.1,69.0],[-76.0,69.0],[-75.9,69.0],[-75.8,69.1],[-75.7,69.1],[-75.6,69.1],[-75.6,69.2],[-75.7,69.3],[-75.8,69.3],[-75.9,69.3],[-75.9,69.4],[-76.0,69.4],[-76.1,69.4],[-76.2,69.4],[-76.4,69.4],[-76.4,69.5],[-76.5,69.5],[-76.6,69.5],[-76.6,69.6],[-76.5,69.7],[-76.4,69.6],[-76.3,69.6],[-76.2,69.6],[-76.2,69.7],[-76.4,69.7],[-76.6,69.7],[-76.5,69.7],[-76.5,69.6],[-76.6,69.6],[-76.7,69.6],[-76.8,69.6],[-76.9,69.6],[-76.8,69.6],[-76.9,69.6],[-77.0,69.6],[-77.1,69.6],[-77.2,69.6],[-77.2,69.7],[-77.1,69.7],[-77.0,69.7],[-76.9,69.7],[-76.8,69.7],[-76.8,69.8],[-76.9,69.8],[-76.8,69.8],[-76.9,69.8],[-77.1,69.8],[-77.0,69.8],[-77.0,69.9],[-77.1,69.9],[-77.1,69.8],[-77.2,69.8],[-77.3,69.8],[-77.3,69.9],[-77.1,69.9],[-77.0,69.9],[-77.1,69.9],[-77.2,69.9],[-77.3,69.9],[-77.4,69.9],[-77.5,69.9],[-77.5,69.8],[-77.6,69.8],[-77.5,69.8],[-77.4,69.8],[-77.5,69.8],[-77.6,69.7],[-77.6,69.8],[-77.7,69.8],[-77.7,69.9],[-77.7,70.0],[-77.7,70.1],[-77.7,70.2],[-77.8,70.2],[-77.8,70.3],[-77.8,70.2],[-77.9,70.3],[-78.0,70.2],[-78.1,70.2],[-78.1,70.3],[-78.2,70.3],[-78.2,70.2],[-78.1,70.2],[-78.2,70.2],[-78.3,70.2],[-78.4,70.2],[-78.4,70.3],[-78.5,70.3],[-78.4,70.3],[-78.5,70.4],[-78.6,70.3],[-78.7,70.4],[-78.6,70.4],[-78.7,70.4],[-78.7,70.5],[-78.8,70.5],[-78.8,70.4],[-78.9,70.5],[-78.9,70.4],[-79.0,70.5],[-79.1,70.5],[-79.0,70.5],[-79.1,70.5],[-79.0,70.5],[-79.1,70.5],[-78.9,70.5],[-78.9,70.6],[-79.0,70.6],[-78.9,70.6],[-78.8,70.6],[-78.7,70.6],[-78.8,70.6],[-78.9,70.6],[-79.0,70.6],[-79.0,70.7],[-79.1,70.6],[-79.2,70.6],[-79.1,70.6],[-79.0,70.6],[-79.1,70.6],[-79.1,70.5],[-79.2,70.5],[-79.1,70.5],[-79.2,70.5],[-79.1,70.5],[-79.2,70.4],[-79.3,70.4],[-79.3,70.5],[-79.3,70.4],[-79.3,70.5],[-79.2,70.5],[-79.2,70.6],[-79.3,70.6],[-79.3,70.5],[-79.4,70.5],[-79.4,70.4],[-79.5,70.5],[-79.5,70.4],[-79.6,70.4],[-79.5,70.4],[-79.4,70.4],[-79.3,70.4],[-79.3,70.3],[-79.2,70.3],[-79.1,70.3],[-79.0,70.3],[-78.9,70.3],[-78.8,70.2],[-78.8,70.1],[-78.7,70.1],[-78.7,70.0],[-78.7,69.9],[-78.8,69.9],[-78.9,69.9],[-79.2,69.9],[-79.4,69.9],[-79.7,69.8],[-79.7,69.9],[-79.8,69.9],[-79.8,70.0],[-79.9,70.0],[-80.0,70.0],[-80.0,69.9],[-80.0,70.0],[-80.1,70.0],[-80.0,70.0],[-80.1,70.0],[-80.2,70.0],[-80.3,70.0],[-80.4,70.0],[-80.5,70.0],[-80.8,70.1],[-80.9,70.1],[-81.0,70.1],[-81.1,70.1],[-81.2,70.1],[-81.6,70.1],[-81.7,70.1],[-81.8,70.1],[-81.7,70.1],[-81.6,70.1],[-81.5,70.1],[-81.5,70.0],[-81.4,70.0],[-81.3,70.0],[-81.2,70.0],[-81.1,69.9],[-81.0,69.9],[-80.8,69.8],[-80.8,69.7],[-80.9,69.7],[-81.0,69.7],[-81.1,69.8],[-81.2,69.8],[-81.3,69.8],[-81.3,69.9],[-81.4,69.9],[-81.5,69.9],[-81.6,69.9],[-81.6,70.0],[-81.7,70.0],[-81.8,70.0],[-81.9,70.0],[-82.0,70.0],[-82.0,70.1],[-82.1,70.1],[-82.2,70.1],[-82.3,70.1],[-82.3,70.2],[-82.4,70.2],[-82.5,70.2],[-82.6,70.2],[-82.8,70.3],[-82.9,70.3],[-83.0,70.3],[-82.9,70.2],[-82.8,70.2],[-82.7,70.2],[-82.2,70.1],[-82.1,70.1],[-82.0,70.0],[-81.9,70.0],[-81.8,70.0],[-81.7,70.0],[-81.7,69.9],[-81.8,69.9],[-81.7,69.9],[-81.8,69.9],[-81.9,69.9],[-82.0,69.8],[-82.0,69.9],[-82.1,69.8],[-82.3,69.8],[-82.2,69.8],[-82.3,69.9],[-82.4,69.9],[-82.4,69.8],[-82.6,69.9],[-82.7,69.9],[-82.8,69.9],[-82.9,70.0],[-83.0,70.0],[-83.1,70.0],[-83.2,70.0],[-83.3,70.0],[-83.4,70.0],[-83.5,70.0],[-83.6,70.0],[-83.7,69.9],[-84.0,70.0],[-84.1,70.0],[-84.4,70.0],[-84.5,70.0],[-84.7,70.0],[-84.8,70.0],[-84.9,70.1],[-84.8,70.1],[-84.9,70.1],[-85.0,70.1],[-85.1,70.1],[-85.2,70.1],[-85.3,70.1],[-85.4,70.1],[-85.5,70.1],[-85.8,70.1],[-85.9,70.1],[-85.9,70.0],[-85.8,70.0],[-85.8,70.1],[-85.6,70.1],[-85.5,70.1],[-85.4,70.0],[-85.3,70.0],[-85.2,70.0],[-85.3,70.0],[-85.6,70.0],[-85.7,70.0],[-85.8,70.0],[-86.0,70.1],[-86.3,70.1],[-86.5,70.2],[-86.6,70.2],[-86.6,70.3],[-86.6,70.4],[-86.5,70.4],[-86.4,70.5],[-86.3,70.5],[-86.4,70.5],[-86.3,70.5],[-86.4,70.5],[-86.5,70.4],[-86.6,70.4],[-86.7,70.4],[-86.7,70.3],[-86.6,70.3],[-86.9,70.3],[-86.9,70.4],[-86.8,70.4],[-86.7,70.4],[-86.8,70.4],[-86.9,70.4],[-87.0,70.4],[-86.9,70.4],[-86.9,70.5],[-87.0,70.5],[-87.1,70.4],[-87.2,70.4],[-87.0,70.4],[-87.0,70.3],[-87.4,70.3],[-87.5,70.3],[-87.8,70.3],[-87.6,70.3],[-87.8,70.2],[-87.9,70.2],[-87.9,70.3],[-88.0,70.3],[-88.2,70.3],[-88.3,70.3],[-88.2,70.4],[-88.2,70.3],[-88.1,70.3],[-88.0,70.3],[-87.9,70.3],[-88.0,70.3],[-88.1,70.4],[-88.3,70.4],[-88.4,70.5],[-88.4,70.4],[-88.7,70.5],[-88.8,70.5],[-88.9,70.5],[-88.9,70.6],[-89.0,70.6],[-89.0,70.7],[-89.1,70.7],[-89.2,70.7],[-89.3,70.8],[-89.4,70.8],[-89.4,70.9],[-89.3,70.9],[-89.2,70.9],[-89.2,71.0],[-89.3,71.0],[-89.5,71.1],[-89.6,71.1],[-89.2,71.1],[-89.2,71.0],[-89.1,71.0],[-88.9,71.1],[-88.9,71.0],[-88.8,71.0],[-88.7,71.0],[-88.6,71.1],[-88.6,71.0],[-88.5,71.0],[-88.4,71.0],[-88.3,71.0],[-87.9,70.9],[-87.8,71.0],[-87.7,71.0],[-87.6,71.0],[-87.6,70.9],[-87.5,71.0],[-87.4,70.9],[-87.3,71.0],[-87.2,71.0],[-87.1,71.0],[-87.0,71.0],[-87.3,71.0],[-87.3,71.1],[-87.4,71.0],[-87.4,71.1],[-87.5,71.1],[-87.7,71.1],[-87.8,71.2],[-87.9,71.2],[-87.8,71.2],[-87.8,71.3],[-87.9,71.3],[-88.0,71.2],[-88.1,71.2],[-88.2,71.2],[-88.5,71.2],[-88.6,71.2],[-89.0,71.3],[-89.4,71.3],[-89.8,71.3],[-89.9,71.3],[-89.9,71.4],[-90.0,71.4],[-90.0,71.5],[-90.0,71.6],[-90.0,71.7],[-89.9,71.7],[-89.8,71.7],[-89.8,71.8],[-89.9,71.8],[-90.0,71.8],[-90.0,71.9],[-90.1,71.9],[-90.1,72.0],[-90.1,71.9],[-90.1,72.0],[-90.0,72.0],[-90.0,72.1],[-89.8,72.1],[-89.7,72.1],[-89.6,72.2],[-89.7,72.2],[-89.8,72.2],[-89.9,72.2],[-90.0,72.3],[-89.9,72.3],[-90.0,72.3],[-89.9,72.3],[-89.9,72.4],[-89.8,72.4],[-89.9,72.4],[-89.8,72.4],[-89.9,72.4],[-89.9,72.5],[-89.8,72.5],[-89.8,72.6],[-89.7,72.6],[-89.6,72.6],[-89.5,72.6],[-89.6,72.7],[-89.5,72.7],[-89.6,72.7],[-89.6,72.8],[-89.5,72.8],[-89.4,72.8],[-89.3,72.8],[-89.2,72.8],[-89.3,72.8],[-89.4,72.8],[-89.4,72.9],[-89.3,72.9],[-89.3,73.0],[-89.4,73.0],[-89.3,73.0],[-89.2,73.0],[-89.3,73.0],[-89.3,73.1],[-89.2,73.1],[-89.1,73.1],[-89.2,73.2],[-89.1,73.2],[-89.0,73.2],[-88.9,73.2],[-89.0,73.2],[-89.1,73.3],[-89.0,73.3],[-88.9,73.3],[-88.8,73.3],[-88.7,73.3],[-88.6,73.3],[-88.8,73.3],[-88.9,73.3],[-88.8,73.3],[-88.8,73.4],[-88.7,73.4],[-88.6,73.5],[-88.5,73.5],[-88.4,73.5],[-88.0,73.7],[-87.9,73.7],[-87.8,73.7],[-87.6,73.7],[-87.4,73.8],[-87.3,73.8],[-87.1,73.8],[-86.9,73.8],[-86.7,73.8],[-86.6,73.9],[-86.4,73.8],[-86.0,73.9],[-85.7,73.8],[-85.3,73.8],[-85.2,73.8],[-85.1,73.8],[-84.9,73.7],[-84.8,73.7],[-84.9,73.7],[-85.0,73.7],[-85.2,73.6],[-85.5,73.5],[-85.6,73.5],[-85.7,73.5],[-85.7,73.4],[-86.0,73.3],[-86.1,73.2],[-86.2,73.1],[-86.3,73.1],[-86.3,73.0],[-86.4,73.0],[-86.5,73.0],[-86.6,72.9],[-86.7,72.8],[-86.7,72.7],[-86.7,72.6],[-86.3,72.5],[-86.2,72.4],[-86.3,72.4],[-86.4,72.3],[-86.4,72.2],[-86.5,72.2],[-86.4,72.2],[-86.4,72.1],[-86.4,72.0],[-86.3,72.0],[-86.3,71.9],[-86.2,71.9],[-86.2,71.8],[-86.1,71.8],[-86.0,71.8],[-86.0,71.7],[-85.9,71.7],[-85.8,71.7],[-85.7,71.6],[-85.6,71.6],[-85.5,71.5],[-85.4,71.5],[-85.3,71.5],[-85.2,71.5],[-85.2,71.4],[-85.0,71.4],[-84.9,71.4],[-84.9,71.3],[-84.8,71.3],[-84.9,71.3],[-85.2,71.3],[-85.3,71.3],[-85.2,71.3],[-85.3,71.2],[-85.4,71.3],[-85.5,71.2],[-85.4,71.2],[-85.5,71.2],[-85.7,71.2],[-85.8,71.2],[-85.9,71.2],[-86.0,71.2],[-86.0,71.1],[-86.2,71.1],[-86.3,71.1],[-86.4,71.1],[-86.4,71.0],[-86.5,71.0],[-86.8,71.0],[-86.7,71.0],[-86.3,71.0],[-86.2,71.0],[-86.1,71.1],[-85.9,71.1],[-85.8,71.1],[-85.5,71.2],[-85.2,71.2],[-85.2,71.1],[-85.2,71.2],[-85.1,71.2],[-85.0,71.2],[-84.9,71.2],[-84.9,71.1],[-85.0,71.1],[-85.1,71.1],[-85.0,71.1],[-85.0,71.0],[-84.9,71.0],[-85.0,71.0],[-85.0,70.9],[-84.9,70.9],[-84.8,70.9],[-84.8,71.0],[-84.8,71.1],[-84.8,71.2],[-84.7,71.2],[-84.8,71.3],[-84.8,71.4],[-84.7,71.4],[-84.8,71.4],[-84.7,71.4],[-84.6,71.4],[-84.5,71.4],[-84.5,71.5],[-84.6,71.5],[-84.6,71.6],[-84.7,71.6],[-84.6,71.6],[-84.6,71.7],[-84.7,71.7],[-84.9,71.7],[-84.8,71.7],[-84.9,71.6],[-85.3,71.7],[-85.5,71.8],[-85.6,71.8],[-85.5,71.8],[-85.4,71.8],[-85.5,71.8],[-85.5,71.9],[-85.6,71.9],[-85.7,71.9],[-86.0,72.0],[-86.1,72.0],[-86.0,72.0],[-85.9,72.0],[-85.7,72.0],[-85.8,72.0],[-85.7,72.1],[-85.6,72.1],[-85.5,72.1],[-85.4,72.1],[-85.4,72.2],[-85.5,72.2],[-85.4,72.2],[-85.5,72.2],[-85.5,72.3],[-85.4,72.3],[-85.3,72.3],[-85.2,72.3],[-85.2,72.2],[-85.2,72.3],[-85.1,72.3],[-85.1,72.2],[-85.1,72.3],[-85.0,72.3],[-85.0,72.2],[-84.9,72.2],[-84.8,72.2],[-84.7,72.1],[-84.6,72.1],[-84.5,72.1],[-84.4,72.1],[-84.3,72.0],[-84.2,72.0],[-84.2,71.9],[-84.2,72.0],[-84.2,72.1],[-84.3,72.1],[-84.4,72.1],[-84.5,72.1],[-84.6,72.2],[-84.7,72.2],[-84.8,72.2],[-84.8,72.3],[-84.9,72.3],[-84.8,72.4],[-84.6,72.4],[-84.5,72.4],[-84.4,72.4],[-84.5,72.4],[-84.8,72.4],[-84.9,72.4],[-84.8,72.4],[-84.8,72.5],[-84.8,72.4],[-84.9,72.4],[-85.0,72.4],[-85.1,72.4],[-85.3,72.4],[-85.5,72.5],[-85.6,72.5],[-85.6,72.6],[-85.5,72.6],[-85.6,72.6],[-85.7,72.6],[-85.7,72.7],[-85.7,72.8],[-85.7,72.9],[-85.6,72.9],[-85.6,73.0],[-85.5,73.0],[-85.3,73.0],[-85.2,72.9],[-84.9,72.9],[-84.5,72.8],[-84.4,72.8],[-84.3,72.8],[-84.1,72.8],[-84.0,72.7],[-84.0,72.8],[-84.1,72.8],[-84.2,72.8],[-84.6,72.9],[-84.7,72.9],[-84.9,73.0],[-85.1,73.0],[-85.2,73.0],[-85.5,73.0],[-85.5,73.1],[-85.4,73.1],[-85.3,73.1],[-85.2,73.1],[-85.1,73.1],[-85.2,73.1],[-85.0,73.1],[-84.9,73.1],[-84.7,73.1],[-84.5,73.1],[-84.2,73.0],[-84.0,73.0],[-83.9,73.0],[-83.7,73.0],[-83.6,73.0],[-83.7,73.0],[-83.8,73.0],[-83.9,73.1],[-84.2,73.1],[-84.5,73.1],[-84.6,73.1],[-85.0,73.2],[-85.1,73.2],[-85.2,73.2],[-85.2,73.3],[-85.1,73.3],[-84.8,73.4],[-84.7,73.4],[-84.7,73.3],[-84.6,73.3],[-84.5,73.3],[-84.5,73.2],[-84.4,73.2],[-84.3,73.2],[-84.4,73.3],[-84.6,73.3],[-84.6,73.4],[-84.7,73.4],[-84.6,73.4],[-84.2,73.5],[-83.8,73.4],[-83.7,73.4],[-83.7,73.3],[-83.6,73.3],[-83.6,73.4],[-83.7,73.5],[-84.0,73.5],[-83.6,73.6],[-83.5,73.6],[-83.4,73.6],[-83.2,73.7],[-83.1,73.7],[-83.1,73.6],[-83.0,73.7],[-82.9,73.7],[-82.8,73.7],[-82.4,73.7],[-82.1,73.7],[-81.9,73.7],[-81.5,73.7],[-81.4,73.7],[-81.4,73.6],[-81.3,73.6],[-81.2,73.6],[-81.2,73.5],[-81.2,73.4],[-81.2,73.3],[-81.1,73.2],[-80.6,73.2],[-80.6,73.1],[-80.5,73.1],[-80.6,73.1],[-80.6,73.0],[-80.7,73.0],[-80.6,73.0],[-80.6,72.9],[-80.5,72.9],[-80.5,72.8],[-80.4,72.8],[-80.3,72.8],[-80.3,72.7],[-80.2,72.7],[-80.3,72.7],[-80.4,72.7],[-80.5,72.7],[-80.5,72.6],[-80.6,72.6],[-80.5,72.6],[-80.8,72.5],[-80.9,72.5],[-81.0,72.5],[-81.0,72.4],[-81.1,72.4],[-81.1,72.3],[-81.2,72.3],[-81.3,72.3],[-81.4,72.2],[-81.3,72.2],[-81.2,72.3],[-80.9,72.4],[-80.8,72.4],[-80.7,72.5],[-80.6,72.5],[-80.5,72.5],[-80.5,72.4],[-80.6,72.4],[-80.8,72.3],[-80.9,72.2],[-80.8,72.2],[-80.9,72.2],[-81.0,72.2],[-80.8,72.1],[-80.7,72.1],[-80.6,72.1],[-80.7,72.1],[-80.8,72.1],[-81.0,72.1],[-81.1,72.1],[-81.1,72.0],[-81.0,72.0],[-80.8,72.1],[-80.8,72.0],[-80.8,71.9],[-80.9,71.9],[-81.0,71.9],[-80.8,71.9],[-80.8,72.0],[-80.7,72.0],[-80.6,72.0],[-80.5,72.0],[-80.4,72.1],[-80.5,72.2],[-80.4,72.2],[-80.3,72.2],[-80.2,72.2],[-80.3,72.2],[-80.3,72.3],[-80.2,72.3],[-80.1,72.2],[-80.0,72.2],[-79.9,72.2],[-79.7,72.1],[-79.7,72.2],[-79.8,72.2],[-79.9,72.2],[-80.0,72.2],[-80.0,72.3],[-80.1,72.3],[-80.2,72.3],[-80.0,72.4],[-79.9,72.4],[-79.9,72.5],[-79.8,72.5],[-79.7,72.5],[-79.7,72.4],[-79.8,72.4],[-79.7,72.4],[-79.6,72.4],[-79.6,72.3],[-79.7,72.3],[-79.8,72.3],[-79.8,72.2],[-79.7,72.2],[-79.6,72.3],[-79.5,72.3],[-79.5,72.2],[-79.4,72.2],[-79.5,72.2],[-79.5,72.3],[-79.4,72.3],[-79.4,72.4],[-79.3,72.4],[-79.1,72.3],[-79.0,72.3],[-79.0,72.2],[-78.9,72.2],[-79.0,72.2],[-79.0,72.1],[-79.1,72.1],[-79.1,72.0],[-79.2,72.0],[-79.1,72.0],[-78.7,71.9],[-78.6,71.9],[-78.5,71.9],[-78.6,71.9],[-78.8,72.0],[-78.9,72.0],[-78.9,72.1],[-78.9,72.2],[-78.8,72.2],[-78.5,72.1],[-78.4,72.0],[-78.4,71.9],[-78.2,71.8],[-78.1,71.8],[-78.0,71.8],[-77.9,71.8],[-78.0,71.8],[-78.1,71.8],[-78.2,71.9],[-78.3,71.9],[-78.3,72.0],[-78.2,72.0],[-78.1,72.0],[-78.1,71.9],[-78.0,71.9],[-78.0,71.8],[-77.9,71.8],[-77.8,71.8],[-77.7,71.8],[-77.8,71.8],[-77.9,71.8],[-77.9,71.9],[-78.0,71.9],[-78.1,71.9],[-78.1,72.0],[-78.2,72.0],[-78.3,72.0],[-78.4,72.1],[-78.5,72.1],[-78.6,72.1],[-78.6,72.2],[-78.7,72.2],[-78.8,72.2],[-78.9,72.2],[-78.8,72.2],[-78.8,72.3],[-78.7,72.3],[-78.6,72.4],[-78.5,72.3],[-78.5,72.2],[-78.4,72.2],[-78.5,72.2],[-78.5,72.3],[-78.4,72.3],[-78.0,72.3],[-77.9,72.3],[-77.8,72.2],[-77.7,72.2],[-77.6,72.2],[-77.6,72.1],[-77.7,72.1],[-77.6,72.1],[-77.6,72.2],[-77.3,72.2],[-77.2,72.2],[-77.0,72.1],[-77.1,72.2],[-77.3,72.2],[-77.5,72.2],[-77.6,72.2],[-77.7,72.2],[-77.8,72.3],[-77.9,72.3],[-78.0,72.3],[-78.2,72.3],[-78.5,72.4],[-78.6,72.4],[-78.6,72.5],[-78.5,72.5],[-78.6,72.5],[-78.5,72.5],[-78.5,72.6],[-78.4,72.6],[-78.2,72.7],[-78.0,72.7],[-77.8,72.7],[-77.7,72.7],[-77.6,72.8],[-77.2,72.7],[-76.9,72.7],[-76.8,72.7],[-76.7,72.7],[-76.7,72.6],[-76.2,72.6],[-76.2,72.5],[-76.1,72.5],[-76.0,72.5],[-76.1,72.5],[-76.1,72.6],[-76.0,72.6],[-75.9,72.6],[-75.7,72.6],[-75.6,72.6],[-75.5,72.6],[-75.5,72.5],[-75.2,72.5],[-75.2,72.4],[-75.1,72.4],[-75.1,72.3],[-75.0,72.3],[-74.9,72.3],[-75.0,72.2],[-75.1,72.2],[-75.2,72.1],[-75.3,72.1],[-75.5,72.1],[-75.6,72.1],[-76.0,72.1],[-76.1,72.1],[-76.1,72.0],[-76.2,72.0],[-76.3,71.9],[-76.4,71.9],[-76.3,71.9],[-76.2,72.0],[-76.1,72.0],[-76.0,72.0],[-76.0,72.1],[-75.7,72.1],[-75.5,72.1],[-75.2,72.1],[-75.3,72.0],[-75.5,72.0],[-75.6,72.0],[-75.6,71.9],[-75.7,71.9],[-75.7,71.8],[-75.8,71.8],[-75.9,71.7],[-76.0,71.7],[-76.1,71.7],[-76.0,71.7],[-75.9,71.7],[-75.8,71.7],[-75.7,71.8],[-75.6,71.8],[-75.6,71.9],[-75.6,72.0],[-75.5,72.0],[-75.3,72.0],[-75.2,72.0],[-75.2,72.1],[-75.1,72.1],[-75.0,72.1],[-74.9,72.1],[-74.6,72.1],[-74.3,72.1],[-74.2,72.1],[-74.2,72.0],[-74.1,72.0],[-74.2,71.9],[-74.2,71.8],[-74.3,71.8],[-74.4,71.8],[-74.5,71.8],[-74.6,71.8],[-74.7,71.8],[-74.7,71.7],[-74.8,71.7],[-74.9,71.7],[-75.1,71.7],[-75.4,71.7],[-75.1,71.7],[-75.0,71.7],[-74.9,71.7],[-75.0,71.7],[-75.2,71.6],[-75.3,71.6],[-75.4,71.5],[-75.3,71.5],[-75.2,71.6],[-75.0,71.6],[-74.9,71.6],[-74.9,71.7],[-74.8,71.7],[-74.7,71.7],[-74.6,71.7],[-74.7,71.6],[-74.8,71.6],[-74.8,71.5],[-75.0,71.5],[-75.1,71.5],[-75.2,71.5],[-75.1,71.5],[-75.0,71.5],[-74.8,71.5],[-74.9,71.5],[-74.8,71.5],[-74.7,71.4],[-74.8,71.4],[-74.8,71.3],[-74.9,71.3],[-75.0,71.3],[-75.0,71.2],[-75.1,71.2],[-75.0,71.2],[-74.9,71.2],[-74.9,71.3],[-74.8,71.3],[-74.7,71.3],[-74.7,71.4],[-74.6,71.4],[-74.7,71.4],[-74.7,71.5],[-74.7,71.6],[-74.6,71.6],[-74.5,71.6],[-74.5,71.7],[-74.4,71.7],[-74.3,71.7],[-74.1,71.7],[-74.2,71.7],[-74.2,71.6],[-74.2,71.5],[-74.1,71.5],[-74.2,71.6],[-74.1,71.6],[-74.1,71.7],[-74.0,71.8],[-73.9,71.8],[-73.7,71.8],[-73.7,71.7],[-73.7,71.8],[-73.6,71.8],[-73.6,71.7],[-73.8,71.7],[-73.8,71.6],[-73.9,71.6],[-74.0,71.6],[-74.0,71.5],[-74.1,71.5],[-74.2,71.5],[-74.2,71.4],[-74.3,71.4],[-74.2,71.4],[-74.0,71.4],[-74.1,71.4],[-74.1,71.3],[-74.2,71.3],[-74.1,71.3],[-74.2,71.2],[-74.0,71.3],[-74.0,71.4],[-73.9,71.4],[-73.9,71.5],[-73.8,71.5],[-73.8,71.6],[-73.7,71.6],[-73.6,71.6],[-73.6,71.5],[-73.7,71.4],[-73.6,71.4],[-73.5,71.4],[-73.4,71.4],[-73.5,71.4],[-73.5,71.3],[-73.6,71.3],[-73.7,71.3],[-73.7,71.2],[-73.7,71.1],[-73.9,71.1],[-73.8,71.1],[-73.7,71.1],[-73.7,71.2],[-73.6,71.2],[-73.6,71.3],[-73.5,71.3],[-73.4,71.3],[-73.3,71.3],[-73.2,71.3],[-73.1,71.3],[-73.0,71.3],[-73.2,71.2],[-73.3,71.2],[-73.2,71.2],[-73.3,71.1],[-73.4,71.1],[-73.5,71.0],[-73.4,71.0],[-73.4,71.1],[-73.3,71.1],[-73.2,71.1],[-73.2,71.2],[-73.1,71.2],[-73.0,71.2],[-73.0,71.3],[-73.0,71.4],[-72.9,71.4],[-72.8,71.4],[-72.8,71.5],[-72.6,71.5],[-72.6,71.6],[-72.6,71.7],[-72.5,71.7],[-72.5,71.6],[-72.2,71.6],[-71.9,71.6],[-71.8,71.5],[-71.6,71.5],[-71.5,71.5],[-71.4,71.5],[-71.4,71.4],[-71.3,71.4],[-71.1,71.3],[-71.2,71.2],[-71.3,71.2],[-71.4,71.1],[-71.5,71.1],[-71.6,71.1],[-71.7,71.1],[-71.9,71.1],[-72.0,71.1],[-72.1,71.1],[-72.1,71.0],[-72.2,71.0],[-72.3,71.0],[-72.3,70.9],[-72.4,70.9],[-72.7,70.8],[-72.8,70.8],[-72.5,70.8],[-72.3,70.9],[-72.2,70.9],[-72.2,70.8],[-72.3,70.8],[-72.3,70.7],[-72.4,70.7],[-72.5,70.7],[-72.6,70.6],[-72.5,70.6],[-72.4,70.7],[-72.3,70.7],[-72.2,70.7],[-72.2,70.8],[-72.0,70.8],[-71.8,70.8],[-71.7,70.8],[-71.6,70.9],[-71.3,70.9],[-71.2,70.9],[-71.3,70.9],[-71.2,70.9],[-71.2,71.0],[-71.0,71.1],[-70.9,71.1],[-70.8,71.1],[-70.7,71.1],[-70.6,71.1],[-70.6,71.0],[-70.5,71.0],[-70.5,70.9],[-70.7,70.8],[-70.8,70.7],[-71.1,70.7],[-71.1,70.6],[-71.2,70.6],[-71.3,70.6],[-71.5,70.6],[-71.6,70.6],[-71.6,70.5],[-71.7,70.5],[-71.7,70.4],[-71.8,70.4],[-71.9,70.4],[-72.0,70.4],[-71.9,70.4],[-71.8,70.4],[-71.7,70.4],[-71.8,70.3],[-71.9,70.3],[-71.8,70.3],[-71.7,70.4],[-71.6,70.5],[-71.7,70.5],[-71.6,70.5],[-71.5,70.5],[-71.5,70.6],[-71.4,70.6],[-71.3,70.6],[-71.3,70.5],[-71.2,70.5],[-71.2,70.4],[-71.3,70.4],[-71.3,70.3],[-71.3,70.2],[-71.4,70.2],[-71.4,70.1],[-71.5,70.1],[-71.5,70.0],[-71.5,70.1],[-71.4,70.1],[-71.3,70.1],[-71.3,70.2],[-71.2,70.2],[-71.2,70.3],[-71.2,70.4],[-71.1,70.4],[-71.1,70.5],[-71.0,70.5],[-71.1,70.6],[-71.0,70.6],[-70.8,70.6],[-70.7,70.7],[-70.6,70.7],[-70.5,70.7],[-70.4,70.8],[-70.2,70.8],[-69.9,70.9],[-69.8,70.9],[-69.8,70.8],[-69.9,70.8],[-70.0,70.7],[-70.2,70.7],[-70.3,70.6],[-70.4,70.6],[-70.5,70.6],[-70.4,70.5],[-70.5,70.5],[-70.4,70.5],[-70.3,70.5],[-70.4,70.6],[-70.3,70.6],[-70.2,70.6],[-70.1,70.6],[-70.0,70.6],[-70.0,70.7],[-69.9,70.7],[-69.8,70.7],[-69.7,70.7],[-69.6,70.7],[-69.6,70.8],[-69.5,70.8],[-69.4,70.8],[-69.3,70.8],[-69.2,70.8],[-69.1,70.7],[-68.7,70.7],[-68.4,70.6],[-68.3,70.6],[-68.3,70.5],[-68.4,70.5],[-68.4,70.4],[-68.5,70.4],[-68.6,70.4],[-68.5,70.4],[-68.6,70.5],[-68.7,70.4],[-68.7,70.3],[-68.8,70.3],[-68.9,70.3],[-69.0,70.3],[-69.1,70.3],[-69.2,70.3],[-69.3,70.3],[-69.4,70.3],[-69.5,70.2],[-69.6,70.2],[-69.7,70.2],[-69.8,70.2],[-69.8,70.1],[-69.9,70.1],[-70.1,70.1],[-70.2,70.0],[-70.1,70.0],[-70.1,70.1],[-70.0,70.1],[-69.9,70.0],[-69.8,70.0],[-70.0,70.0],[-70.1,70.0],[-70.2,70.0],[-70.2,69.9],[-70.3,69.9],[-70.4,69.9],[-70.5,69.8],[-70.4,69.8],[-70.3,69.9],[-70.1,70.0],[-69.9,70.0],[-69.8,70.0],[-69.7,70.0],[-69.8,70.0],[-69.8,70.1],[-69.7,70.1],[-69.2,70.2],[-69.1,70.2],[-69.0,70.2],[-69.1,70.2],[-69.0,70.2],[-68.7,70.2],[-68.6,70.1],[-68.8,70.1],[-68.7,70.1],[-68.8,70.0],[-68.9,70.0],[-69.1,70.0],[-69.2,70.0],[-69.2,69.9],[-69.3,69.9],[-69.4,69.8],[-69.5,69.8],[-69.7,69.8],[-69.8,69.8],[-69.9,69.8],[-69.9,69.7],[-70.0,69.7],[-70.0,69.6],[-69.9,69.7],[-69.8,69.7],[-69.8,69.8],[-69.7,69.8],[-69.6,69.8],[-69.5,69.8],[-69.4,69.8],[-69.2,69.9],[-69.1,69.9],[-69.0,69.9],[-68.9,70.0],[-68.8,70.0],[-68.7,69.9],[-68.6,69.9],[-68.6,70.0],[-68.7,70.0],[-68.6,70.0],[-68.5,70.0],[-68.6,70.0],[-68.6,70.1],[-68.5,70.1],[-68.5,70.0],[-68.5,70.1],[-68.4,70.1],[-68.3,70.1],[-68.2,70.1],[-68.3,70.1],[-68.3,70.2],[-68.2,70.3],[-68.1,70.3],[-68.2,70.3],[-68.1,70.3],[-68.0,70.3],[-67.9,70.3],[-67.8,70.3],[-67.8,70.2],[-67.7,70.2],[-67.6,70.2],[-67.5,70.1],[-67.4,70.1],[-67.4,70.0],[-67.3,70.0],[-67.2,70.0],[-67.2,69.9],[-67.2,69.8],[-67.1,69.8],[-67.1,69.7],[-67.3,69.7],[-67.6,69.7],[-67.6,69.8],[-67.7,69.8],[-68.0,69.8],[-68.1,69.8],[-68.1,69.7],[-68.2,69.7],[-68.3,69.7],[-68.3,69.6],[-68.5,69.6],[-68.7,69.6],[-68.8,69.6],[-69.0,69.6],[-69.1,69.6],[-69.2,69.5],[-69.3,69.5],[-69.7,69.6],[-69.8,69.6],[-69.9,69.5],[-70.0,69.5],[-69.9,69.5],[-69.8,69.5],[-69.7,69.6],[-69.3,69.5],[-69.2,69.5],[-69.1,69.5],[-69.0,69.5],[-69.0,69.6],[-68.8,69.6],[-68.6,69.6],[-68.5,69.6],[-68.4,69.5],[-68.0,69.5],[-67.9,69.5],[-67.8,69.5],[-67.6,69.5],[-67.5,69.5],[-67.2,69.5],[-66.8,69.3],[-66.7,69.3],[-66.7,69.2],[-66.6,69.2],[-66.7,69.2],[-66.7,69.1],[-66.8,69.1],[-67.0,69.2],[-67.2,69.2],[-67.2,69.1],[-67.3,69.2],[-67.4,69.2],[-67.5,69.2],[-67.7,69.2],[-67.9,69.2],[-68.0,69.3],[-68.1,69.3],[-68.2,69.3],[-68.3,69.3],[-68.7,69.3],[-69.0,69.4],[-69.2,69.3],[-69.3,69.3],[-69.2,69.3],[-69.1,69.3],[-69.0,69.3],[-68.8,69.3],[-68.7,69.3],[-68.4,69.3],[-68.2,69.3],[-68.1,69.2],[-68.2,69.2],[-68.6,69.2],[-68.7,69.2],[-68.8,69.2],[-69.0,69.2],[-68.9,69.2],[-68.7,69.2],[-68.5,69.2],[-68.7,69.2],[-68.7,69.1],[-68.8,69.1],[-68.9,69.1],[-69.0,69.1],[-69.1,69.1],[-69.0,69.1],[-68.9,69.1],[-69.0,69.0],[-68.9,69.0],[-68.9,69.1],[-68.8,69.1],[-68.7,69.1],[-68.6,69.1],[-68.5,69.2],[-68.4,69.2],[-68.2,69.1],[-68.1,69.1],[-67.7,69.0],[-68.0,69.0],[-68.2,69.0],[-68.4,69.0],[-68.5,69.0],[-68.6,69.0],[-68.5,69.0],[-68.3,69.0],[-68.2,69.0],[-68.2,68.9],[-68.0,68.9],[-68.1,68.9],[-68.0,68.9],[-68.1,68.9],[-68.0,68.9],[-68.1,68.9],[-68.2,68.9],[-68.5,68.9],[-68.3,68.9],[-68.2,68.9],[-68.1,68.8],[-67.9,68.8],[-67.8,68.8],[-67.9,68.8],[-68.2,68.8],[-68.3,68.8],[-68.4,68.8],[-68.5,68.8],[-68.6,68.8],[-68.5,68.8],[-68.6,68.8],[-68.7,68.8],[-68.8,68.8],[-68.9,68.8],[-69.0,68.8],[-69.1,68.9],[-69.2,68.9],[-69.3,68.9],[-69.4,68.9],[-69.3,68.9],[-69.2,68.9],[-69.2,68.8],[-69.4,68.8],[-69.0,68.8],[-68.9,68.8],[-69.0,68.8],[-69.0,68.7],[-68.9,68.7],[-68.9,68.8],[-68.8,68.8],[-68.7,68.7],[-68.5,68.8],[-68.5,68.7],[-68.4,68.7],[-68.2,68.7],[-68.1,68.7],[-68.0,68.7],[-68.1,68.7],[-68.2,68.7],[-68.1,68.7],[-68.1,68.6],[-68.2,68.7],[-68.3,68.7],[-68.4,68.6],[-68.6,68.7],[-68.7,68.7],[-68.8,68.7],[-68.8,68.6],[-68.9,68.6],[-68.8,68.6],[-68.7,68.6],[-68.6,68.6],[-68.5,68.6],[-68.7,68.6],[-68.8,68.6],[-68.5,68.6],[-68.4,68.6],[-68.3,68.6],[-68.2,68.6],[-68.1,68.6],[-68.1,68.5],[-68.0,68.5],[-67.9,68.6],[-67.9,68.5],[-67.9,68.4],[-68.0,68.4],[-67.9,68.4],[-67.9,68.5],[-67.9,68.6],[-67.8,68.5],[-67.7,68.6],[-67.6,68.6],[-67.6,68.5],[-67.6,68.6],[-67.5,68.6],[-67.5,68.5],[-67.6,68.5],[-67.6,68.4],[-67.5,68.4],[-67.6,68.5],[-67.5,68.5],[-67.4,68.5],[-67.3,68.5],[-67.2,68.5],[-67.2,68.4],[-67.3,68.4],[-67.1,68.4],[-67.1,68.5],[-67.0,68.5],[-67.0,68.4],[-66.9,68.5],[-66.8,68.5],[-66.7,68.4],[-66.8,68.4],[-66.9,68.4],[-67.0,68.4],[-67.1,68.4],[-67.2,68.4],[-67.3,68.4],[-67.4,68.4],[-67.8,68.3],[-67.9,68.3],[-67.8,68.3],[-67.7,68.3],[-67.6,68.3],[-67.5,68.3],[-67.6,68.3],[-67.7,68.2],[-67.6,68.2],[-67.6,68.3],[-67.5,68.3],[-67.4,68.3],[-67.4,68.4],[-67.3,68.3],[-67.3,68.4],[-67.2,68.4],[-67.0,68.3],[-67.1,68.3],[-67.2,68.3],[-67.3,68.3],[-67.3,68.2],[-67.4,68.2],[-67.5,68.2],[-67.6,68.2],[-67.4,68.1],[-67.3,68.2],[-67.1,68.3],[-67.0,68.3],[-66.9,68.3],[-66.8,68.2],[-66.8,68.1],[-67.0,68.1],[-67.0,68.0],[-66.9,68.0],[-66.9,68.1],[-66.8,68.1],[-66.7,68.1],[-66.7,68.0],[-66.6,68.0],[-66.6,68.1],[-66.5,68.2],[-66.3,68.1],[-66.4,68.1],[-66.5,68.1],[-66.4,68.1],[-66.3,68.1],[-66.2,68.1],[-66.2,68.0],[-66.3,68.0],[-66.4,67.9],[-66.5,67.9],[-66.6,67.9],[-66.7,67.9],[-66.6,67.9],[-66.5,67.8],[-66.4,67.8],[-66.4,67.9],[-66.3,67.9],[-66.3,68.0],[-66.2,68.0],[-66.1,68.0],[-66.0,68.0],[-66.0,68.1],[-65.9,68.1],[-66.0,68.1],[-65.9,68.2],[-65.9,68.1],[-65.9,68.0],[-66.0,68.0],[-66.0,67.9],[-65.9,67.9],[-66.0,67.9],[-66.0,67.8],[-66.0,67.7],[-66.0,67.6],[-66.0,67.7],[-65.9,67.8],[-66.0,67.8],[-65.9,67.8],[-65.8,67.9],[-65.8,68.0],[-65.7,68.0],[-65.5,68.0],[-65.4,68.0],[-65.5,67.9],[-65.5,67.8],[-65.6,67.8],[-65.5,67.7],[-65.4,67.7],[-65.4,67.6],[-65.3,67.6],[-65.4,67.7],[-65.5,67.8],[-65.4,67.9],[-65.3,67.9],[-65.2,68.0],[-65.1,68.0],[-65.1,68.1],[-65.0,68.1],[-64.9,68.0],[-64.8,68.0],[-64.7,68.0],[-64.8,68.0],[-64.9,67.9],[-65.0,67.9],[-65.1,67.9],[-65.0,67.9],[-64.9,67.9],[-65.0,67.9],[-65.1,67.8],[-65.1,67.9],[-65.1,67.8],[-65.0,67.8],[-65.1,67.8],[-65.1,67.7],[-65.2,67.7],[-65.2,67.6],[-65.2,67.7],[-65.1,67.7],[-65.0,67.7],[-65.0,67.8],[-64.9,67.8],[-64.8,67.8],[-64.8,67.7],[-64.9,67.7],[-64.8,67.7],[-64.8,67.8],[-64.7,67.8],[-64.6,67.8],[-64.5,67.8],[-64.4,67.8],[-64.4,67.7],[-64.5,67.7],[-64.6,67.7],[-64.4,67.7],[-64.3,67.7],[-64.2,67.7],[-64.2,67.6],[-64.3,67.6],[-64.2,67.6],[-64.1,67.6],[-64.1,67.5],[-64.0,67.5],[-64.1,67.5],[-64.2,67.5],[-64.3,67.5],[-64.4,67.5],[-64.3,67.5],[-64.2,67.5],[-64.1,67.5],[-64.0,67.5],[-64.0,67.4],[-63.9,67.4],[-64.0,67.3],[-63.9,67.3],[-64.0,67.3],[-64.4,67.3],[-64.8,67.4],[-64.4,67.3],[-64.3,67.3],[-64.2,67.3],[-64.3,67.3],[-64.4,67.3],[-64.5,67.3],[-64.8,67.2],[-64.7,67.2],[-64.6,67.2],[-64.3,67.2],[-64.0,67.3],[-64.0,67.2],[-64.1,67.2],[-64.2,67.2],[-64.6,67.1],[-64.7,67.1],[-64.7,67.0],[-64.6,67.0],[-64.6,67.1],[-64.5,67.1],[-64.3,67.1],[-64.3,67.2],[-64.2,67.2],[-64.1,67.2],[-64.0,67.2],[-63.9,67.2],[-63.8,67.2],[-63.7,67.2],[-63.6,67.2],[-63.5,67.2],[-63.4,67.2],[-63.5,67.2],[-63.5,67.1],[-63.7,67.1],[-63.7,67.0],[-63.8,67.0],[-63.7,67.0],[-63.7,67.1],[-63.6,67.1],[-63.5,67.1],[-63.4,67.1],[-63.4,67.2],[-63.3,67.3],[-63.2,67.3],[-63.3,67.3],[-63.3,67.2],[-63.2,67.3],[-63.1,67.3],[-63.0,67.3],[-63.0,67.2],[-63.1,67.2],[-63.3,67.1],[-63.2,67.0],[-63.3,66.9],[-63.5,66.9],[-63.6,66.9],[-63.6,66.8],[-63.7,66.8],[-63.8,66.8],[-63.6,66.8],[-63.5,66.8],[-63.5,66.9],[-63.4,66.9],[-63.4,66.8],[-63.5,66.7],[-63.4,66.7],[-63.4,66.8],[-63.3,66.8],[-63.3,66.9],[-63.2,66.9],[-63.1,66.9],[-63.0,66.9],[-63.0,67.0],[-62.9,67.0],[-62.8,67.0],[-62.8,66.9],[-62.8,66.8],[-62.9,66.8],[-62.9,66.7],[-62.9,66.6],[-62.9,66.7],[-62.8,66.7],[-62.8,66.8],[-62.7,66.8],[-62.8,66.8],[-62.8,66.9],[-62.7,66.9],[-62.7,67.0],[-62.7,66.9],[-62.7,67.0],[-62.6,67.0],[-62.6,66.9],[-62.5,66.9],[-62.5,66.8],[-62.4,66.8],[-62.3,66.7],[-62.3,66.8],[-62.4,66.8],[-62.4,66.9],[-62.3,66.9],[-62.3,67.0],[-62.2,67.0],[-62.2,67.1],[-62.1,67.1],[-62.0,67.1],[-62.0,67.0],[-62.1,67.0],[-62.1,66.9],[-62.0,66.9],[-62.0,67.0],[-61.9,67.0],[-61.8,67.0],[-61.9,66.9],[-61.8,66.9],[-61.8,67.0],[-61.7,66.9],[-61.8,66.9],[-61.9,66.9],[-62.0,66.9],[-61.9,66.9],[-61.8,66.9],[-61.7,66.9],[-61.6,66.9],[-61.6,66.8],[-61.7,66.8],[-61.5,66.8],[-61.4,66.8],[-61.5,66.8],[-61.4,66.7],[-61.3,66.7],[-61.3,66.6],[-61.4,66.6],[-61.4,66.5],[-61.6,66.6],[-61.7,66.6],[-61.8,66.7],[-61.9,66.7],[-62.0,66.7],[-62.0,66.6],[-62.2,66.6],[-62.1,66.6],[-62.0,66.6],[-61.8,66.6],[-61.7,66.5],[-61.6,66.5],[-61.7,66.5],[-61.8,66.4],[-61.9,66.4],[-62.0,66.4],[-61.9,66.4],[-61.6,66.4],[-61.5,66.4],[-61.5,66.3],[-61.6,66.3],[-61.6,66.4],[-61.6,66.3],[-61.7,66.3],[-61.8,66.3],[-61.9,66.3],[-62.0,66.3],[-62.1,66.3],[-62.2,66.3],[-62.2,66.4],[-62.3,66.4],[-62.4,66.4],[-62.5,66.4],[-62.6,66.4],[-62.7,66.4],[-62.6,66.4],[-62.5,66.4],[-62.4,66.3],[-62.3,66.3],[-62.4,66.3],[-62.5,66.3],[-62.6,66.2],[-62.7,66.2],[-62.8,66.3],[-62.9,66.3],[-62.8,66.3],[-62.8,66.2],[-62.7,66.2],[-62.5,66.2],[-62.4,66.2],[-62.3,66.2],[-62.1,66.2],[-62.1,66.1],[-62.2,66.1],[-62.1,66.1],[-62.0,66.1],[-62.1,66.1],[-62.0,66.1],[-62.1,66.1],[-62.1,66.0],[-62.0,66.1],[-62.0,66.0],[-62.1,66.0],[-62.2,66.0],[-62.3,66.0],[-62.4,66.0],[-62.5,66.0],[-62.6,66.0],[-62.7,66.0],[-62.7,66.1],[-62.7,66.0],[-62.8,66.0],[-62.8,66.1],[-62.9,66.1],[-62.9,66.2],[-63.0,66.2],[-63.1,66.1],[-63.0,66.1],[-62.9,66.1],[-62.8,66.0],[-62.5,66.0],[-62.4,66.0],[-62.4,65.9],[-62.5,65.9],[-62.4,65.9],[-62.3,65.8],[-62.4,65.8],[-62.5,65.8],[-62.6,65.8],[-62.7,65.8],[-62.7,65.9],[-62.8,65.9],[-62.9,65.9],[-62.8,65.9],[-62.8,65.8],[-62.7,65.8],[-62.6,65.8],[-62.6,65.7],[-62.7,65.7],[-62.8,65.8],[-62.8,65.7],[-62.7,65.7],[-62.6,65.7],[-62.6,65.6],[-62.7,65.6],[-62.8,65.6],[-62.9,65.6],[-62.9,65.7],[-62.9,65.8],[-63.0,65.8],[-62.9,65.7],[-62.9,65.6],[-63.0,65.6],[-63.2,65.6],[-63.2,65.7],[-63.3,65.7],[-63.3,65.8],[-63.4,65.8],[-63.4,65.9],[-63.5,65.9],[-63.5,65.8],[-63.4,65.8],[-63.4,65.7],[-63.3,65.7],[-63.4,65.7],[-63.5,65.7],[-63.6,65.7],[-63.7,65.7],[-63.7,65.6],[-63.6,65.7],[-63.5,65.6],[-63.4,65.6],[-63.3,65.6],[-63.4,65.5],[-63.5,65.5],[-63.6,65.6],[-63.6,65.5],[-63.6,65.6],[-63.6,65.5],[-63.5,65.5],[-63.4,65.5],[-63.3,65.4],[-63.4,65.4],[-63.6,65.5],[-63.7,65.5],[-63.5,65.4],[-63.4,65.4],[-63.5,65.4],[-63.4,65.4],[-63.4,65.3],[-63.3,65.3],[-63.4,65.3],[-63.5,65.3],[-63.4,65.3],[-63.3,65.3],[-63.4,65.3],[-63.5,65.2],[-63.4,65.2],[-63.3,65.2],[-63.4,65.2],[-63.5,65.2],[-63.4,65.2],[-63.5,65.2],[-63.4,65.2],[-63.3,65.1],[-63.4,65.1],[-63.5,65.1],[-63.4,65.0],[-63.5,65.0],[-63.5,64.9],[-63.6,64.9],[-63.7,64.9],[-63.6,64.9],[-63.7,64.9],[-63.6,65.0],[-63.7,65.0],[-63.8,65.0],[-63.7,65.0],[-63.7,65.1],[-63.8,65.1],[-63.8,65.0],[-63.9,65.0],[-63.9,65.1],[-63.8,65.2],[-63.9,65.2],[-63.9,65.1],[-64.0,65.1],[-64.1,65.1],[-64.1,65.0],[-64.2,65.1],[-64.3,65.1],[-64.2,65.2],[-64.1,65.2],[-64.2,65.2],[-64.3,65.2],[-64.4,65.2],[-64.4,65.3],[-64.3,65.3],[-64.4,65.3],[-64.3,65.3],[-64.3,65.4],[-64.2,65.4],[-64.3,65.4],[-64.4,65.4],[-64.4,65.3],[-64.5,65.3],[-64.5,65.2],[-64.5,65.1],[-64.6,65.1],[-64.6,65.2],[-64.7,65.2],[-64.6,65.2],[-64.6,65.3],[-64.7,65.3],[-64.8,65.3],[-64.8,65.2],[-64.9,65.3],[-64.8,65.3],[-64.7,65.3],[-64.8,65.4],[-64.9,65.3],[-64.9,65.4],[-64.8,65.4],[-64.7,65.4],[-64.6,65.4],[-64.5,65.4],[-64.4,65.4],[-64.4,65.5],[-64.5,65.5],[-64.5,65.4],[-64.5,65.5],[-64.6,65.5],[-64.7,65.5],[-64.7,65.4],[-64.8,65.4],[-64.9,65.4],[-65.0,65.4],[-65.1,65.4],[-65.1,65.5],[-65.2,65.5],[-65.1,65.5],[-65.0,65.5],[-64.9,65.5],[-64.9,65.6],[-64.8,65.6],[-64.7,65.6],[-64.7,65.7],[-64.8,65.7],[-64.9,65.7],[-65.0,65.6],[-65.0,65.5],[-65.1,65.5],[-65.2,65.5],[-65.2,65.6],[-65.3,65.6],[-65.2,65.6],[-65.1,65.6],[-65.1,65.7],[-65.0,65.7],[-64.9,65.7],[-64.8,65.7],[-65.0,65.7],[-65.1,65.7],[-65.2,65.7],[-65.5,65.7],[-65.4,65.7],[-65.4,65.8],[-65.5,65.7],[-65.5,65.8],[-65.4,65.9],[-65.3,65.9],[-65.2,65.9],[-65.2,66.0],[-65.1,66.0],[-65.0,66.0],[-64.9,66.0],[-64.8,66.0],[-64.7,66.0],[-64.8,66.0],[-64.9,66.0],[-64.8,66.1],[-64.8,66.2],[-64.7,66.2],[-64.6,66.2],[-64.6,66.3],[-64.5,66.3],[-64.4,66.3],[-64.4,66.4],[-64.4,66.3],[-64.5,66.3],[-64.6,66.3],[-64.7,66.3],[-64.8,66.3],[-64.8,66.2],[-64.9,66.2],[-64.9,66.1],[-65.0,66.1],[-65.1,66.1],[-65.2,66.0],[-65.3,66.0],[-65.4,66.0],[-65.8,66.0],[-65.9,66.0],[-66.0,66.0],[-66.0,66.1],[-65.9,66.1],[-65.8,66.1],[-65.7,66.2],[-65.6,66.2],[-65.5,66.2],[-65.5,66.3],[-65.5,66.4],[-65.5,66.3],[-65.6,66.3],[-65.7,66.2],[-65.8,66.2],[-65.8,66.1],[-65.9,66.1],[-66.0,66.1],[-66.1,66.1],[-66.2,66.1],[-66.2,66.2],[-66.3,66.2],[-66.2,66.2],[-66.2,66.3],[-66.2,66.2],[-66.2,66.3],[-66.1,66.3],[-66.2,66.3],[-66.3,66.2],[-66.3,66.3],[-66.4,66.3],[-66.4,66.2],[-66.5,66.2],[-66.5,66.3],[-66.5,66.4],[-66.5,66.3],[-66.6,66.4],[-66.4,66.4],[-66.5,66.4],[-66.6,66.4],[-66.7,66.4],[-66.8,66.4],[-66.7,66.4],[-66.7,66.5],[-66.7,66.4],[-66.8,66.4],[-66.8,66.5],[-66.9,66.5],[-66.7,66.6],[-66.8,66.6],[-66.9,66.6],[-67.0,66.6],[-67.1,66.6],[-66.9,66.6],[-67.0,66.5],[-67.1,66.5],[-67.2,66.5],[-67.1,66.5],[-67.2,66.5],[-67.3,66.6],[-67.4,66.6],[-67.5,66.6],[-67.6,66.6],[-67.5,66.6],[-67.6,66.6],[-67.7,66.6],[-67.4,66.5],[-67.3,66.5],[-67.2,66.5],[-67.1,66.4],[-67.2,66.4],[-67.1,66.4],[-67.2,66.4],[-67.3,66.4],[-67.4,66.4],[-67.3,66.4],[-67.4,66.4],[-67.3,66.4],[-67.2,66.4],[-67.1,66.3],[-67.2,66.3],[-67.3,66.3],[-67.4,66.3],[-67.5,66.3],[-67.4,66.3],[-67.5,66.4],[-67.6,66.4],[-67.7,66.4],[-67.8,66.5],[-67.9,66.5],[-68.0,66.5],[-67.9,66.5],[-67.9,66.4],[-67.8,66.4],[-67.8,66.3],[-67.7,66.3],[-67.8,66.3],[-67.7,66.2],[-67.6,66.2],[-67.5,66.2],[-67.4,66.1],[-67.3,66.1],[-67.2,66.1],[-67.2,66.0],[-67.3,66.0],[-67.2,66.0],[-67.2,65.9],[-67.3,65.9],[-67.4,65.9],[-67.5,65.9],[-67.6,65.9],[-67.7,65.9],[-67.7,66.0],[-67.8,65.9],[-67.7,65.9],[-67.8,65.9],[-67.9,65.9],[-68.0,66.0],[-68.0,66.1],[-68.1,66.1],[-68.2,66.1],[-68.2,66.2],[-68.3,66.2],[-68.4,66.2],[-68.4,66.3],[-68.5,66.3],[-68.5,66.2],[-68.8,66.2],[-68.7,66.2],[-68.6,66.2],[-68.5,66.2],[-68.4,66.2],[-68.4,66.1],[-68.3,66.1],[-68.2,66.1],[-68.3,66.1],[-68.2,66.1],[-68.1,66.1],[-68.0,66.1],[-68.1,66.1],[-68.1,66.0],[-68.2,66.0],[-68.1,66.0],[-68.2,66.0],[-68.3,66.0],[-68.2,66.0],[-68.2,65.9],[-68.2,66.0],[-68.3,66.0],[-68.3,65.9],[-68.2,65.9],[-68.1,65.9],[-68.2,65.9],[-68.1,65.8],[-68.2,65.8],[-68.1,65.8],[-68.0,65.8],[-67.9,65.8],[-67.8,65.8],[-67.9,65.8],[-68.0,65.7],[-67.9,65.7],[-67.9,65.6],[-68.0,65.6],[-67.9,65.6],[-68.0,65.6],[-68.1,65.6],[-68.0,65.6],[-68.0,65.5],[-67.9,65.6],[-67.8,65.6],[-67.7,65.6],[-67.5,65.7],[-67.5,65.6],[-67.5,65.7],[-67.4,65.7],[-67.3,65.6],[-67.3,65.5],[-67.4,65.5],[-67.3,65.5],[-67.4,65.5],[-67.5,65.5],[-67.4,65.5],[-67.3,65.5],[-67.2,65.5],[-67.1,65.5],[-67.1,65.4],[-67.3,65.4],[-67.4,65.4],[-67.4,65.3],[-67.3,65.3],[-67.3,65.4],[-67.2,65.3],[-67.1,65.3],[-67.2,65.3],[-67.1,65.3],[-67.1,65.2],[-67.2,65.2],[-67.1,65.2],[-67.0,65.2],[-66.9,65.2],[-67.0,65.1],[-67.1,65.1],[-67.0,65.1],[-66.9,65.1],[-66.8,65.1],[-66.8,65.2],[-66.7,65.2],[-66.8,65.1],[-66.9,65.1],[-66.9,65.0],[-66.8,65.0],[-66.8,65.1],[-66.8,65.0],[-66.7,65.0],[-66.8,65.0],[-66.8,64.9],[-66.7,64.9],[-66.8,64.9],[-66.7,64.9],[-66.7,64.8],[-66.6,64.8],[-66.7,64.8],[-66.7,64.9],[-66.6,65.0],[-66.7,65.0],[-66.6,65.0],[-66.5,65.0],[-66.5,64.9],[-66.4,64.9],[-66.3,64.9],[-66.2,64.9],[-66.1,64.9],[-66.2,64.9],[-66.2,64.8],[-66.3,64.8],[-66.2,64.8],[-66.2,64.7],[-66.1,64.7],[-66.1,64.8],[-66.0,64.9],[-66.0,64.8],[-66.0,64.7],[-66.0,64.8],[-66.0,64.7],[-65.9,64.7],[-65.8,64.6],[-65.8,64.7],[-65.9,64.7],[-65.9,64.8],[-65.9,64.9],[-66.0,64.9],[-65.9,64.9],[-65.8,64.9],[-65.8,64.8],[-65.7,64.8],[-65.7,64.7],[-65.7,64.8],[-65.6,64.8],[-65.6,64.7],[-65.6,64.6],[-65.7,64.6],[-65.8,64.6],[-65.7,64.6],[-65.7,64.5],[-65.6,64.5],[-65.5,64.5],[-65.4,64.5],[-65.3,64.5],[-65.4,64.5],[-65.4,64.4],[-65.4,64.5],[-65.3,64.5],[-65.2,64.5],[-65.1,64.5],[-65.2,64.5],[-65.1,64.5],[-65.1,64.4],[-65.2,64.4],[-65.3,64.4],[-65.2,64.4],[-65.2,64.3],[-65.3,64.3],[-65.5,64.3],[-65.6,64.3],[-65.7,64.3],[-65.5,64.3],[-65.4,64.3],[-65.5,64.3],[-65.4,64.3],[-65.5,64.3],[-65.6,64.3],[-65.5,64.2],[-65.4,64.3],[-65.3,64.3],[-65.3,64.2],[-65.4,64.2],[-65.3,64.2],[-65.2,64.2],[-65.3,64.2],[-65.4,64.2],[-65.3,64.2],[-65.2,64.2],[-65.2,64.1],[-65.1,64.1],[-65.2,64.1],[-65.1,64.1],[-65.1,64.0],[-65.2,64.0],[-65.1,64.0],[-65.0,64.0],[-64.9,64.0],[-65.0,64.0],[-64.9,64.0],[-64.8,64.0],[-64.7,64.0],[-64.6,64.0],[-64.8,63.9],[-64.9,63.9],[-65.0,63.9],[-65.0,63.8],[-64.9,63.8],[-64.8,63.7],[-64.7,63.8],[-64.7,63.7],[-64.5,63.7],[-64.5,63.6],[-64.6,63.6],[-64.5,63.6],[-64.6,63.6],[-64.5,63.6],[-64.5,63.5],[-64.6,63.5],[-64.5,63.5],[-64.5,63.4],[-64.6,63.4],[-64.5,63.4],[-64.5,63.3],[-64.6,63.3],[-64.5,63.3],[-64.6,63.3],[-64.6,63.2],[-64.7,63.2],[-64.7,63.3],[-64.8,63.3],[-64.8,63.4],[-64.8,63.5],[-64.9,63.5],[-64.9,63.6],[-65.0,63.6],[-65.0,63.7],[-65.1,63.7],[-65.2,63.8],[-65.1,63.8],[-65.2,63.8],[-65.3,63.8],[-65.2,63.8],[-65.2,63.7],[-65.1,63.7],[-65.0,63.6],[-65.1,63.6],[-65.1,63.5],[-65.1,63.4],[-65.0,63.4],[-65.1,63.4],[-65.0,63.4],[-64.9,63.4],[-64.9,63.3],[-64.9,63.2],[-65.0,63.3],[-65.1,63.3],[-65.0,63.3],[-65.0,63.2],[-65.1,63.3],[-65.1,63.2],[-65.0,63.2],[-65.1,63.2],[-65.0,63.2],[-65.1,63.2],[-64.9,63.2],[-64.9,63.1],[-64.8,63.1],[-64.9,63.1],[-64.8,63.1],[-64.8,63.0],[-64.8,63.1],[-64.8,63.0],[-64.7,62.9],[-64.7,63.0],[-64.6,62.9],[-64.7,62.9],[-64.8,62.9],[-64.9,62.9],[-65.0,62.9],[-65.1,62.9],[-65.1,63.0],[-65.1,62.9],[-65.2,63.0],[-65.3,63.0],[-65.2,62.9],[-65.1,62.8],[-65.0,62.8],[-65.0,62.7],[-64.9,62.7],[-64.9,62.6],[-65.0,62.6],[-65.1,62.6],[-65.2,62.6],[-65.3,62.7],[-65.4,62.7],[-65.3,62.7],[-65.3,62.8],[-65.2,62.8],[-65.3,62.8],[-65.4,62.8],[-65.3,62.8],[-65.3,62.9],[-65.4,62.9],[-65.4,62.8],[-65.5,62.8],[-65.6,62.8],[-65.7,62.9],[-65.8,62.9],[-65.7,62.9],[-65.7,63.0],[-65.7,63.1],[-65.7,63.0],[-65.8,63.0],[-65.7,63.0],[-65.8,63.0],[-65.8,62.9],[-65.9,62.9],[-66.0,62.9],[-66.0,63.0],[-65.9,63.0],[-65.8,63.0],[-65.9,63.0],[-66.0,63.0],[-65.9,63.0],[-66.0,63.0],[-66.1,63.0],[-66.1,63.1],[-66.1,63.0],[-66.1,63.1],[-66.2,63.1],[-66.3,63.1],[-66.2,63.1],[-66.2,63.0],[-66.1,63.0],[-66.1,62.9],[-66.2,62.9],[-66.2,63.0],[-66.3,63.0],[-66.4,63.0],[-66.5,63.0],[-66.5,63.1],[-66.6,63.2],[-66.6,63.3],[-66.7,63.3],[-66.6,63.3],[-66.6,63.4],[-66.7,63.4],[-66.7,63.3],[-66.7,63.2],[-66.6,63.2],[-66.6,63.1],[-66.7,63.1],[-66.6,63.1],[-66.6,63.0],[-66.5,63.0],[-66.6,63.0],[-66.7,63.0],[-66.6,63.0],[-66.7,63.0],[-66.8,63.1],[-66.8,63.2],[-66.8,63.3],[-66.8,63.2],[-66.9,63.2],[-67.0,63.2],[-67.0,63.3],[-67.0,63.4],[-67.0,63.3],[-67.1,63.3],[-67.2,63.3],[-67.3,63.4],[-67.4,63.4],[-67.4,63.5],[-67.4,63.4],[-67.5,63.4],[-67.5,63.5],[-67.6,63.5],[-67.6,63.6],[-67.7,63.6],[-67.7,63.7],[-67.7,63.6],[-67.8,63.6],[-67.8,63.7],[-67.9,63.7],[-67.9,63.8],[-67.9,63.7],[-67.8,63.7],[-67.8,63.6],[-67.8,63.5],[-67.7,63.5],[-67.7,63.4],[-67.8,63.4],[-67.9,63.5],[-68.0,63.5],[-68.1,63.5],[-68.1,63.6],[-68.2,63.6],[-68.3,63.7],[-68.3,63.6],[-68.4,63.7],[-68.5,63.7],[-68.6,63.7],[-68.7,63.8],[-68.7,63.7],[-68.8,63.7],[-68.9,63.7],[-68.9,63.8],[-69.0,63.8],[-69.0,63.7],[-68.9,63.7],[-68.8,63.7],[-68.8,63.6],[-68.9,63.6],[-68.8,63.6],[-68.7,63.5],[-68.6,63.5],[-68.6,63.4],[-68.5,63.4],[-68.4,63.4],[-68.5,63.4],[-68.4,63.4],[-68.3,63.3],[-68.2,63.3],[-68.2,63.2],[-68.1,63.2],[-68.0,63.2],[-67.9,63.1],[-68.0,63.1],[-67.9,63.1],[-67.8,63.1],[-67.7,63.1],[-67.6,63.1],[-67.7,63.1],[-67.7,63.0],[-67.8,63.0],[-67.7,63.0],[-67.8,63.0],[-67.7,63.0],[-67.6,63.0],[-67.6,63.1],[-67.5,63.0],[-67.6,63.0],[-67.7,63.0],[-67.7,62.9],[-67.6,62.9],[-67.6,63.0],[-67.5,63.0],[-67.4,63.0],[-67.4,62.9],[-67.3,62.9],[-67.2,62.9],[-67.4,62.9],[-67.3,62.9],[-67.2,62.9],[-67.2,62.8],[-67.1,62.8],[-67.0,62.8],[-67.0,62.7],[-67.1,62.7],[-67.0,62.7],[-66.9,62.7],[-67.0,62.7],[-66.8,62.7],[-66.7,62.7],[-66.8,62.7],[-66.8,62.6],[-66.7,62.6],[-66.6,62.6],[-66.5,62.5],[-66.5,62.4],[-66.4,62.4],[-66.4,62.5],[-66.4,62.4],[-66.3,62.4],[-66.4,62.4],[-66.5,62.4],[-66.5,62.3],[-66.4,62.3],[-66.3,62.3],[-66.4,62.3],[-66.3,62.3],[-66.3,62.4],[-66.3,62.3],[-66.2,62.3],[-66.2,62.2],[-66.2,62.3],[-66.3,62.3],[-66.2,62.2],[-66.1,62.2],[-66.0,62.2],[-66.0,62.3],[-66.0,62.2],[-65.9,62.2],[-66.0,62.2],[-66.1,62.1],[-66.0,62.1],[-66.1,62.1],[-66.2,62.1],[-66.1,62.1],[-66.1,62.0],[-66.0,62.0],[-66.0,61.9],[-65.9,61.9],[-66.0,61.9],[-66.1,61.9],[-66.2,61.9],[-66.3,61.9],[-66.4,61.9],[-66.5,61.9],[-66.6,61.9],[-66.7,61.9],[-66.6,62.0],[-66.7,62.0],[-66.8,62.0],[-66.7,62.0],[-66.8,62.0],[-66.9,62.0],[-67.0,62.0],[-67.0,62.1],[-67.1,62.0],[-67.2,62.1],[-67.3,62.1],[-67.4,62.1],[-67.5,62.1],[-67.5,62.2],[-67.6,62.2],[-67.7,62.2],[-67.8,62.2],[-67.9,62.2],[-68.0,62.2],[-68.1,62.2],[-68.6,62.2],[-68.6,62.3],[-68.7,62.3],[-68.8,62.3],[-68.8,62.4],[-68.9,62.4],[-69.0,62.4],[-69.2,62.4],[-69.3,62.5],[-69.3,62.6],[-69.4,62.6],[-69.4,62.5],[-69.4,62.6],[-69.5,62.6],[-69.4,62.6],[-69.5,62.6],[-69.6,62.6],[-69.6,62.7],[-69.5,62.7],[-69.4,62.7],[-69.5,62.7],[-69.6,62.7],[-69.5,62.7],[-69.4,62.7],[-69.4,62.8],[-69.5,62.8],[-69.6,62.8],[-69.7,62.8],[-69.7,62.7],[-69.7,62.8],[-69.8,62.8],[-69.8,62.7],[-69.8,62.8],[-69.9,62.8],[-70.0,62.8],[-70.1,62.7],[-70.1,62.8],[-70.2,62.8],[-70.3,62.8],[-70.4,62.8],[-70.5,62.8],[-70.5,62.9],[-70.7,62.9],[-70.8,62.9],[-70.9,62.9],[-70.8,62.9],[-70.9,62.9],[-70.9,63.0],[-71.0,62.9],[-71.0,63.0],[-70.9,63.0],[-71.0,63.0],[-70.9,63.0],[-71.0,63.0],[-71.1,63.0],[-71.2,63.0],[-71.1,63.0],[-71.0,63.0],[-71.0,63.1],[-70.9,63.1],[-70.8,63.1],[-70.9,63.1],[-71.0,63.1],[-70.9,63.1],[-70.9,63.2],[-71.0,63.2],[-71.0,63.1],[-71.1,63.1],[-71.2,63.1],[-71.2,63.0],[-71.3,63.0],[-71.4,63.0],[-71.4,63.1],[-71.5,63.1],[-71.6,63.1],[-71.7,63.2],[-71.8,63.2],[-71.7,63.2],[-71.6,63.3],[-71.7,63.3],[-71.8,63.3],[-71.7,63.3],[-71.8,63.3],[-71.7,63.3],[-71.7,63.4],[-71.8,63.4],[-71.9,63.4],[-72.0,63.4],[-72.1,63.4],[-72.1,63.5],[-72.1,63.4],[-72.0,63.5],[-72.0,63.4],[-71.9,63.4],[-71.7,63.4],[-71.6,63.4],[-71.6,63.5],[-71.4,63.5],[-71.3,63.5],[-71.3,63.6],[-71.2,63.6],[-71.3,63.6],[-71.4,63.6],[-71.5,63.6],[-71.4,63.6],[-71.5,63.6],[-71.6,63.6],[-71.5,63.6],[-71.6,63.6],[-71.6,63.7],[-71.5,63.7],[-71.6,63.7],[-71.7,63.7],[-71.6,63.7],[-71.6,63.6],[-71.7,63.7],[-71.7,63.8],[-71.7,63.7],[-71.8,63.7],[-71.8,63.8],[-71.9,63.8],[-72.0,63.8],[-72.0,63.7],[-72.0,63.8],[-71.9,63.8],[-71.8,63.8],[-71.9,63.8],[-71.9,63.7],[-72.0,63.7],[-71.9,63.7],[-72.0,63.7],[-72.1,63.7],[-72.2,63.8],[-72.2,63.7],[-72.3,63.7],[-72.3,63.8],[-72.4,63.8],[-72.3,63.8],[-72.2,63.8],[-72.3,63.8],[-72.2,63.8],[-72.2,63.9],[-72.1,63.9],[-72.2,63.9],[-72.2,64.0],[-72.3,63.9],[-72.4,63.9],[-72.4,63.8],[-72.5,63.8],[-72.6,63.9],[-72.7,63.9],[-72.6,63.9],[-72.7,63.9],[-72.6,63.9],[-72.6,64.0],[-72.7,64.0],[-72.7,64.1],[-72.7,64.0],[-72.8,64.0],[-72.9,64.0],[-72.9,64.1],[-72.9,64.2],[-73.0,64.2],[-73.1,64.2],[-73.1,64.3],[-73.2,64.3],[-73.3,64.3],[-73.2,64.3],[-73.3,64.3],[-73.4,64.3],[-73.3,64.4],[-73.4,64.4],[-73.5,64.4],[-73.4,64.4],[-73.4,64.5],[-73.4,64.4],[-73.3,64.5],[-73.4,64.5],[-73.3,64.5],[-73.3,64.6],[-73.2,64.6],[-73.3,64.6],[-73.3,64.7],[-73.3,64.6],[-73.4,64.6],[-73.3,64.6],[-73.3,64.5],[-73.4,64.5],[-73.5,64.5],[-73.5,64.6],[-73.4,64.6],[-73.5,64.6],[-73.4,64.6],[-73.5,64.6],[-73.6,64.6],[-73.6,64.7],[-73.7,64.7],[-73.7,64.6],[-73.6,64.6],[-73.7,64.6],[-73.7,64.5],[-73.8,64.5],[-73.8,64.6],[-73.9,64.6],[-73.9,64.5],[-73.8,64.5],[-73.9,64.5],[-74.0,64.5],[-74.0,64.4],[-73.9,64.4],[-74.0,64.4],[-74.0,64.3],[-74.1,64.3],[-74.1,64.4],[-74.2,64.4],[-74.1,64.4],[-74.1,64.5],[-74.2,64.5],[-74.1,64.5],[-74.1,64.4],[-74.0,64.4],[-74.1,64.5],[-74.0,64.5],[-74.1,64.6],[-74.2,64.6],[-74.1,64.6],[-74.0,64.6],[-74.1,64.6],[-74.1,64.7],[-74.0,64.7],[-74.1,64.7],[-74.1,64.8],[-74.1,64.7],[-74.2,64.7],[-74.2,64.6],[-74.3,64.6],[-74.3,64.7],[-74.3,64.6],[-74.4,64.6],[-74.4,64.7],[-74.4,64.6],[-74.3,64.6],[-74.4,64.6],[-74.5,64.6],[-74.6,64.6],[-74.6,64.7],[-74.7,64.7],[-74.7,64.8],[-74.6,64.8],[-74.5,64.8],[-74.5,64.9],[-74.6,64.9],[-74.5,64.9],[-74.6,64.9],[-74.7,64.9],[-74.6,64.9],[-74.7,64.9],[-74.7,64.8],[-74.8,64.8],[-74.9,64.8],[-75.0,64.8],[-74.9,64.8],[-74.8,64.8],[-74.8,64.7],[-74.7,64.7],[-74.6,64.6],[-74.5,64.6],[-74.5,64.5],[-74.6,64.6],[-74.6,64.5],[-74.5,64.5],[-74.6,64.5],[-74.5,64.5],[-74.5,64.4],[-74.6,64.4],[-74.7,64.4],[-74.8,64.4],[-74.9,64.4],[-75.0,64.4],[-75.1,64.5],[-75.2,64.5],[-75.1,64.5],[-75.2,64.4],[-75.2,64.5],[-75.3,64.5],[-75.4,64.5],[-75.5,64.5],[-75.6,64.6],[-75.7,64.6],[-75.8,64.6],[-75.8,64.5],[-75.7,64.5],[-75.6,64.5],[-75.7,64.5],[-75.7,64.4],[-75.7,64.5],[-75.9,64.5],[-75.8,64.5],[-75.8,64.4],[-75.7,64.4],[-75.8,64.4],[-75.9,64.4],[-76.0,64.4],[-76.1,64.4],[-76.2,64.4],[-76.1,64.4],[-76.2,64.4],[-76.3,64.4],[-76.4,64.4],[-76.4,64.3],[-76.3,64.3],[-76.2,64.3],[-76.3,64.3],[-76.4,64.3],[-76.5,64.3],[-76.4,64.3],[-76.5,64.3],[-76.6,64.3],[-76.7,64.3],[-76.7,64.2],[-76.8,64.2],[-76.9,64.2],[-77.0,64.3],[-77.1,64.3],[-77.2,64.3],[-77.4,64.2],[-77.4,64.3],[-77.5,64.3],[-77.5,64.4],[-77.6,64.4],[-77.7,64.4],[-77.6,64.3],[-77.7,64.3],[-77.8,64.3],[-77.8,64.4],[-77.9,64.4],[-77.8,64.4],[-77.9,64.4],[-78.0,64.4],[-78.0,64.5],[-78.1,64.5],[-78.1,64.6],[-78.2,64.6],[-78.1,64.6],[-78.2,64.6],[-78.2,64.7],[-78.3,64.7],[-78.2,64.7],[-78.2,64.8],[-78.1,64.8],[-78.1,64.9],[-78.1,65.0],[-78.0,65.0],[-78.0,65.1],[-77.9,65.1],[-77.8,65.1],[-77.7,65.1],[-77.6,65.1],[-77.6,65.2],[-77.5,65.1],[-77.4,65.2],[-77.3,65.2],[-77.4,65.2],[-77.4,65.3],[-77.5,65.3],[-77.5,65.4],[-77.3,65.4],[-77.4,65.4],[-77.4,65.5],[-77.2,65.5],[-77.3,65.5],[-77.2,65.5],[-77.1,65.4],[-77.0,65.4],[-76.9,65.4],[-76.8,65.4],[-76.7,65.4],[-76.4,65.3],[-76.1,65.3],[-76.0,65.3],[-75.9,65.3],[-75.9,65.2],[-75.8,65.2],[-75.7,65.2],[-75.7,65.1],[-75.6,65.1],[-75.5,65.1],[-75.4,65.1],[-75.4,65.0],[-75.5,65.0],[-75.5,64.9],[-75.6,64.9],[-75.6,65.0],[-75.7,64.9],[-75.6,64.9],[-75.5,64.9],[-75.5,64.8],[-75.4,64.8],[-75.4,64.7],[-75.3,64.7],[-75.3,64.8],[-75.4,64.8],[-75.4,64.9],[-75.3,64.9],[-75.4,64.9],[-75.3,64.9],[-75.4,64.9],[-75.5,64.9],[-75.6,64.9],[-75.5,64.9],[-75.4,65.0],[-75.3,65.0],[-75.2,65.0],[-75.2,65.1],[-75.3,65.1],[-75.3,65.0],[-75.4,65.0],[-75.4,65.1],[-75.5,65.1],[-75.6,65.2],[-75.7,65.2],[-75.8,65.2],[-75.8,65.3],[-75.9,65.3],[-75.7,65.3],[-75.6,65.3],[-75.5,65.3],[-75.3,65.3],[-75.2,65.3],[-75.1,65.3],[-75.1,65.4],[-75.0,65.4],[-74.9,65.4],[-74.8,65.4],[-74.7,65.4],[-74.6,65.3],[-74.5,65.3],[-74.4,65.4],[-74.3,65.4],[-74.3,65.5],[-74.2,65.5],[-74.1,65.5],[-74.0,65.5],[-73.9,65.5],[-73.8,65.5],[-73.7,65.5],[-73.6,65.5],[-73.5,65.5],[-73.6,65.6],[-73.6,65.7],[-73.7,65.7],[-73.7,65.8],[-73.8,65.8],[-73.9,65.8],[-74.0,65.8],[-74.0,65.9],[-74.1,65.9],[-74.2,66.0],[-74.4,66.1],[-74.5,66.1],[-74.5,66.2],[-74.4,66.2],[-74.3,66.2],[-74.1,66.3],[-74.0,66.3],[-74.0,66.4],[-73.9,66.4],[-73.8,66.4],[-73.7,66.5],[-73.5,66.6],[-73.4,66.6],[-73.3,66.7],[-73.2,66.7],[-73.1,66.7],[-73.0,66.7],[-72.9,66.7]]],[[[-61.1,82.3],[-61.1,82.2],[-61.2,82.2],[-61.3,82.2],[-61.7,82.2],[-62.0,82.1],[-61.9,82.1],[-62.0,82.1],[-62.1,82.1],[-62.3,82.0],[-62.4,82.0],[-62.5,82.0],[-62.8,82.0],[-63.0,81.9],[-63.1,81.9],[-63.5,81.9],[-63.9,81.8],[-64.1,81.8],[-64.3,81.8],[-64.1,81.8],[-64.2,81.7],[-64.3,81.7],[-64.4,81.7],[-64.8,81.7],[-64.9,81.8],[-65.0,81.7],[-65.4,81.8],[-65.3,81.7],[-65.4,81.7],[-65.7,81.7],[-66.0,81.7],[-65.9,81.7],[-65.7,81.7],[-65.3,81.7],[-65.4,81.7],[-65.9,81.6],[-65.9,81.7],[-66.0,81.7],[-66.2,81.6],[-66.4,81.6],[-66.6,81.6],[-67.1,81.6],[-67.4,81.6],[-67.7,81.6],[-67.9,81.6],[-68.2,81.6],[-68.6,81.6],[-68.9,81.7],[-69.3,81.7],[-68.8,81.6],[-68.4,81.6],[-68.4,81.5],[-68.9,81.6],[-68.9,81.5],[-68.6,81.5],[-68.1,81.5],[-67.7,81.6],[-67.3,81.6],[-67.0,81.6],[-66.7,81.5],[-66.6,81.5],[-66.7,81.5],[-66.9,81.5],[-67.1,81.5],[-67.3,81.4],[-67.7,81.4],[-68.0,81.4],[-68.1,81.4],[-68.3,81.3],[-68.4,81.3],[-68.6,81.3],[-68.7,81.3],[-68.8,81.3],[-68.9,81.3],[-69.0,81.3],[-69.4,81.3],[-69.5,81.3],[-69.4,81.3],[-69.3,81.2],[-69.4,81.2],[-69.6,81.2],[-69.7,81.2],[-69.9,81.2],[-70.2,81.2],[-70.1,81.2],[-69.6,81.2],[-69.7,81.2],[-69.8,81.1],[-70.0,81.1],[-69.6,81.1],[-69.5,81.2],[-69.1,81.2],[-68.6,81.3],[-68.2,81.3],[-67.8,81.3],[-67.5,81.3],[-67.2,81.4],[-66.8,81.4],[-66.5,81.4],[-66.2,81.4],[-66.0,81.5],[-65.7,81.5],[-65.2,81.5],[-64.9,81.5],[-64.5,81.6],[-64.5,81.5],[-64.4,81.5],[-64.5,81.5],[-64.7,81.4],[-65.1,81.3],[-65.4,81.3],[-65.6,81.3],[-65.7,81.3],[-65.9,81.2],[-66.0,81.2],[-66.1,81.2],[-66.2,81.2],[-66.3,81.2],[-66.5,81.1],[-66.7,81.0],[-66.9,81.0],[-67.2,80.9],[-67.6,80.9],[-67.5,80.9],[-67.6,80.9],[-67.7,80.9],[-67.8,80.9],[-67.9,80.8],[-67.8,80.8],[-67.9,80.8],[-68.0,80.8],[-68.3,80.8],[-68.4,80.7],[-68.5,80.7],[-68.6,80.7],[-68.7,80.7],[-68.8,80.6],[-69.0,80.6],[-68.9,80.6],[-69.1,80.5],[-69.2,80.5],[-69.3,80.5],[-69.3,80.4],[-69.4,80.4],[-69.7,80.4],[-70.0,80.4],[-70.3,80.4],[-70.2,80.4],[-70.3,80.5],[-70.8,80.6],[-70.8,80.5],[-70.7,80.5],[-70.6,80.5],[-70.5,80.5],[-70.5,80.4],[-70.4,80.4],[-70.5,80.4],[-70.5,80.3],[-70.4,80.3],[-70.5,80.3],[-70.0,80.3],[-70.0,80.2],[-70.1,80.2],[-70.2,80.2],[-70.5,80.2],[-70.7,80.2],[-71.1,80.2],[-71.4,80.2],[-71.5,80.1],[-71.7,80.1],[-71.8,80.1],[-71.9,80.1],[-71.9,80.2],[-72.0,80.2],[-72.2,80.2],[-72.3,80.2],[-72.4,80.2],[-72.0,80.2],[-71.9,80.1],[-72.1,80.1],[-72.4,80.1],[-72.3,80.1],[-72.4,80.1],[-72.3,80.1],[-72.2,80.1],[-71.8,80.1],[-71.7,80.1],[-71.5,80.1],[-71.3,80.1],[-71.0,80.1],[-70.6,80.1],[-70.5,80.1],[-70.5,80.0],[-70.6,80.0],[-70.7,80.0],[-71.0,80.0],[-71.4,79.9],[-71.5,79.9],[-71.4,79.9],[-71.2,79.9],[-70.9,79.9],[-71.0,79.9],[-71.0,79.8],[-71.1,79.8],[-71.4,79.8],[-71.5,79.7],[-71.9,79.7],[-72.0,79.7],[-72.1,79.7],[-72.2,79.7],[-72.4,79.7],[-72.6,79.7],[-72.9,79.7],[-73.0,79.7],[-72.9,79.7],[-73.0,79.8],[-73.1,79.8],[-72.9,79.8],[-73.2,79.8],[-73.4,79.8],[-73.8,79.8],[-73.9,79.8],[-73.8,79.8],[-73.8,79.9],[-73.7,79.9],[-73.8,79.9],[-74.2,79.9],[-74.3,79.9],[-74.6,79.9],[-74.8,79.9],[-74.8,79.8],[-74.7,79.8],[-74.4,79.8],[-74.0,79.8],[-73.6,79.8],[-73.5,79.8],[-73.4,79.8],[-73.4,79.7],[-73.3,79.7],[-73.2,79.7],[-73.2,79.6],[-73.1,79.6],[-73.2,79.5],[-73.3,79.5],[-73.5,79.5],[-73.6,79.5],[-73.7,79.5],[-73.8,79.5],[-73.9,79.6],[-74.0,79.6],[-74.0,79.5],[-74.3,79.4],[-74.4,79.5],[-74.7,79.5],[-74.8,79.5],[-74.9,79.5],[-75.0,79.5],[-75.1,79.5],[-75.0,79.5],[-75.0,79.4],[-74.9,79.4],[-75.0,79.4],[-75.5,79.4],[-75.6,79.4],[-75.7,79.4],[-75.8,79.4],[-75.8,79.5],[-75.9,79.4],[-76.0,79.4],[-76.2,79.5],[-76.6,79.5],[-77.0,79.5],[-77.1,79.5],[-77.2,79.5],[-77.1,79.5],[-76.9,79.5],[-76.8,79.5],[-76.6,79.5],[-76.4,79.5],[-76.2,79.5],[-76.1,79.4],[-76.2,79.4],[-76.0,79.4],[-75.9,79.4],[-75.9,79.3],[-76.2,79.3],[-76.5,79.4],[-76.8,79.4],[-76.9,79.4],[-77.1,79.4],[-77.1,79.5],[-77.2,79.5],[-77.2,79.4],[-77.4,79.5],[-77.4,79.4],[-77.3,79.4],[-77.2,79.4],[-77.2,79.3],[-77.5,79.3],[-77.8,79.4],[-77.9,79.4],[-78.0,79.4],[-78.1,79.4],[-77.8,79.3],[-77.6,79.3],[-77.4,79.3],[-77.3,79.3],[-77.4,79.3],[-77.5,79.3],[-77.5,79.2],[-77.1,79.3],[-76.8,79.3],[-76.5,79.3],[-76.3,79.3],[-76.2,79.3],[-75.9,79.2],[-75.6,79.2],[-75.3,79.2],[-75.1,79.2],[-74.8,79.2],[-74.5,79.2],[-74.6,79.2],[-74.8,79.2],[-74.7,79.2],[-74.6,79.2],[-74.6,79.1],[-74.7,79.1],[-74.6,79.1],[-74.5,79.1],[-74.4,79.1],[-74.4,79.0],[-74.5,79.0],[-74.8,79.0],[-75.1,79.0],[-75.5,79.1],[-75.8,79.1],[-75.9,79.1],[-75.9,79.2],[-76.1,79.2],[-76.3,79.2],[-76.6,79.2],[-77.0,79.2],[-77.2,79.2],[-77.7,79.2],[-78.2,79.2],[-78.3,79.2],[-78.2,79.2],[-78.1,79.2],[-77.7,79.2],[-77.4,79.2],[-77.0,79.1],[-76.7,79.1],[-76.5,79.1],[-76.1,79.1],[-76.2,79.1],[-76.4,79.1],[-76.7,79.1],[-77.0,79.1],[-77.2,79.1],[-77.5,79.0],[-77.6,79.0],[-77.7,79.0],[-77.8,79.1],[-78.1,79.1],[-78.3,79.1],[-78.6,79.1],[-78.9,79.1],[-78.4,79.1],[-78.2,79.1],[-77.9,79.1],[-77.8,79.0],[-77.7,79.0],[-78.0,79.0],[-78.0,78.9],[-78.1,78.9],[-78.2,78.8],[-78.3,78.8],[-78.2,78.8],[-78.1,78.8],[-78.1,78.9],[-77.8,78.9],[-77.7,79.0],[-77.2,79.0],[-76.7,79.0],[-76.3,79.0],[-75.8,79.0],[-75.7,79.0],[-75.8,78.9],[-76.3,78.9],[-76.4,78.9],[-76.5,78.9],[-76.5,78.8],[-76.4,78.8],[-76.4,78.9],[-76.3,78.9],[-75.8,78.9],[-75.7,78.9],[-75.6,78.9],[-75.3,78.9],[-75.1,78.9],[-74.9,78.9],[-74.9,78.8],[-74.8,78.8],[-74.9,78.8],[-74.8,78.8],[-74.8,78.7],[-74.7,78.7],[-74.8,78.7],[-74.9,78.7],[-74.8,78.7],[-74.9,78.6],[-74.8,78.6],[-74.7,78.6],[-74.6,78.6],[-74.8,78.6],[-75.0,78.5],[-75.2,78.5],[-75.4,78.5],[-75.8,78.5],[-76.1,78.5],[-76.5,78.5],[-76.6,78.5],[-76.7,78.5],[-76.3,78.5],[-76.2,78.5],[-76.1,78.5],[-75.6,78.4],[-75.1,78.4],[-75.1,78.3],[-75.0,78.3],[-75.1,78.3],[-75.2,78.3],[-75.3,78.3],[-75.4,78.3],[-75.4,78.2],[-75.5,78.2],[-75.6,78.2],[-75.9,78.2],[-76.2,78.2],[-76.4,78.2],[-76.6,78.3],[-76.7,78.2],[-76.9,78.2],[-76.8,78.2],[-76.7,78.2],[-76.6,78.2],[-76.3,78.2],[-76.2,78.1],[-75.9,78.1],[-75.7,78.1],[-75.6,78.1],[-75.7,78.1],[-75.7,78.0],[-75.8,78.0],[-75.9,78.0],[-76.0,78.0],[-76.1,78.0],[-76.2,78.0],[-76.5,78.0],[-76.5,77.9],[-76.7,77.9],[-76.9,77.9],[-77.1,77.9],[-77.2,77.9],[-77.5,77.9],[-77.9,77.9],[-78.2,78.0],[-78.3,78.0],[-78.2,78.0],[-78.4,77.9],[-78.3,77.9],[-78.2,77.9],[-78.1,77.9],[-78.1,77.8],[-78.0,77.8],[-77.9,77.8],[-78.0,77.8],[-77.9,77.8],[-78.0,77.8],[-78.0,77.7],[-78.1,77.7],[-78.0,77.7],[-78.1,77.7],[-78.0,77.7],[-77.9,77.7],[-77.9,77.6],[-77.8,77.6],[-77.7,77.6],[-77.9,77.6],[-78.0,77.6],[-78.0,77.5],[-77.9,77.5],[-78.0,77.5],[-78.2,77.5],[-78.3,77.4],[-78.2,77.4],[-78.3,77.4],[-78.5,77.4],[-78.7,77.3],[-78.8,77.3],[-78.8,77.4],[-78.7,77.4],[-78.8,77.4],[-78.9,77.4],[-79.0,77.3],[-79.1,77.3],[-79.4,77.3],[-79.6,77.3],[-79.8,77.3],[-79.9,77.3],[-80.0,77.3],[-80.2,77.3],[-80.3,77.3],[-80.4,77.3],[-80.5,77.3],[-80.6,77.3],[-80.8,77.3],[-81.0,77.4],[-81.2,77.4],[-81.3,77.4],[-81.3,77.5],[-81.4,77.5],[-81.5,77.5],[-81.6,77.5],[-81.6,77.6],[-81.7,77.6],[-81.6,77.6],[-81.8,77.6],[-81.8,77.7],[-81.9,77.7],[-81.9,77.6],[-81.8,77.6],[-81.7,77.6],[-81.7,77.5],[-81.7,77.4],[-81.6,77.4],[-81.5,77.4],[-81.2,77.4],[-81.2,77.3],[-81.5,77.3],[-81.8,77.3],[-82.2,77.3],[-82.0,77.3],[-81.9,77.3],[-81.9,77.2],[-81.8,77.2],[-81.6,77.2],[-81.5,77.2],[-81.1,77.3],[-80.7,77.3],[-80.4,77.2],[-80.3,77.2],[-80.1,77.2],[-80.2,77.2],[-80.3,77.1],[-80.4,77.1],[-80.3,77.1],[-80.0,77.2],[-79.7,77.2],[-79.4,77.2],[-79.3,77.2],[-79.2,77.2],[-79.1,77.2],[-79.0,77.2],[-79.0,77.1],[-79.1,77.1],[-79.0,77.1],[-79.1,77.1],[-79.3,77.0],[-79.4,77.0],[-79.4,76.9],[-79.1,76.9],[-79.0,76.9],[-78.9,76.9],[-79.0,76.9],[-79.0,76.8],[-78.7,76.8],[-78.7,76.9],[-78.6,76.9],[-78.5,77.0],[-78.4,77.0],[-78.3,77.0],[-78.1,77.0],[-77.9,77.0],[-77.9,76.9],[-77.8,76.9],[-77.9,76.9],[-77.8,76.8],[-77.7,76.8],[-77.8,76.8],[-77.8,76.7],[-77.8,76.6],[-77.9,76.6],[-78.0,76.6],[-78.1,76.6],[-78.2,76.6],[-78.1,76.5],[-78.4,76.5],[-78.5,76.5],[-78.6,76.5],[-78.6,76.6],[-78.7,76.6],[-78.8,76.6],[-78.9,76.5],[-79.0,76.4],[-79.1,76.4],[-79.2,76.4],[-79.3,76.3],[-79.5,76.3],[-79.6,76.3],[-79.8,76.3],[-80.1,76.2],[-80.2,76.2],[-80.4,76.2],[-80.6,76.2],[-80.7,76.2],[-80.8,76.2],[-80.9,76.2],[-80.9,76.1],[-81.1,76.1],[-81.1,76.2],[-81.0,76.2],[-81.1,76.2],[-81.0,76.2],[-81.0,76.3],[-80.9,76.3],[-80.8,76.4],[-80.9,76.4],[-80.9,76.5],[-81.0,76.5],[-81.1,76.5],[-81.2,76.5],[-81.2,76.6],[-81.3,76.5],[-81.4,76.5],[-81.5,76.5],[-81.9,76.5],[-82.1,76.5],[-82.0,76.5],[-82.0,76.6],[-82.1,76.6],[-82.0,76.6],[-81.9,76.7],[-81.8,76.7],[-81.9,76.7],[-82.2,76.6],[-82.3,76.6],[-82.4,76.7],[-82.5,76.7],[-82.6,76.8],[-82.7,76.8],[-82.8,76.8],[-82.7,76.8],[-82.6,76.8],[-82.7,76.8],[-82.6,76.7],[-82.5,76.7],[-82.4,76.6],[-82.3,76.6],[-82.1,76.6],[-82.2,76.5],[-82.1,76.5],[-82.1,76.4],[-82.2,76.4],[-82.3,76.4],[-82.5,76.4],[-82.8,76.4],[-82.9,76.4],[-83.0,76.4],[-83.1,76.5],[-83.1,76.6],[-83.2,76.6],[-83.4,76.7],[-83.4,76.8],[-83.4,76.7],[-83.5,76.7],[-83.4,76.7],[-83.4,76.6],[-83.3,76.6],[-83.2,76.6],[-83.2,76.5],[-83.2,76.4],[-83.3,76.4],[-83.7,76.4],[-83.7,76.5],[-83.8,76.5],[-83.9,76.5],[-84.0,76.5],[-84.1,76.6],[-84.0,76.6],[-84.1,76.6],[-84.2,76.7],[-84.3,76.7],[-84.3,76.6],[-84.2,76.6],[-84.2,76.5],[-84.3,76.5],[-84.2,76.5],[-84.2,76.4],[-84.5,76.4],[-84.6,76.4],[-84.7,76.5],[-84.8,76.5],[-84.9,76.6],[-85.0,76.6],[-85.0,76.5],[-85.1,76.5],[-85.0,76.5],[-85.0,76.4],[-84.9,76.4],[-84.7,76.4],[-84.4,76.3],[-84.8,76.3],[-85.2,76.3],[-85.4,76.3],[-85.5,76.3],[-85.6,76.3],[-85.7,76.4],[-85.9,76.4],[-86.0,76.4],[-86.1,76.4],[-86.2,76.4],[-86.3,76.4],[-86.4,76.4],[-86.4,76.5],[-86.2,76.5],[-86.4,76.6],[-86.5,76.6],[-86.6,76.6],[-86.3,76.5],[-86.6,76.5],[-86.7,76.5],[-86.6,76.5],[-86.6,76.4],[-86.7,76.4],[-86.7,76.3],[-86.8,76.4],[-87.1,76.4],[-87.2,76.4],[-87.1,76.4],[-87.2,76.4],[-87.4,76.5],[-87.5,76.5],[-87.5,76.6],[-87.6,76.6],[-87.6,76.5],[-87.5,76.5],[-87.5,76.4],[-87.4,76.4],[-87.5,76.4],[-87.4,76.4],[-87.4,76.3],[-87.5,76.4],[-87.6,76.4],[-87.6,76.3],[-87.7,76.3],[-87.8,76.4],[-87.9,76.4],[-88.4,76.4],[-88.4,76.5],[-88.4,76.6],[-88.5,76.6],[-88.5,76.7],[-88.6,76.7],[-88.5,76.8],[-88.6,76.8],[-88.7,76.7],[-88.6,76.6],[-88.7,76.6],[-88.6,76.6],[-88.5,76.6],[-88.5,76.5],[-88.6,76.5],[-88.6,76.4],[-88.7,76.4],[-88.7,76.5],[-88.6,76.5],[-88.7,76.5],[-88.7,76.6],[-88.6,76.6],[-88.7,76.6],[-88.8,76.6],[-88.8,76.5],[-88.8,76.4],[-88.9,76.4],[-89.0,76.4],[-89.0,76.5],[-89.1,76.4],[-89.2,76.4],[-89.3,76.5],[-89.4,76.5],[-89.4,76.6],[-89.5,76.6],[-89.5,76.5],[-89.6,76.6],[-89.7,76.6],[-89.6,76.6],[-89.4,76.7],[-89.5,76.7],[-89.4,76.7],[-89.5,76.8],[-89.5,76.9],[-89.0,77.0],[-88.7,77.0],[-88.6,77.0],[-88.5,77.1],[-88.4,77.1],[-88.5,77.1],[-88.4,77.1],[-88.3,77.1],[-88.1,77.1],[-88.2,77.1],[-88.1,77.1],[-87.9,77.1],[-87.8,77.1],[-87.7,77.1],[-87.6,77.1],[-87.5,77.1],[-87.4,77.1],[-87.3,77.1],[-87.5,77.1],[-87.4,77.2],[-87.1,77.2],[-87.0,77.2],[-86.9,77.1],[-86.8,77.1],[-86.9,77.2],[-86.6,77.2],[-86.7,77.2],[-86.8,77.2],[-86.9,77.2],[-87.1,77.2],[-87.2,77.2],[-87.1,77.2],[-87.2,77.2],[-87.1,77.2],[-87.0,77.3],[-86.9,77.3],[-87.0,77.3],[-87.2,77.3],[-87.1,77.3],[-87.0,77.3],[-86.9,77.3],[-86.8,77.4],[-86.9,77.4],[-87.1,77.4],[-87.3,77.3],[-87.7,77.4],[-87.8,77.4],[-87.8,77.5],[-87.7,77.5],[-87.6,77.5],[-87.7,77.5],[-87.8,77.5],[-87.8,77.6],[-87.9,77.6],[-87.8,77.6],[-87.9,77.6],[-88.0,77.6],[-88.2,77.6],[-88.2,77.7],[-88.2,77.8],[-88.1,77.8],[-88.2,77.9],[-88.1,77.9],[-88.1,77.8],[-88.0,77.8],[-87.6,77.9],[-87.2,77.9],[-86.8,77.9],[-86.7,77.9],[-86.5,77.8],[-86.2,77.8],[-86.1,77.7],[-86.0,77.7],[-85.9,77.7],[-85.9,77.6],[-85.8,77.6],[-85.8,77.5],[-85.7,77.5],[-85.8,77.4],[-85.6,77.5],[-85.5,77.5],[-85.5,77.4],[-85.4,77.4],[-85.0,77.4],[-84.9,77.4],[-84.8,77.3],[-84.5,77.3],[-84.6,77.3],[-84.6,77.4],[-84.5,77.4],[-84.4,77.4],[-84.1,77.4],[-83.8,77.4],[-83.5,77.3],[-83.5,77.4],[-83.8,77.4],[-83.8,77.5],[-83.6,77.5],[-83.5,77.5],[-83.4,77.5],[-83.3,77.6],[-83.0,77.7],[-82.9,77.7],[-82.8,77.8],[-82.7,77.8],[-82.7,77.9],[-82.6,77.9],[-82.5,77.9],[-82.6,77.9],[-82.6,78.0],[-82.5,78.0],[-82.6,78.0],[-82.5,78.0],[-82.6,78.0],[-82.5,78.0],[-82.4,78.0],[-82.4,78.1],[-82.3,78.1],[-82.5,78.1],[-82.7,78.1],[-82.8,78.0],[-82.7,77.9],[-82.8,77.9],[-82.9,77.9],[-83.0,77.9],[-83.0,77.8],[-83.1,77.8],[-83.2,77.7],[-83.3,77.7],[-83.4,77.6],[-83.7,77.5],[-83.9,77.5],[-84.1,77.5],[-84.3,77.5],[-84.8,77.5],[-84.9,77.6],[-84.8,77.6],[-84.7,77.6],[-84.6,77.6],[-84.6,77.7],[-84.5,77.7],[-84.4,77.7],[-84.5,77.7],[-84.5,77.8],[-84.5,77.7],[-84.6,77.7],[-84.7,77.6],[-84.9,77.6],[-85.0,77.6],[-85.3,77.7],[-85.4,77.7],[-85.2,77.8],[-85.1,77.8],[-85.0,77.8],[-84.9,77.8],[-85.0,77.8],[-85.1,77.8],[-85.3,77.8],[-85.4,77.8],[-85.3,77.9],[-85.2,77.9],[-85.0,77.9],[-84.9,77.9],[-84.8,77.9],[-84.9,77.9],[-84.9,77.8],[-84.7,77.9],[-84.4,77.9],[-84.3,77.9],[-84.5,77.9],[-84.9,77.9],[-85.2,77.9],[-85.4,77.9],[-85.5,77.9],[-85.7,77.9],[-85.7,78.0],[-85.4,78.0],[-85.1,78.1],[-85.0,78.1],[-84.9,78.0],[-84.7,78.0],[-84.6,78.1],[-84.5,78.1],[-84.3,78.1],[-84.6,78.1],[-84.7,78.1],[-84.9,78.1],[-85.1,78.1],[-85.0,78.1],[-85.0,78.2],[-84.8,78.2],[-84.6,78.2],[-84.4,78.2],[-84.2,78.2],[-84.0,78.2],[-84.2,78.2],[-84.4,78.2],[-84.8,78.2],[-84.9,78.2],[-85.0,78.2],[-84.9,78.2],[-84.9,78.3],[-84.8,78.3],[-84.6,78.3],[-84.6,78.4],[-84.7,78.4],[-84.7,78.3],[-84.8,78.3],[-84.8,78.4],[-84.9,78.4],[-84.8,78.4],[-84.8,78.5],[-84.7,78.5],[-84.7,78.6],[-84.6,78.6],[-84.7,78.6],[-84.8,78.5],[-84.9,78.5],[-84.9,78.4],[-85.0,78.4],[-85.0,78.3],[-85.1,78.3],[-85.2,78.2],[-85.4,78.2],[-85.4,78.1],[-85.5,78.1],[-85.9,78.1],[-86.2,78.1],[-86.3,78.1],[-86.2,78.1],[-86.3,78.2],[-86.2,78.2],[-86.1,78.2],[-86.0,78.2],[-85.9,78.2],[-85.9,78.3],[-85.8,78.3],[-85.9,78.4],[-85.8,78.4],[-85.9,78.4],[-85.9,78.3],[-86.0,78.3],[-86.1,78.3],[-86.1,78.2],[-86.2,78.2],[-86.3,78.2],[-86.4,78.2],[-86.5,78.2],[-86.6,78.2],[-86.7,78.1],[-86.8,78.1],[-87.1,78.1],[-87.5,78.1],[-87.5,78.2],[-87.4,78.2],[-87.1,78.2],[-87.2,78.2],[-87.3,78.2],[-87.4,78.2],[-87.5,78.2],[-87.5,78.3],[-87.5,78.4],[-87.5,78.5],[-87.2,78.5],[-86.9,78.5],[-86.9,78.6],[-87.1,78.6],[-87.0,78.6],[-87.0,78.7],[-86.9,78.7],[-86.6,78.8],[-86.5,78.8],[-86.0,78.8],[-85.8,78.8],[-85.5,78.9],[-85.4,78.9],[-85.2,78.9],[-85.0,78.9],[-84.7,78.9],[-84.2,78.9],[-83.7,78.8],[-83.5,78.8],[-83.3,78.8],[-83.3,78.7],[-83.2,78.7],[-82.8,78.7],[-82.7,78.7],[-82.7,78.6],[-82.6,78.6],[-82.5,78.6],[-82.4,78.6],[-82.3,78.6],[-82.2,78.6],[-82.5,78.7],[-82.6,78.7],[-82.5,78.7],[-82.2,78.7],[-82.3,78.8],[-82.8,78.7],[-82.9,78.8],[-83.0,78.8],[-83.1,78.8],[-83.2,78.8],[-83.3,78.8],[-83.2,78.9],[-83.0,78.9],[-82.6,78.8],[-82.4,78.8],[-82.3,78.8],[-82.0,78.9],[-81.8,78.9],[-81.7,78.9],[-81.8,78.8],[-81.7,78.8],[-81.7,78.9],[-81.8,78.9],[-81.7,78.9],[-81.7,79.0],[-81.6,79.0],[-81.5,79.0],[-81.5,79.1],[-81.6,79.1],[-81.9,79.0],[-82.0,79.0],[-82.1,78.9],[-82.5,78.9],[-82.6,78.9],[-83.0,78.9],[-83.3,78.9],[-83.7,78.9],[-84.0,79.0],[-84.3,79.0],[-84.5,79.0],[-84.8,79.0],[-84.8,79.1],[-84.7,79.1],[-84.5,79.1],[-84.3,79.1],[-84.2,79.1],[-84.1,79.1],[-84.0,79.1],[-84.1,79.1],[-84.0,79.1],[-83.7,79.0],[-83.4,79.0],[-83.4,79.1],[-83.5,79.0],[-83.7,79.1],[-83.9,79.1],[-84.0,79.1],[-84.0,79.2],[-83.9,79.2],[-84.0,79.2],[-84.1,79.2],[-84.3,79.2],[-84.4,79.2],[-84.3,79.2],[-84.3,79.3],[-84.4,79.3],[-84.4,79.4],[-84.5,79.4],[-84.6,79.4],[-84.7,79.4],[-84.9,79.5],[-85.0,79.5],[-85.0,79.6],[-85.2,79.7],[-85.3,79.7],[-85.6,79.7],[-85.9,79.7],[-86.2,79.7],[-86.4,79.8],[-86.5,79.8],[-86.4,79.8],[-86.5,79.9],[-86.4,79.9],[-86.4,80.0],[-86.3,80.0],[-86.0,80.0],[-85.9,79.9],[-85.5,79.9],[-85.4,79.9],[-85.3,79.9],[-85.4,79.9],[-85.5,80.0],[-85.9,80.0],[-86.0,80.0],[-86.4,80.0],[-86.5,80.0],[-86.6,80.0],[-86.6,80.1],[-86.7,80.1],[-86.6,80.2],[-86.5,80.2],[-86.5,80.3],[-86.4,80.3],[-86.2,80.3],[-85.9,80.3],[-85.7,80.3],[-85.3,80.3],[-85.0,80.3],[-84.6,80.3],[-84.3,80.3],[-84.0,80.3],[-83.8,80.3],[-83.3,80.1],[-83.1,80.1],[-82.7,80.0],[-82.4,79.9],[-82.2,79.9],[-82.1,79.8],[-82.0,79.8],[-82.0,79.7],[-81.9,79.7],[-81.8,79.7],[-81.7,79.7],[-81.7,79.6],[-81.6,79.6],[-81.7,79.6],[-81.8,79.6],[-81.7,79.6],[-81.6,79.6],[-81.5,79.6],[-81.4,79.6],[-81.0,79.6],[-80.6,79.6],[-80.4,79.6],[-80.1,79.7],[-80.0,79.6],[-79.9,79.6],[-79.8,79.7],[-80.1,79.7],[-80.4,79.7],[-80.9,79.7],[-81.3,79.7],[-81.5,79.7],[-81.5,79.8],[-81.6,79.8],[-81.6,79.9],[-81.7,79.9],[-81.6,79.9],[-81.4,79.9],[-81.5,80.0],[-81.7,80.0],[-82.0,80.0],[-82.1,80.0],[-82.2,80.0],[-82.5,80.1],[-82.9,80.2],[-83.0,80.3],[-83.2,80.3],[-82.8,80.4],[-82.5,80.4],[-82.3,80.4],[-82.0,80.4],[-81.6,80.4],[-81.2,80.4],[-80.8,80.5],[-80.4,80.5],[-80.3,80.5],[-80.4,80.5],[-80.1,80.5],[-79.8,80.5],[-79.5,80.5],[-79.4,80.6],[-79.0,80.5],[-78.9,80.6],[-78.8,80.6],[-78.7,80.6],[-78.4,80.6],[-78.1,80.6],[-78.0,80.6],[-78.4,80.6],[-78.8,80.6],[-79.3,80.6],[-79.6,80.6],[-80.0,80.6],[-79.9,80.6],[-79.6,80.7],[-79.4,80.7],[-79.1,80.7],[-78.8,80.7],[-78.6,80.8],[-78.5,80.8],[-78.3,80.8],[-78.2,80.8],[-77.7,80.8],[-77.5,80.8],[-77.1,80.8],[-76.9,80.8],[-76.6,80.8],[-76.5,80.9],[-76.6,80.9],[-76.8,80.9],[-77.0,80.9],[-77.4,80.9],[-77.7,80.9],[-78.0,80.9],[-78.1,80.9],[-78.5,80.9],[-78.8,80.9],[-78.9,80.9],[-78.9,81.0],[-78.5,81.1],[-78.4,81.1],[-78.5,81.2],[-78.4,81.2],[-78.3,81.2],[-78.2,81.2],[-78.1,81.2],[-78.0,81.2],[-77.8,81.3],[-77.7,81.3],[-77.6,81.3],[-77.4,81.3],[-77.2,81.4],[-77.1,81.4],[-77.0,81.4],[-76.8,81.4],[-76.7,81.4],[-76.8,81.5],[-76.9,81.5],[-77.3,81.4],[-77.8,81.4],[-77.9,81.3],[-78.2,81.3],[-78.5,81.2],[-78.6,81.2],[-78.7,81.2],[-78.8,81.1],[-78.7,81.1],[-78.9,81.1],[-79.2,81.2],[-79.5,81.2],[-79.2,81.1],[-79.1,81.1],[-79.2,81.1],[-79.3,81.1],[-79.3,81.0],[-79.2,81.0],[-79.3,80.9],[-79.4,80.9],[-79.5,80.9],[-79.6,80.8],[-79.9,80.8],[-80.1,80.8],[-80.2,80.8],[-80.4,80.7],[-80.6,80.7],[-80.9,80.7],[-81.2,80.6],[-81.6,80.6],[-81.8,80.6],[-82.1,80.6],[-82.3,80.6],[-82.4,80.6],[-82.7,80.6],[-82.9,80.5],[-83.1,80.5],[-83.2,80.6],[-83.1,80.6],[-83.0,80.7],[-82.9,80.7],[-82.8,80.7],[-82.5,80.7],[-82.1,80.7],[-82.0,80.8],[-81.9,80.8],[-81.8,80.8],[-81.9,80.8],[-82.0,80.8],[-82.1,80.8],[-82.4,80.8],[-82.5,80.8],[-82.6,80.7],[-83.0,80.7],[-83.3,80.7],[-83.5,80.7],[-83.6,80.7],[-83.5,80.8],[-83.4,80.8],[-83.1,80.8],[-83.3,80.8],[-83.4,80.8],[-83.5,80.8],[-83.6,80.8],[-83.7,80.8],[-83.7,80.7],[-83.9,80.8],[-83.8,80.8],[-83.8,80.7],[-83.7,80.7],[-83.7,80.6],[-83.8,80.6],[-83.8,80.5],[-83.9,80.5],[-84.1,80.5],[-84.4,80.5],[-84.7,80.5],[-84.9,80.5],[-85.1,80.5],[-85.6,80.5],[-85.7,80.5],[-85.8,80.5],[-85.9,80.5],[-85.8,80.6],[-85.6,80.6],[-85.8,80.6],[-86.1,80.5],[-86.4,80.6],[-86.7,80.6],[-86.7,80.7],[-86.6,80.7],[-86.2,80.8],[-85.8,80.9],[-85.6,81.0],[-85.5,81.0],[-85.4,81.0],[-85.2,81.0],[-85.0,81.0],[-84.9,81.0],[-84.6,81.0],[-84.2,81.1],[-84.1,81.1],[-83.7,81.1],[-83.2,81.1],[-82.8,81.1],[-82.7,81.1],[-82.5,81.2],[-82.4,81.2],[-82.8,81.2],[-83.3,81.1],[-83.7,81.1],[-84.2,81.1],[-84.3,81.1],[-84.7,81.1],[-85.2,81.1],[-85.3,81.1],[-85.4,81.1],[-85.5,81.1],[-85.8,81.0],[-86.1,81.0],[-86.4,80.9],[-86.5,80.9],[-86.6,80.9],[-86.6,80.8],[-87.1,80.7],[-87.2,80.7],[-87.3,80.6],[-87.5,80.6],[-87.7,80.6],[-87.9,80.7],[-88.1,80.7],[-88.4,80.7],[-88.6,80.8],[-88.9,80.8],[-89.2,80.9],[-89.4,80.9],[-89.5,80.9],[-89.4,80.9],[-89.3,80.9],[-89.3,81.0],[-89.0,81.0],[-88.9,81.0],[-88.4,81.0],[-88.1,81.0],[-87.8,81.0],[-87.6,81.0],[-87.1,81.0],[-87.0,81.0],[-86.7,81.0],[-86.5,81.0],[-86.3,81.1],[-86.0,81.1],[-85.9,81.1],[-85.8,81.1],[-85.9,81.1],[-85.8,81.1],[-85.7,81.2],[-85.6,81.2],[-85.5,81.2],[-85.2,81.2],[-84.8,81.3],[-84.7,81.3],[-84.8,81.3],[-84.9,81.3],[-85.0,81.3],[-85.2,81.3],[-85.6,81.3],[-85.9,81.2],[-86.2,81.2],[-86.3,81.2],[-86.5,81.1],[-86.9,81.1],[-87.4,81.1],[-87.9,81.1],[-88.4,81.1],[-88.8,81.0],[-89.3,81.0],[-89.8,81.0],[-89.9,81.0],[-90.0,81.0],[-90.1,81.0],[-90.2,81.1],[-90.3,81.1],[-90.3,81.2],[-90.4,81.2],[-90.3,81.2],[-90.0,81.2],[-89.9,81.2],[-89.8,81.2],[-89.6,81.2],[-89.2,81.2],[-88.9,81.2],[-89.0,81.3],[-89.4,81.3],[-89.6,81.3],[-89.8,81.3],[-90.0,81.3],[-89.9,81.3],[-89.6,81.4],[-89.5,81.4],[-89.2,81.4],[-89.0,81.5],[-88.9,81.5],[-88.8,81.5],[-88.9,81.5],[-88.5,81.5],[-88.3,81.5],[-87.9,81.5],[-88.0,81.5],[-87.9,81.5],[-87.8,81.5],[-87.7,81.5],[-87.5,81.5],[-87.3,81.5],[-87.2,81.5],[-87.3,81.5],[-87.7,81.5],[-88.0,81.6],[-88.1,81.6],[-88.2,81.6],[-88.3,81.6],[-88.4,81.6],[-88.5,81.6],[-88.6,81.6],[-89.0,81.5],[-89.3,81.5],[-89.5,81.5],[-89.8,81.4],[-90.3,81.4],[-90.4,81.4],[-90.5,81.4],[-90.6,81.4],[-90.5,81.4],[-90.9,81.4],[-90.8,81.5],[-90.5,81.5],[-90.1,81.6],[-90.0,81.6],[-89.9,81.6],[-89.6,81.6],[-89.8,81.6],[-90.1,81.6],[-90.0,81.6],[-90.0,81.7],[-90.1,81.7],[-90.2,81.7],[-90.3,81.7],[-90.4,81.7],[-90.3,81.7],[-90.3,81.6],[-90.4,81.7],[-90.5,81.7],[-90.7,81.7],[-90.8,81.6],[-90.9,81.6],[-91.0,81.6],[-91.1,81.5],[-91.1,81.6],[-91.5,81.5],[-91.4,81.5],[-91.4,81.6],[-91.5,81.6],[-91.8,81.6],[-91.9,81.6],[-91.9,81.7],[-92.0,81.7],[-91.9,81.7],[-91.8,81.7],[-91.7,81.7],[-91.8,81.7],[-91.7,81.7],[-91.6,81.7],[-91.6,81.8],[-91.5,81.8],[-91.4,81.8],[-91.2,81.8],[-91.1,81.8],[-91.0,81.8],[-91.1,81.8],[-91.2,81.8],[-91.1,81.8],[-91.0,81.8],[-90.7,81.8],[-90.7,81.9],[-90.6,81.9],[-90.2,81.9],[-89.9,81.9],[-90.0,81.9],[-89.9,81.9],[-89.8,81.9],[-89.7,81.9],[-89.6,81.9],[-89.5,81.8],[-89.4,81.8],[-89.3,81.8],[-89.4,81.8],[-89.3,81.8],[-89.2,81.9],[-89.1,81.9],[-89.2,81.9],[-89.4,81.9],[-89.3,81.9],[-89.1,81.9],[-89.0,81.9],[-89.1,82.0],[-89.0,82.0],[-88.7,82.1],[-88.2,82.1],[-88.1,82.1],[-88.0,82.1],[-87.8,82.1],[-87.6,82.1],[-87.4,82.1],[-87.2,82.0],[-87.3,82.0],[-87.0,81.9],[-86.7,81.9],[-86.8,81.9],[-87.1,82.0],[-86.8,82.0],[-86.9,82.0],[-87.0,82.0],[-87.0,82.1],[-86.6,82.1],[-86.3,82.0],[-86.2,82.0],[-86.1,82.0],[-86.0,82.0],[-85.7,81.9],[-85.4,81.9],[-85.6,81.9],[-85.7,82.0],[-85.3,82.0],[-85.2,82.0],[-85.0,81.9],[-84.9,81.9],[-84.8,81.9],[-84.9,81.9],[-85.1,82.0],[-85.0,82.0],[-84.9,82.0],[-84.8,82.0],[-84.8,81.9],[-84.7,81.9],[-84.6,81.9],[-84.7,81.9],[-84.7,82.0],[-84.8,82.0],[-85.2,82.0],[-85.7,82.1],[-86.2,82.1],[-86.7,82.1],[-86.9,82.2],[-86.8,82.2],[-86.6,82.2],[-86.4,82.2],[-86.0,82.2],[-85.7,82.2],[-85.6,82.3],[-85.5,82.3],[-85.4,82.3],[-85.5,82.3],[-85.4,82.3],[-85.4,82.4],[-85.5,82.4],[-85.7,82.4],[-85.8,82.4],[-85.9,82.4],[-85.8,82.5],[-85.4,82.5],[-85.1,82.5],[-84.7,82.5],[-84.6,82.5],[-84.6,82.4],[-84.9,82.4],[-84.5,82.4],[-84.4,82.4],[-84.3,82.4],[-84.2,82.4],[-83.9,82.4],[-83.7,82.3],[-83.4,82.3],[-83.4,82.2],[-83.3,82.2],[-83.0,82.2],[-83.0,82.1],[-83.1,82.1],[-82.8,82.1],[-82.4,82.1],[-82.1,82.1],[-81.9,82.0],[-81.9,82.1],[-82.1,82.1],[-82.6,82.1],[-82.8,82.2],[-83.0,82.2],[-83.0,82.3],[-82.6,82.2],[-82.4,82.2],[-82.1,82.2],[-81.9,82.2],[-81.6,82.1],[-81.1,82.1],[-80.6,82.0],[-80.5,82.0],[-80.4,82.0],[-80.0,82.0],[-79.6,81.9],[-79.6,81.8],[-79.5,81.8],[-79.2,81.8],[-79.7,81.9],[-79.7,82.0],[-79.8,82.0],[-79.9,82.0],[-79.8,82.0],[-79.9,82.0],[-80.2,82.1],[-80.6,82.1],[-80.9,82.1],[-81.0,82.1],[-80.9,82.2],[-81.3,82.2],[-81.8,82.2],[-82.2,82.3],[-82.7,82.4],[-82.5,82.5],[-82.0,82.5],[-81.5,82.5],[-81.6,82.5],[-81.9,82.5],[-82.3,82.6],[-82.4,82.6],[-82.3,82.7],[-82.1,82.7],[-81.7,82.7],[-81.4,82.6],[-81.2,82.6],[-80.9,82.5],[-80.6,82.5],[-80.6,82.6],[-80.8,82.6],[-81.1,82.7],[-81.2,82.7],[-81.3,82.7],[-81.4,82.8],[-81.5,82.8],[-81.6,82.8],[-81.5,82.8],[-81.1,82.8],[-80.7,82.8],[-80.3,82.8],[-80.2,82.7],[-80.1,82.7],[-80.2,82.7],[-80.1,82.7],[-79.9,82.7],[-79.9,82.6],[-79.8,82.6],[-79.8,82.7],[-79.9,82.7],[-80.0,82.7],[-79.9,82.7],[-79.5,82.7],[-79.1,82.7],[-79.0,82.7],[-78.9,82.7],[-78.5,82.7],[-79.0,82.7],[-79.4,82.7],[-79.9,82.8],[-80.0,82.8],[-79.9,82.8],[-79.7,82.8],[-80.0,82.8],[-80.4,82.9],[-80.3,82.9],[-80.2,82.9],[-79.7,83.0],[-79.3,83.0],[-79.2,83.0],[-79.2,82.9],[-79.1,82.9],[-79.0,82.9],[-78.8,82.9],[-78.7,82.9],[-78.6,82.9],[-78.5,82.9],[-78.6,82.9],[-78.5,82.8],[-78.5,82.9],[-78.4,82.9],[-78.3,82.9],[-78.2,82.8],[-78.1,82.8],[-78.2,82.8],[-78.2,82.9],[-78.1,82.9],[-78.0,82.9],[-78.1,82.9],[-77.9,82.9],[-77.5,82.9],[-77.1,82.9],[-77.0,82.8],[-76.9,82.8],[-77.0,82.8],[-76.9,82.8],[-76.8,82.8],[-76.7,82.7],[-76.6,82.7],[-76.4,82.7],[-76.4,82.6],[-76.3,82.6],[-76.2,82.6],[-76.0,82.6],[-75.9,82.6],[-76.0,82.6],[-76.1,82.5],[-76.2,82.5],[-76.3,82.5],[-76.2,82.5],[-75.9,82.5],[-75.7,82.6],[-75.5,82.6],[-75.4,82.6],[-75.8,82.7],[-76.1,82.7],[-76.2,82.7],[-76.3,82.7],[-76.3,82.8],[-76.2,82.8],[-76.1,82.8],[-76.0,82.8],[-76.4,82.8],[-76.5,82.8],[-76.7,82.9],[-77.0,82.9],[-77.4,83.0],[-77.3,83.0],[-77.1,83.0],[-77.2,83.0],[-77.1,83.0],[-76.7,83.0],[-76.2,83.0],[-76.1,83.1],[-75.8,83.0],[-75.4,83.0],[-75.3,83.0],[-75.2,83.0],[-75.1,83.0],[-74.6,83.0],[-74.2,83.0],[-74.1,83.0],[-74.0,83.0],[-74.0,82.9],[-73.9,82.9],[-73.8,82.9],[-73.4,82.8],[-73.0,82.8],[-72.6,82.7],[-72.5,82.7],[-72.8,82.8],[-73.1,82.8],[-73.3,82.8],[-73.4,82.8],[-73.4,82.9],[-73.5,82.9],[-73.6,82.9],[-73.7,82.9],[-73.6,82.9],[-73.6,83.0],[-73.4,83.0],[-73.2,83.0],[-72.9,83.0],[-72.9,83.1],[-73.0,83.1],[-72.8,83.1],[-72.7,83.1],[-72.6,83.1],[-72.5,83.1],[-72.3,83.1],[-72.0,83.1],[-71.6,83.1],[-71.8,83.0],[-71.6,83.0],[-71.6,82.9],[-71.2,82.9],[-70.8,82.9],[-70.9,82.9],[-71.3,83.0],[-71.5,83.0],[-71.3,83.1],[-71.1,83.1],[-71.0,83.1],[-70.9,83.1],[-70.8,83.1],[-70.9,83.1],[-70.8,83.1],[-70.4,83.1],[-70.1,83.1],[-69.7,83.1],[-69.8,83.1],[-69.7,83.1],[-69.7,83.0],[-69.5,83.0],[-69.6,83.0],[-69.7,83.0],[-69.6,83.0],[-69.2,83.0],[-69.0,83.0],[-68.7,83.0],[-68.6,83.0],[-68.5,83.0],[-68.2,83.0],[-68.1,83.0],[-68.2,83.0],[-68.2,82.9],[-68.1,82.9],[-68.0,83.0],[-67.6,83.0],[-67.2,82.9],[-67.1,82.9],[-67.1,83.0],[-66.9,83.0],[-67.0,82.9],[-66.9,82.9],[-66.8,83.0],[-66.7,83.0],[-66.7,82.9],[-66.4,82.9],[-66.3,82.9],[-66.4,82.9],[-66.3,82.9],[-66.4,82.9],[-66.8,82.8],[-67.2,82.8],[-67.5,82.8],[-67.6,82.8],[-67.7,82.7],[-67.8,82.7],[-67.9,82.7],[-68.1,82.7],[-68.4,82.7],[-68.5,82.7],[-68.6,82.7],[-68.7,82.6],[-68.6,82.6],[-68.2,82.6],[-67.8,82.6],[-67.4,82.7],[-67.3,82.7],[-67.1,82.7],[-66.9,82.7],[-66.7,82.7],[-66.6,82.7],[-66.7,82.7],[-66.6,82.8],[-66.2,82.8],[-65.9,82.8],[-65.5,82.8],[-65.4,82.8],[-65.2,82.8],[-65.3,82.8],[-65.4,82.8],[-65.3,82.8],[-65.2,82.8],[-65.2,82.9],[-65.1,82.9],[-65.3,82.9],[-65.2,82.9],[-65.1,82.9],[-64.7,82.9],[-64.9,82.9],[-64.7,82.9],[-64.7,82.8],[-64.8,82.8],[-64.7,82.8],[-64.6,82.8],[-64.5,82.8],[-64.4,82.8],[-64.3,82.8],[-64.1,82.8],[-63.8,82.8],[-63.4,82.8],[-63.5,82.7],[-63.9,82.7],[-63.7,82.7],[-63.6,82.7],[-63.5,82.7],[-63.6,82.7],[-63.5,82.7],[-63.4,82.7],[-63.3,82.7],[-63.2,82.6],[-63.3,82.6],[-63.4,82.6],[-63.0,82.6],[-62.9,82.6],[-63.0,82.6],[-63.1,82.5],[-63.3,82.5],[-63.4,82.4],[-63.0,82.5],[-62.9,82.5],[-62.8,82.5],[-62.7,82.5],[-62.8,82.5],[-62.7,82.5],[-62.5,82.5],[-62.2,82.5],[-62.3,82.5],[-62.4,82.5],[-62.3,82.5],[-62.2,82.5],[-62.3,82.5],[-62.1,82.5],[-61.8,82.5],[-61.6,82.5],[-61.3,82.5],[-61.1,82.4],[-61.1,82.3]]],[[[-52.6,47.5],[-52.7,47.5],[-52.7,47.4],[-52.7,47.3],[-52.8,47.3],[-52.8,47.2],[-52.9,47.1],[-52.8,47.1],[-52.9,47.1],[-52.9,47.0],[-52.9,46.9],[-52.9,46.8],[-53.0,46.8],[-53.0,46.7],[-53.1,46.7],[-53.1,46.6],[-53.2,46.6],[-53.2,46.7],[-53.3,46.7],[-53.4,46.7],[-53.5,46.7],[-53.5,46.6],[-53.6,46.6],[-53.6,46.7],[-53.6,46.8],[-53.6,46.9],[-53.5,46.9],[-53.6,46.8],[-53.6,46.9],[-53.5,46.9],[-53.5,47.0],[-53.5,46.9],[-53.6,46.9],[-53.6,47.0],[-53.6,47.1],[-53.5,47.1],[-53.5,47.2],[-53.6,47.2],[-53.6,47.1],[-53.7,47.1],[-53.6,47.1],[-53.6,47.2],[-53.6,47.1],[-53.7,47.1],[-53.7,47.0],[-53.8,47.0],[-53.9,46.9],[-54.0,46.9],[-54.0,46.8],[-54.1,46.8],[-54.2,46.8],[-54.2,46.9],[-54.2,47.0],[-54.1,47.0],[-54.1,47.1],[-54.0,47.2],[-53.9,47.2],[-54.0,47.3],[-53.9,47.3],[-53.9,47.4],[-53.8,47.4],[-53.9,47.4],[-53.8,47.4],[-53.9,47.4],[-53.9,47.5],[-53.9,47.6],[-53.9,47.7],[-54.0,47.7],[-54.0,47.8],[-54.1,47.8],[-54.1,47.9],[-54.1,47.8],[-54.2,47.9],[-54.3,47.9],[-54.2,47.9],[-54.2,47.8],[-54.2,47.7],[-54.3,47.7],[-54.3,47.6],[-54.4,47.6],[-54.4,47.5],[-54.5,47.5],[-54.4,47.5],[-54.4,47.4],[-54.5,47.4],[-54.4,47.4],[-54.5,47.5],[-54.5,47.4],[-54.6,47.4],[-54.4,47.6],[-54.5,47.5],[-54.6,47.4],[-54.7,47.4],[-54.8,47.4],[-54.9,47.4],[-54.9,47.3],[-55.0,47.3],[-55.0,47.2],[-55.1,47.2],[-55.1,47.1],[-55.1,47.0],[-55.2,47.0],[-55.2,47.1],[-55.2,47.0],[-55.2,46.9],[-55.3,46.9],[-55.4,46.9],[-55.5,46.9],[-55.6,46.9],[-55.7,46.9],[-55.8,46.9],[-55.9,46.9],[-56.0,46.9],[-56.0,47.0],[-55.9,47.0],[-55.9,47.1],[-55.8,47.1],[-55.7,47.1],[-55.6,47.1],[-55.5,47.1],[-55.5,47.2],[-55.4,47.2],[-55.3,47.2],[-55.3,47.3],[-55.3,47.4],[-55.2,47.5],[-55.1,47.5],[-55.0,47.5],[-54.9,47.5],[-55.0,47.5],[-54.9,47.5],[-54.9,47.6],[-54.8,47.6],[-54.9,47.6],[-54.8,47.6],[-54.7,47.7],[-54.8,47.7],[-54.8,47.6],[-54.9,47.6],[-55.0,47.6],[-55.1,47.6],[-55.0,47.6],[-55.0,47.7],[-55.0,47.8],[-54.9,47.8],[-55.0,47.8],[-55.1,47.7],[-55.1,47.6],[-55.2,47.6],[-55.1,47.6],[-55.1,47.7],[-55.2,47.6],[-55.2,47.7],[-55.3,47.7],[-55.4,47.7],[-55.3,47.7],[-55.4,47.7],[-55.5,47.6],[-55.4,47.6],[-55.4,47.5],[-55.5,47.5],[-55.6,47.4],[-55.6,47.5],[-55.6,47.4],[-55.7,47.4],[-55.6,47.5],[-55.7,47.5],[-55.6,47.5],[-55.7,47.5],[-55.8,47.5],[-55.9,47.5],[-55.9,47.4],[-55.9,47.5],[-55.8,47.5],[-55.8,47.6],[-55.7,47.6],[-55.8,47.6],[-55.9,47.6],[-55.9,47.5],[-56.0,47.5],[-56.1,47.5],[-56.2,47.5],[-56.1,47.5],[-56.0,47.5],[-55.9,47.6],[-55.8,47.6],[-55.7,47.6],[-55.7,47.7],[-55.6,47.7],[-55.7,47.7],[-55.8,47.6],[-55.9,47.6],[-55.9,47.7],[-55.8,47.7],[-55.8,47.8],[-55.8,47.9],[-55.7,47.9],[-55.8,47.9],[-55.8,48.0],[-55.8,47.9],[-55.8,47.8],[-55.9,47.8],[-56.0,47.8],[-56.0,47.7],[-56.1,47.7],[-56.1,47.8],[-56.2,47.8],[-56.1,47.8],[-56.1,47.7],[-56.2,47.7],[-56.1,47.7],[-56.2,47.7],[-56.2,47.6],[-56.2,47.7],[-56.2,47.6],[-56.3,47.6],[-56.3,47.7],[-56.3,47.8],[-56.3,47.7],[-56.3,47.6],[-56.4,47.6],[-56.5,47.6],[-56.6,47.6],[-56.7,47.6],[-56.6,47.6],[-56.7,47.6],[-56.8,47.6],[-56.7,47.6],[-56.8,47.5],[-56.9,47.5],[-56.9,47.6],[-56.9,47.5],[-56.9,47.6],[-57.0,47.6],[-57.1,47.6],[-57.2,47.6],[-57.1,47.6],[-57.2,47.6],[-57.3,47.6],[-57.4,47.6],[-57.5,47.6],[-57.5,47.7],[-57.5,47.6],[-57.6,47.6],[-57.7,47.6],[-57.7,47.7],[-57.8,47.7],[-57.8,47.6],[-57.8,47.7],[-57.9,47.7],[-58.0,47.7],[-58.1,47.7],[-58.2,47.7],[-58.3,47.7],[-58.3,47.6],[-58.4,47.6],[-58.4,47.7],[-58.3,47.7],[-58.3,47.8],[-58.3,47.7],[-58.4,47.7],[-58.4,47.6],[-58.5,47.6],[-58.5,47.7],[-58.5,47.6],[-58.5,47.7],[-58.5,47.6],[-58.6,47.6],[-58.7,47.6],[-58.8,47.6],[-58.9,47.6],[-59.0,47.6],[-59.1,47.6],[-59.2,47.6],[-59.3,47.6],[-59.3,47.7],[-59.3,47.8],[-59.4,47.8],[-59.4,47.9],[-59.3,47.9],[-59.3,48.0],[-59.2,48.0],[-59.2,48.1],[-59.0,48.1],[-58.9,48.2],[-58.8,48.2],[-58.8,48.3],[-58.7,48.3],[-58.7,48.4],[-58.6,48.4],[-58.5,48.5],[-58.5,48.4],[-58.6,48.4],[-58.5,48.4],[-58.4,48.5],[-58.3,48.5],[-58.4,48.5],[-58.5,48.5],[-58.6,48.5],[-58.7,48.6],[-58.8,48.5],[-58.9,48.5],[-59.0,48.5],[-59.1,48.5],[-59.2,48.5],[-59.3,48.5],[-59.2,48.5],[-59.2,48.6],[-59.1,48.6],[-59.0,48.7],[-58.8,48.8],[-58.8,48.7],[-58.9,48.7],[-59.0,48.6],[-58.9,48.6],[-58.8,48.6],[-58.9,48.6],[-58.8,48.6],[-58.7,48.6],[-58.7,48.7],[-58.6,48.8],[-58.6,48.9],[-58.5,48.9],[-58.5,49.0],[-58.4,49.1],[-58.4,49.2],[-58.3,49.1],[-58.4,49.1],[-58.3,49.1],[-58.4,49.1],[-58.3,49.1],[-58.2,49.1],[-58.1,49.0],[-57.9,49.0],[-58.0,49.0],[-58.1,49.0],[-58.1,49.1],[-58.0,49.1],[-57.9,49.1],[-57.9,49.2],[-58.0,49.2],[-57.9,49.2],[-58.0,49.2],[-58.1,49.1],[-58.1,49.2],[-58.0,49.2],[-57.9,49.2],[-58.0,49.2],[-58.1,49.2],[-58.2,49.2],[-58.2,49.3],[-58.2,49.4],[-58.1,49.5],[-58.0,49.6],[-57.9,49.5],[-57.9,49.4],[-57.9,49.5],[-57.8,49.5],[-57.7,49.5],[-57.8,49.5],[-57.8,49.6],[-57.8,49.5],[-57.9,49.5],[-57.9,49.6],[-58.0,49.6],[-57.9,49.7],[-57.9,49.8],[-57.8,49.9],[-57.7,50.0],[-57.7,50.1],[-57.6,50.2],[-57.6,50.3],[-57.5,50.3],[-57.5,50.4],[-57.5,50.5],[-57.4,50.5],[-57.4,50.6],[-57.3,50.6],[-57.2,50.6],[-57.3,50.6],[-57.2,50.6],[-57.3,50.7],[-57.3,50.6],[-57.3,50.7],[-57.4,50.7],[-57.3,50.7],[-57.2,50.7],[-57.2,50.8],[-57.1,50.8],[-57.0,50.8],[-57.0,50.9],[-56.9,50.9],[-57.0,50.9],[-57.0,51.0],[-57.1,51.0],[-57.0,51.0],[-56.9,51.0],[-57.0,51.0],[-57.0,51.1],[-56.9,51.1],[-56.8,51.1],[-56.8,51.2],[-56.7,51.2],[-56.8,51.2],[-56.8,51.3],[-56.7,51.3],[-56.7,51.4],[-56.5,51.4],[-56.4,51.4],[-56.3,51.5],[-56.2,51.5],[-56.1,51.5],[-56.1,51.6],[-56.0,51.6],[-55.9,51.6],[-55.8,51.6],[-55.9,51.6],[-55.8,51.6],[-55.9,51.5],[-55.8,51.5],[-55.7,51.5],[-55.6,51.5],[-55.7,51.5],[-55.7,51.6],[-55.6,51.6],[-55.5,51.6],[-55.4,51.6],[-55.5,51.6],[-55.4,51.5],[-55.5,51.5],[-55.5,51.4],[-55.6,51.4],[-55.6,51.3],[-55.6,51.4],[-55.6,51.3],[-55.7,51.3],[-55.8,51.4],[-55.9,51.3],[-55.9,51.4],[-56.0,51.4],[-55.9,51.4],[-56.0,51.3],[-56.0,51.4],[-56.1,51.4],[-56.1,51.3],[-56.0,51.3],[-56.0,51.2],[-56.1,51.2],[-56.0,51.2],[-55.9,51.2],[-56.0,51.2],[-55.9,51.2],[-55.8,51.2],[-55.7,51.2],[-55.7,51.1],[-55.8,51.1],[-55.8,51.0],[-55.8,50.9],[-55.8,51.0],[-55.9,50.9],[-55.8,50.9],[-55.9,50.9],[-56.0,50.8],[-56.1,50.8],[-56.1,50.7],[-56.1,50.8],[-56.1,50.9],[-56.2,50.9],[-56.1,50.8],[-56.2,50.8],[-56.2,50.7],[-56.1,50.7],[-56.1,50.6],[-56.2,50.6],[-56.2,50.5],[-56.3,50.5],[-56.4,50.4],[-56.5,50.4],[-56.4,50.4],[-56.4,50.3],[-56.5,50.3],[-56.5,50.2],[-56.6,50.1],[-56.7,50.1],[-56.6,50.1],[-56.7,50.1],[-56.7,50.0],[-56.8,50.0],[-56.8,49.9],[-56.7,49.9],[-56.7,50.0],[-56.7,49.9],[-56.8,49.9],[-56.8,49.8],[-56.9,49.8],[-56.9,49.7],[-56.8,49.7],[-56.8,49.6],[-56.9,49.5],[-56.8,49.6],[-56.7,49.7],[-56.6,49.8],[-56.5,49.9],[-56.4,49.8],[-56.4,49.9],[-56.3,50.0],[-56.3,50.1],[-56.2,50.1],[-56.1,50.2],[-56.1,50.1],[-56.1,50.0],[-56.2,49.9],[-56.1,50.0],[-56.0,50.0],[-55.9,50.0],[-55.8,50.0],[-55.8,49.9],[-55.7,49.9],[-55.7,50.0],[-55.6,50.0],[-55.5,50.0],[-55.5,49.9],[-55.6,49.9],[-55.7,49.8],[-55.8,49.8],[-56.0,49.7],[-56.0,49.8],[-56.0,49.7],[-56.1,49.7],[-56.2,49.6],[-56.1,49.6],[-56.0,49.7],[-55.9,49.7],[-56.0,49.7],[-55.9,49.7],[-55.8,49.7],[-55.9,49.7],[-55.9,49.6],[-55.9,49.5],[-56.0,49.5],[-56.1,49.5],[-56.1,49.4],[-56.0,49.5],[-55.9,49.5],[-55.8,49.5],[-55.7,49.5],[-55.8,49.5],[-55.8,49.4],[-55.7,49.5],[-55.7,49.4],[-55.6,49.4],[-55.6,49.5],[-55.5,49.5],[-55.6,49.5],[-55.6,49.4],[-55.5,49.4],[-55.5,49.5],[-55.4,49.5],[-55.3,49.5],[-55.4,49.4],[-55.3,49.5],[-55.3,49.4],[-55.4,49.4],[-55.4,49.3],[-55.4,49.4],[-55.3,49.4],[-55.3,49.3],[-55.3,49.4],[-55.2,49.4],[-55.3,49.4],[-55.3,49.5],[-55.2,49.5],[-55.1,49.5],[-55.2,49.5],[-55.1,49.5],[-55.2,49.4],[-55.2,49.3],[-55.2,49.2],[-55.3,49.2],[-55.4,49.2],[-55.3,49.2],[-55.3,49.1],[-55.4,49.1],[-55.4,49.0],[-55.3,49.1],[-55.2,49.1],[-55.3,49.1],[-55.3,49.2],[-55.2,49.2],[-55.1,49.3],[-55.1,49.4],[-55.0,49.3],[-55.0,49.2],[-55.0,49.3],[-54.9,49.3],[-54.9,49.4],[-54.8,49.4],[-54.8,49.3],[-54.8,49.4],[-54.8,49.3],[-54.7,49.3],[-54.7,49.4],[-54.6,49.4],[-54.7,49.4],[-54.6,49.4],[-54.6,49.5],[-54.5,49.5],[-54.4,49.5],[-54.5,49.5],[-54.5,49.4],[-54.5,49.5],[-54.4,49.5],[-54.5,49.4],[-54.4,49.4],[-54.5,49.4],[-54.5,49.3],[-54.4,49.3],[-54.4,49.4],[-54.3,49.4],[-54.2,49.4],[-54.1,49.4],[-54.1,49.5],[-54.0,49.5],[-54.0,49.4],[-53.9,49.5],[-53.9,49.4],[-53.8,49.4],[-53.7,49.4],[-53.7,49.3],[-53.6,49.3],[-53.5,49.3],[-53.5,49.2],[-53.6,49.1],[-53.6,49.0],[-53.8,49.0],[-53.7,49.0],[-53.8,49.0],[-53.9,49.0],[-53.8,48.9],[-53.9,48.9],[-54.0,48.9],[-53.9,48.9],[-54.0,48.9],[-54.0,48.8],[-54.1,48.8],[-54.2,48.8],[-54.0,48.8],[-53.9,48.8],[-53.8,48.8],[-53.9,48.8],[-53.8,48.8],[-53.9,48.7],[-54.0,48.8],[-54.0,48.7],[-53.9,48.7],[-54.0,48.7],[-53.9,48.7],[-53.9,48.6],[-53.8,48.7],[-53.9,48.7],[-53.8,48.8],[-53.8,48.7],[-53.9,48.7],[-53.8,48.7],[-53.7,48.7],[-53.6,48.7],[-53.7,48.6],[-53.8,48.6],[-53.9,48.6],[-54.0,48.5],[-53.9,48.5],[-53.9,48.6],[-53.7,48.6],[-53.8,48.6],[-53.8,48.5],[-53.7,48.5],[-53.8,48.5],[-53.9,48.5],[-54.0,48.4],[-54.1,48.4],[-54.2,48.4],[-54.1,48.4],[-54.0,48.4],[-53.9,48.5],[-53.8,48.5],[-53.8,48.4],[-53.9,48.4],[-53.8,48.4],[-53.9,48.4],[-53.8,48.4],[-53.8,48.5],[-53.7,48.5],[-53.6,48.5],[-53.7,48.5],[-53.6,48.5],[-53.7,48.5],[-53.7,48.4],[-53.6,48.5],[-53.5,48.5],[-53.6,48.4],[-53.5,48.5],[-53.5,48.6],[-53.4,48.6],[-53.3,48.6],[-53.3,48.5],[-53.3,48.6],[-53.3,48.5],[-53.2,48.5],[-53.2,48.6],[-53.1,48.6],[-53.1,48.7],[-53.0,48.7],[-53.0,48.6],[-53.0,48.5],[-53.1,48.4],[-53.2,48.4],[-53.3,48.4],[-53.4,48.4],[-53.4,48.3],[-53.5,48.3],[-53.5,48.2],[-53.6,48.2],[-53.7,48.2],[-53.8,48.2],[-53.9,48.2],[-53.9,48.1],[-53.8,48.1],[-53.7,48.1],[-53.7,48.0],[-53.8,48.0],[-53.9,48.0],[-53.8,48.0],[-53.7,48.0],[-53.6,48.0],[-53.6,48.1],[-53.6,48.0],[-53.7,47.9],[-53.8,47.9],[-53.7,47.9],[-53.7,47.8],[-53.8,47.8],[-53.9,47.8],[-53.9,47.9],[-53.9,47.8],[-53.8,47.8],[-53.8,47.7],[-53.9,47.7],[-53.8,47.7],[-53.8,47.6],[-53.7,47.6],[-53.7,47.7],[-53.7,47.6],[-53.6,47.6],[-53.7,47.6],[-53.7,47.5],[-53.6,47.6],[-53.6,47.5],[-53.5,47.6],[-53.6,47.6],[-53.5,47.6],[-53.6,47.6],[-53.5,47.6],[-53.5,47.7],[-53.5,47.8],[-53.4,47.8],[-53.4,47.9],[-53.3,47.9],[-53.3,48.0],[-53.2,48.0],[-53.2,48.1],[-53.1,48.1],[-53.1,48.0],[-53.1,48.1],[-53.0,48.1],[-53.0,48.2],[-52.9,48.2],[-52.9,48.1],[-52.8,48.1],[-52.9,48.1],[-53.0,48.0],[-53.0,47.9],[-53.1,47.9],[-53.1,47.8],[-53.2,47.8],[-53.2,47.7],[-53.2,47.6],[-53.3,47.6],[-53.2,47.6],[-53.3,47.6],[-53.2,47.6],[-53.3,47.6],[-53.2,47.5],[-53.2,47.6],[-53.2,47.5],[-53.1,47.5],[-53.2,47.5],[-53.1,47.5],[-53.2,47.5],[-53.2,47.4],[-53.1,47.4],[-53.1,47.5],[-53.0,47.5],[-52.9,47.6],[-52.8,47.6],[-52.8,47.7],[-52.8,47.8],[-52.7,47.8],[-52.7,47.7],[-52.7,47.6],[-52.7,47.5],[-52.6,47.5]]],[[[-67.2,45.2],[-67.3,45.2],[-67.4,45.2],[-67.5,45.3],[-67.4,45.4],[-67.5,45.5],[-67.4,45.5],[-67.4,45.6],[-67.5,45.6],[-67.6,45.6],[-67.7,45.6],[-67.7,45.7],[-67.8,45.7],[-67.8,45.8],[-67.8,45.9],[-67.8,46.0],[-67.8,46.1],[-67.8,46.2],[-67.8,46.4],[-67.8,46.5],[-67.8,46.6],[-67.8,46.8],[-67.8,46.9],[-67.8,47.0],[-67.8,47.1],[-67.9,47.1],[-67.9,47.2],[-68.0,47.2],[-68.1,47.3],[-68.2,47.3],[-68.2,47.4],[-68.3,47.4],[-68.4,47.3],[-68.5,47.3],[-68.6,47.3],[-68.6,47.2],[-68.7,47.2],[-68.8,47.2],[-68.9,47.2],[-69.0,47.2],[-69.1,47.3],[-69.1,47.4],[-69.2,47.5],[-69.3,47.5],[-69.3,47.4],[-69.4,47.4],[-69.4,47.3],[-69.5,47.2],[-69.6,47.1],[-69.7,47.0],[-69.8,46.9],[-69.9,46.8],[-70.0,46.7],[-70.0,46.6],[-70.1,46.5],[-70.1,46.4],[-70.2,46.4],[-70.2,46.3],[-70.3,46.3],[-70.3,46.2],[-70.2,46.2],[-70.2,46.1],[-70.3,46.1],[-70.3,46.0],[-70.3,45.9],[-70.4,45.8],[-70.4,45.7],[-70.5,45.7],[-70.6,45.7],[-70.7,45.6],[-70.7,45.5],[-70.7,45.4],[-70.6,45.4],[-70.7,45.4],[-70.8,45.4],[-70.8,45.3],[-70.9,45.3],[-70.9,45.2],[-71.0,45.3],[-71.1,45.3],[-71.2,45.2],[-71.2,45.3],[-71.3,45.3],[-71.4,45.3],[-71.4,45.2],[-71.4,45.1],[-71.5,45.1],[-71.5,45.0],[-71.6,45.0],[-71.7,45.0],[-71.8,45.0],[-71.9,45.0],[-72.0,45.0],[-72.1,45.0],[-72.2,45.0],[-72.3,45.0],[-72.4,45.0],[-72.5,45.0],[-72.6,45.0],[-72.7,45.0],[-72.8,45.0],[-72.9,45.0],[-73.0,45.0],[-73.1,45.0],[-73.2,45.0],[-73.3,45.0],[-73.4,45.0],[-73.5,45.0],[-73.6,45.0],[-73.7,45.0],[-73.8,45.0],[-73.9,45.0],[-74.0,45.0],[-74.1,45.0],[-74.2,45.0],[-74.3,45.0],[-74.4,45.0],[-74.5,45.0],[-74.6,45.0],[-74.7,45.0],[-74.6,45.0],[-74.5,45.1],[-74.4,45.1],[-74.4,45.2],[-74.3,45.2],[-74.2,45.2],[-74.1,45.2],[-74.0,45.2],[-74.0,45.3],[-73.9,45.3],[-73.8,45.3],[-73.8,45.4],[-73.7,45.4],[-73.6,45.4],[-73.5,45.4],[-73.5,45.5],[-73.5,45.6],[-73.4,45.6],[-73.5,45.7],[-73.4,45.7],[-73.4,45.8],[-73.3,45.9],[-73.2,45.9],[-73.2,46.0],[-73.1,46.1],[-73.0,46.1],[-72.9,46.1],[-72.8,46.1],[-72.8,46.2],[-72.7,46.2],[-72.7,46.3],[-72.6,46.3],[-72.5,46.4],[-72.4,46.4],[-72.3,46.4],[-72.2,46.4],[-72.2,46.5],[-72.1,46.6],[-72.0,46.6],[-71.9,46.6],[-71.9,46.7],[-71.8,46.7],[-71.8,46.6],[-71.7,46.6],[-71.3,46.7],[-71.3,46.8],[-71.2,46.8],[-71.1,46.9],[-71.0,46.9],[-70.9,46.9],[-70.8,46.9],[-70.7,46.9],[-70.7,47.0],[-70.6,47.0],[-70.5,47.0],[-70.4,47.1],[-70.3,47.2],[-70.2,47.3],[-70.1,47.4],[-70.0,47.5],[-69.9,47.5],[-69.8,47.6],[-69.7,47.7],[-69.6,47.8],[-69.6,47.9],[-69.5,47.9],[-69.4,48.0],[-69.3,48.0],[-69.3,48.1],[-69.2,48.1],[-69.1,48.2],[-69.0,48.3],[-68.8,48.3],[-68.8,48.4],[-68.7,48.4],[-68.6,48.4],[-68.6,48.5],[-68.5,48.5],[-68.4,48.5],[-68.4,48.6],[-68.3,48.6],[-68.2,48.6],[-68.1,48.7],[-68.0,48.7],[-67.7,48.8],[-67.6,48.8],[-67.5,48.9],[-67.4,48.9],[-67.3,48.9],[-67.1,49.0],[-66.9,49.0],[-66.6,49.1],[-66.5,49.1],[-66.2,49.2],[-66.1,49.2],[-65.9,49.2],[-65.7,49.2],[-65.6,49.3],[-65.4,49.3],[-65.3,49.2],[-65.2,49.2],[-65.0,49.2],[-64.9,49.2],[-64.8,49.2],[-64.7,49.1],[-64.6,49.1],[-64.5,49.1],[-64.4,49.0],[-64.3,49.0],[-64.3,48.9],[-64.2,48.9],[-64.2,48.8],[-64.3,48.8],[-64.5,48.9],[-64.6,48.9],[-64.5,48.9],[-64.5,48.8],[-64.4,48.8],[-64.3,48.8],[-64.3,48.7],[-64.2,48.7],[-64.2,48.6],[-64.3,48.6],[-64.2,48.5],[-64.3,48.5],[-64.3,48.4],[-64.4,48.4],[-64.5,48.4],[-64.7,48.4],[-64.7,48.3],[-64.8,48.2],[-64.9,48.2],[-65.0,48.2],[-64.9,48.1],[-65.0,48.1],[-65.1,48.1],[-65.2,48.0],[-65.3,48.0],[-65.4,48.0],[-65.5,48.0],[-65.5,48.1],[-65.6,48.1],[-65.7,48.1],[-65.8,48.1],[-65.9,48.2],[-66.0,48.2],[-66.0,48.1],[-66.1,48.1],[-66.2,48.1],[-66.3,48.1],[-66.4,48.1],[-66.5,48.1],[-66.6,48.1],[-66.6,48.0],[-66.6,48.1],[-66.7,48.0],[-66.8,48.0],[-66.7,48.0],[-66.6,48.0],[-66.4,48.1],[-66.4,48.0],[-66.3,48.0],[-66.2,48.0],[-66.0,47.9],[-65.9,47.9],[-65.8,47.9],[-65.7,47.8],[-65.7,47.7],[-65.6,47.7],[-65.7,47.7],[-65.7,47.6],[-65.6,47.6],[-65.6,47.7],[-65.5,47.7],[-65.4,47.7],[-65.4,47.8],[-65.3,47.8],[-65.2,47.8],[-65.0,47.8],[-65.1,47.8],[-65.0,47.8],[-64.9,47.8],[-64.8,47.8],[-64.9,47.8],[-64.8,47.7],[-64.8,47.8],[-64.7,47.8],[-64.7,47.7],[-64.8,47.7],[-64.8,47.6],[-64.9,47.6],[-64.9,47.5],[-64.9,47.4],[-65.0,47.3],[-65.1,47.3],[-65.1,47.2],[-65.3,47.1],[-65.4,47.1],[-65.3,47.1],[-65.2,47.1],[-65.2,47.0],[-65.1,47.1],[-65.0,47.1],[-64.9,47.1],[-64.8,47.1],[-64.8,47.0],[-64.9,47.0],[-64.9,46.9],[-64.9,46.8],[-64.8,46.8],[-64.8,46.7],[-64.9,46.7],[-64.8,46.7],[-64.7,46.7],[-64.7,46.6],[-64.7,46.5],[-64.6,46.5],[-64.6,46.4],[-64.6,46.3],[-64.7,46.3],[-64.6,46.3],[-64.6,46.4],[-64.5,46.4],[-64.5,46.3],[-64.6,46.3],[-64.6,46.2],[-64.5,46.2],[-64.4,46.2],[-64.3,46.2],[-64.2,46.2],[-64.1,46.2],[-64.0,46.2],[-63.9,46.2],[-63.8,46.1],[-63.9,46.1],[-64.1,46.1],[-64.1,46.0],[-64.0,46.0],[-63.9,46.0],[-63.9,45.9],[-63.8,45.9],[-63.7,45.9],[-63.8,45.8],[-63.7,45.8],[-63.7,45.9],[-63.7,45.8],[-63.7,45.9],[-63.6,45.9],[-63.5,45.9],[-63.4,45.9],[-63.5,45.9],[-63.4,45.8],[-63.5,45.8],[-63.4,45.8],[-63.3,45.8],[-63.2,45.8],[-63.3,45.8],[-63.4,45.8],[-63.4,45.7],[-63.3,45.7],[-63.3,45.8],[-63.3,45.7],[-63.2,45.8],[-63.2,45.7],[-63.1,45.8],[-63.0,45.8],[-62.9,45.8],[-62.8,45.8],[-62.7,45.8],[-62.8,45.8],[-62.7,45.7],[-62.6,45.7],[-62.7,45.7],[-62.8,45.7],[-62.8,45.6],[-62.8,45.7],[-62.7,45.7],[-62.7,45.6],[-62.7,45.7],[-62.7,45.6],[-62.6,45.6],[-62.7,45.6],[-62.7,45.7],[-62.6,45.7],[-62.5,45.7],[-62.5,45.6],[-62.4,45.6],[-62.4,45.7],[-62.3,45.7],[-62.1,45.8],[-62.0,45.9],[-61.9,45.9],[-61.9,45.8],[-61.9,45.7],[-61.8,45.7],[-61.7,45.6],[-61.6,45.6],[-61.6,45.7],[-61.5,45.7],[-61.4,45.6],[-61.3,45.6],[-61.3,45.5],[-61.2,45.5],[-61.3,45.4],[-61.4,45.4],[-61.5,45.4],[-61.5,45.3],[-61.1,45.4],[-61.1,45.3],[-61.0,45.3],[-61.1,45.2],[-61.2,45.2],[-61.1,45.2],[-61.1,45.3],[-61.2,45.3],[-61.2,45.2],[-61.2,45.3],[-61.2,45.2],[-61.3,45.2],[-61.3,45.3],[-61.3,45.2],[-61.4,45.2],[-61.3,45.2],[-61.4,45.2],[-61.6,45.1],[-61.6,45.2],[-61.7,45.2],[-61.7,45.1],[-61.6,45.1],[-61.7,45.1],[-61.6,45.1],[-61.7,45.1],[-61.8,45.1],[-61.9,45.1],[-61.8,45.1],[-61.8,45.0],[-61.9,45.1],[-61.9,45.0],[-61.9,45.1],[-61.9,45.0],[-62.0,45.0],[-62.1,45.0],[-62.0,45.0],[-62.1,45.0],[-62.2,45.0],[-62.3,45.0],[-62.3,44.9],[-62.4,44.9],[-62.4,44.8],[-62.5,44.8],[-62.5,44.9],[-62.6,44.9],[-62.6,44.8],[-62.5,44.8],[-62.6,44.8],[-62.7,44.8],[-62.8,44.8],[-62.8,44.7],[-62.9,44.7],[-63.0,44.7],[-63.0,44.8],[-63.1,44.8],[-63.0,44.7],[-63.1,44.7],[-63.1,44.8],[-63.1,44.7],[-63.2,44.7],[-63.3,44.7],[-63.2,44.7],[-63.3,44.6],[-63.4,44.6],[-63.4,44.7],[-63.5,44.7],[-63.4,44.7],[-63.4,44.6],[-63.5,44.6],[-63.6,44.7],[-63.7,44.7],[-63.6,44.7],[-63.6,44.6],[-63.5,44.6],[-63.5,44.5],[-63.6,44.5],[-63.6,44.4],[-63.6,44.5],[-63.7,44.5],[-63.8,44.5],[-63.9,44.5],[-63.9,44.6],[-63.9,44.7],[-64.0,44.7],[-64.1,44.6],[-64.0,44.6],[-64.0,44.5],[-64.1,44.5],[-64.1,44.6],[-64.2,44.6],[-64.2,44.5],[-64.3,44.5],[-64.3,44.6],[-64.3,44.5],[-64.4,44.5],[-64.4,44.4],[-64.3,44.4],[-64.2,44.4],[-64.3,44.4],[-64.3,44.3],[-64.2,44.3],[-64.3,44.3],[-64.4,44.3],[-64.4,44.2],[-64.5,44.2],[-64.5,44.1],[-64.5,44.2],[-64.6,44.2],[-64.6,44.1],[-64.6,44.2],[-64.6,44.1],[-64.5,44.1],[-64.6,44.1],[-64.7,44.1],[-64.7,44.0],[-64.8,44.0],[-64.8,43.9],[-64.8,43.8],[-64.9,43.8],[-64.9,43.9],[-64.9,43.8],[-64.9,43.9],[-65.0,43.9],[-64.9,43.8],[-65.0,43.8],[-65.0,43.7],[-65.1,43.7],[-65.1,43.8],[-65.1,43.7],[-65.2,43.7],[-65.1,43.7],[-65.1,43.8],[-65.2,43.7],[-65.2,43.8],[-65.3,43.8],[-65.2,43.8],[-65.2,43.7],[-65.3,43.7],[-65.3,43.8],[-65.3,43.7],[-65.4,43.7],[-65.3,43.7],[-65.3,43.6],[-65.4,43.6],[-65.3,43.6],[-65.3,43.5],[-65.4,43.6],[-65.5,43.6],[-65.4,43.5],[-65.4,43.6],[-65.5,43.6],[-65.5,43.5],[-65.6,43.5],[-65.5,43.6],[-65.6,43.6],[-65.6,43.5],[-65.7,43.5],[-65.7,43.6],[-65.8,43.6],[-65.7,43.6],[-65.8,43.6],[-65.8,43.7],[-65.8,43.6],[-65.8,43.7],[-65.8,43.8],[-65.9,43.8],[-66.0,43.8],[-66.0,43.9],[-66.0,43.8],[-66.0,43.7],[-66.1,43.7],[-66.1,43.8],[-66.1,43.7],[-66.1,43.8],[-66.1,43.9],[-66.1,43.8],[-66.1,43.9],[-66.2,43.9],[-66.1,43.9],[-66.2,43.9],[-66.2,44.0],[-66.1,44.0],[-66.2,44.0],[-66.2,44.1],[-66.2,44.2],[-66.1,44.2],[-66.1,44.3],[-66.1,44.4],[-66.0,44.4],[-66.0,44.5],[-65.9,44.5],[-65.8,44.6],[-65.9,44.6],[-66.0,44.5],[-66.2,44.4],[-66.0,44.6],[-65.9,44.6],[-65.8,44.7],[-65.8,44.6],[-65.7,44.6],[-65.6,44.7],[-65.5,44.7],[-65.5,44.8],[-65.4,44.8],[-65.5,44.8],[-65.5,44.7],[-65.6,44.7],[-65.7,44.7],[-65.8,44.7],[-65.7,44.7],[-65.6,44.8],[-65.5,44.9],[-65.4,44.9],[-65.2,45.0],[-65.0,45.1],[-64.9,45.1],[-64.7,45.2],[-64.6,45.2],[-64.5,45.2],[-64.4,45.3],[-64.5,45.3],[-64.4,45.3],[-64.3,45.3],[-64.4,45.2],[-64.4,45.1],[-64.3,45.1],[-64.2,45.1],[-64.2,45.0],[-64.1,45.0],[-64.2,45.0],[-64.1,45.0],[-64.1,45.1],[-64.2,45.1],[-64.2,45.2],[-64.1,45.2],[-64.0,45.2],[-64.0,45.3],[-63.9,45.3],[-63.8,45.3],[-63.7,45.3],[-63.6,45.3],[-63.5,45.3],[-63.4,45.3],[-63.4,45.4],[-63.5,45.4],[-63.6,45.4],[-63.8,45.4],[-63.9,45.4],[-64.0,45.4],[-64.1,45.4],[-64.0,45.4],[-64.1,45.4],[-64.2,45.4],[-64.3,45.4],[-64.4,45.4],[-64.5,45.4],[-64.6,45.4],[-64.7,45.4],[-64.7,45.3],[-64.8,45.3],[-64.9,45.4],[-64.9,45.3],[-64.9,45.4],[-64.9,45.5],[-64.8,45.5],[-64.7,45.5],[-64.7,45.6],[-64.6,45.6],[-64.5,45.6],[-64.5,45.7],[-64.4,45.7],[-64.4,45.8],[-64.3,45.8],[-64.3,45.7],[-64.3,45.8],[-64.3,45.9],[-64.4,45.9],[-64.3,45.9],[-64.4,45.8],[-64.5,45.8],[-64.5,45.7],[-64.5,45.8],[-64.5,45.9],[-64.6,45.9],[-64.6,46.0],[-64.7,46.0],[-64.7,46.1],[-64.8,46.1],[-64.7,46.0],[-64.6,45.9],[-64.6,45.8],[-64.7,45.8],[-64.7,45.7],[-64.6,45.7],[-64.7,45.7],[-64.8,45.6],[-64.9,45.6],[-65.0,45.6],[-65.2,45.5],[-65.3,45.5],[-65.5,45.4],[-65.5,45.3],[-65.6,45.3],[-65.7,45.3],[-65.8,45.2],[-65.8,45.3],[-65.8,45.2],[-65.9,45.2],[-66.0,45.2],[-66.0,45.3],[-66.1,45.3],[-66.0,45.4],[-66.0,45.5],[-66.0,45.4],[-66.1,45.4],[-66.2,45.4],[-66.2,45.3],[-66.1,45.3],[-66.1,45.2],[-66.2,45.2],[-66.3,45.2],[-66.2,45.2],[-66.3,45.2],[-66.3,45.1],[-66.4,45.1],[-66.5,45.1],[-66.5,45.2],[-66.5,45.1],[-66.6,45.1],[-66.7,45.1],[-66.8,45.1],[-66.9,45.1],[-66.8,45.1],[-66.9,45.1],[-66.9,45.2],[-67.0,45.2],[-67.0,45.1],[-67.1,45.1],[-67.1,45.2],[-67.2,45.2]]],[[[-100.9,69.8],[-100.9,69.7],[-101.0,69.7],[-101.1,69.7],[-101.2,69.7],[-101.3,69.7],[-101.4,69.7],[-101.4,69.8],[-101.5,69.8],[-101.4,69.9],[-101.5,69.9],[-101.6,69.8],[-101.6,69.7],[-101.7,69.7],[-101.7,69.6],[-101.7,69.7],[-101.9,69.7],[-102.0,69.8],[-102.0,69.9],[-102.1,69.9],[-102.1,69.8],[-102.2,69.8],[-102.2,69.9],[-102.3,69.9],[-102.2,69.9],[-102.3,69.9],[-102.3,69.8],[-102.4,69.8],[-102.5,69.8],[-102.6,69.7],[-102.6,69.8],[-102.7,69.8],[-102.6,69.7],[-102.5,69.7],[-102.5,69.6],[-102.6,69.5],[-102.7,69.6],[-102.8,69.5],[-102.9,69.6],[-103.0,69.6],[-103.1,69.6],[-103.2,69.6],[-103.3,69.7],[-103.4,69.7],[-103.5,69.7],[-103.5,69.6],[-103.4,69.6],[-103.3,69.6],[-103.2,69.6],[-103.2,69.5],[-103.1,69.4],[-103.1,69.5],[-103.0,69.5],[-103.0,69.4],[-103.0,69.3],[-103.1,69.2],[-103.2,69.2],[-103.2,69.1],[-103.1,69.1],[-103.1,69.2],[-103.0,69.2],[-102.9,69.3],[-102.9,69.4],[-102.8,69.4],[-102.7,69.4],[-102.6,69.4],[-102.5,69.4],[-102.5,69.5],[-102.4,69.5],[-102.3,69.5],[-102.2,69.5],[-102.1,69.5],[-102.0,69.4],[-101.9,69.4],[-102.0,69.4],[-102.1,69.4],[-102.2,69.4],[-102.2,69.3],[-102.1,69.3],[-102.0,69.3],[-102.1,69.3],[-102.1,69.2],[-102.1,69.3],[-102.2,69.3],[-102.2,69.2],[-102.1,69.2],[-102.0,69.2],[-102.0,69.3],[-101.9,69.3],[-101.9,69.2],[-101.8,69.2],[-101.8,69.1],[-101.9,69.0],[-101.8,69.0],[-102.0,69.0],[-102.1,69.0],[-102.2,69.0],[-102.3,68.9],[-102.4,69.0],[-102.4,68.9],[-102.5,68.9],[-102.6,68.9],[-102.7,68.9],[-102.8,68.9],[-102.7,68.9],[-102.7,68.8],[-102.8,68.8],[-102.9,68.8],[-103.0,68.8],[-103.1,68.8],[-103.2,68.8],[-103.3,68.8],[-103.4,68.8],[-103.5,68.8],[-103.6,68.8],[-103.7,68.8],[-103.8,68.8],[-103.9,68.8],[-103.9,68.9],[-104.0,68.9],[-104.1,68.9],[-104.2,68.9],[-104.3,68.9],[-104.4,68.9],[-104.5,68.9],[-104.6,68.9],[-104.9,68.9],[-105.1,68.9],[-105.2,68.9],[-105.3,69.0],[-105.2,69.0],[-105.1,69.0],[-105.0,69.0],[-105.1,69.0],[-105.0,69.0],[-104.9,69.0],[-104.9,69.1],[-105.0,69.1],[-105.1,69.1],[-105.0,69.1],[-105.2,69.1],[-105.3,69.1],[-105.5,69.1],[-105.5,69.2],[-105.9,69.2],[-106.0,69.1],[-106.1,69.2],[-106.2,69.1],[-106.3,69.2],[-106.4,69.2],[-106.3,69.3],[-106.3,69.4],[-106.4,69.4],[-106.5,69.5],[-106.6,69.5],[-106.7,69.5],[-106.7,69.4],[-106.8,69.4],[-106.9,69.4],[-107.0,69.4],[-107.0,69.3],[-106.9,69.3],[-106.9,69.2],[-107.0,69.2],[-107.1,69.2],[-107.2,69.1],[-107.3,69.1],[-107.3,69.0],[-107.5,69.0],[-107.9,69.0],[-107.9,68.9],[-108.2,68.9],[-108.3,69.0],[-108.5,68.9],[-108.6,68.9],[-108.5,68.9],[-108.6,68.9],[-108.7,68.8],[-108.8,68.8],[-108.9,68.8],[-109.0,68.7],[-109.3,68.7],[-109.6,68.6],[-109.8,68.6],[-109.9,68.6],[-110.0,68.6],[-110.2,68.6],[-110.3,68.6],[-110.4,68.6],[-110.6,68.6],[-110.7,68.6],[-110.8,68.6],[-111.0,68.5],[-111.0,68.6],[-110.8,68.6],[-110.9,68.6],[-111.0,68.6],[-111.1,68.6],[-111.4,68.6],[-111.3,68.6],[-111.2,68.6],[-111.3,68.5],[-111.5,68.5],[-111.9,68.5],[-112.2,68.5],[-112.3,68.5],[-112.4,68.5],[-112.6,68.5],[-112.7,68.5],[-112.9,68.5],[-113.2,68.5],[-113.3,68.5],[-113.2,68.5],[-113.1,68.5],[-113.0,68.5],[-113.1,68.5],[-113.2,68.6],[-113.3,68.6],[-113.4,68.6],[-113.5,68.7],[-113.4,68.7],[-113.5,68.7],[-113.6,68.7],[-113.6,68.8],[-113.7,68.8],[-113.6,68.8],[-113.6,68.9],[-113.7,68.9],[-113.6,68.9],[-113.6,69.0],[-113.5,69.0],[-113.6,69.1],[-113.7,69.1],[-113.6,69.1],[-113.7,69.2],[-113.6,69.2],[-113.5,69.2],[-113.6,69.2],[-113.9,69.2],[-113.9,69.3],[-114.0,69.2],[-114.1,69.3],[-114.2,69.3],[-114.3,69.3],[-114.4,69.3],[-114.9,69.3],[-115.0,69.3],[-115.1,69.3],[-115.1,69.2],[-115.2,69.2],[-115.6,69.3],[-116.0,69.3],[-116.1,69.3],[-116.4,69.4],[-116.5,69.4],[-116.6,69.5],[-116.6,69.6],[-116.8,69.6],[-116.7,69.6],[-116.7,69.5],[-116.8,69.6],[-116.9,69.6],[-116.8,69.6],[-116.9,69.6],[-116.9,69.7],[-117.0,69.7],[-117.1,69.7],[-117.2,69.8],[-117.3,69.8],[-117.3,69.9],[-117.4,69.9],[-117.4,70.0],[-117.3,70.1],[-117.2,70.1],[-117.0,70.1],[-116.7,70.1],[-116.5,70.2],[-116.0,70.2],[-115.6,70.2],[-115.2,70.3],[-115.1,70.3],[-114.8,70.3],[-114.5,70.3],[-114.2,70.3],[-114.0,70.3],[-113.6,70.3],[-113.5,70.3],[-113.2,70.3],[-113.0,70.2],[-113.0,70.3],[-112.9,70.2],[-112.8,70.2],[-112.6,70.2],[-112.5,70.2],[-112.6,70.2],[-112.5,70.2],[-112.4,70.2],[-112.3,70.2],[-112.4,70.3],[-112.3,70.3],[-112.2,70.3],[-112.1,70.3],[-112.3,70.3],[-111.9,70.3],[-111.8,70.3],[-111.7,70.3],[-111.6,70.3],[-111.5,70.3],[-111.4,70.3],[-111.5,70.3],[-111.6,70.3],[-111.5,70.3],[-111.5,70.4],[-111.6,70.4],[-111.8,70.4],[-111.9,70.4],[-112.0,70.4],[-112.1,70.4],[-112.1,70.5],[-112.2,70.5],[-112.3,70.5],[-112.4,70.5],[-112.5,70.5],[-112.6,70.5],[-112.6,70.6],[-112.7,70.6],[-112.8,70.6],[-112.9,70.5],[-112.9,70.6],[-113.1,70.6],[-113.2,70.6],[-113.4,70.6],[-113.4,70.7],[-113.5,70.7],[-113.6,70.6],[-113.6,70.7],[-113.7,70.7],[-114.0,70.7],[-114.1,70.7],[-114.2,70.7],[-114.3,70.7],[-114.4,70.7],[-114.5,70.6],[-114.9,70.6],[-115.0,70.6],[-115.2,70.6],[-115.5,70.6],[-115.6,70.6],[-115.7,70.6],[-116.0,70.6],[-116.2,70.6],[-116.6,70.6],[-116.7,70.6],[-117.0,70.6],[-117.2,70.6],[-117.3,70.6],[-117.4,70.6],[-117.3,70.6],[-117.4,70.6],[-117.5,70.6],[-117.6,70.6],[-117.7,70.6],[-117.7,70.7],[-117.8,70.7],[-117.9,70.7],[-118.2,70.8],[-118.3,70.9],[-118.4,71.0],[-118.1,71.1],[-117.8,71.2],[-117.5,71.2],[-117.1,71.2],[-116.9,71.2],[-116.8,71.3],[-116.3,71.4],[-116.1,71.4],[-116.2,71.4],[-116.2,71.3],[-116.1,71.3],[-116.1,71.4],[-115.8,71.4],[-115.7,71.4],[-115.8,71.4],[-115.9,71.4],[-116.1,71.4],[-116.2,71.4],[-116.0,71.4],[-115.7,71.5],[-115.8,71.5],[-115.7,71.5],[-115.6,71.5],[-115.5,71.5],[-115.4,71.5],[-115.3,71.5],[-115.2,71.5],[-115.1,71.5],[-115.3,71.5],[-115.4,71.5],[-115.5,71.5],[-115.6,71.5],[-115.5,71.5],[-115.6,71.6],[-115.8,71.5],[-115.9,71.5],[-116.0,71.5],[-116.1,71.5],[-116.2,71.5],[-116.6,71.5],[-116.7,71.5],[-116.8,71.4],[-116.9,71.4],[-117.0,71.4],[-117.1,71.4],[-117.2,71.4],[-117.3,71.4],[-117.4,71.4],[-117.4,71.5],[-117.5,71.5],[-117.4,71.5],[-117.5,71.5],[-117.6,71.5],[-117.6,71.4],[-117.5,71.4],[-117.6,71.4],[-117.7,71.4],[-117.8,71.4],[-117.9,71.4],[-118.2,71.4],[-118.3,71.4],[-118.3,71.5],[-118.1,71.5],[-117.9,71.5],[-117.8,71.5],[-117.8,71.6],[-117.7,71.6],[-117.8,71.6],[-117.9,71.6],[-118.0,71.6],[-117.9,71.6],[-117.7,71.7],[-118.1,71.7],[-118.2,71.6],[-118.3,71.6],[-118.4,71.6],[-118.5,71.6],[-118.5,71.7],[-118.6,71.7],[-118.6,71.6],[-118.7,71.6],[-118.7,71.7],[-118.8,71.7],[-118.9,71.7],[-118.9,71.6],[-119.0,71.6],[-119.1,71.6],[-119.1,71.7],[-119.1,71.8],[-119.1,71.9],[-118.9,72.0],[-118.8,72.0],[-118.7,72.1],[-118.6,72.2],[-118.4,72.2],[-118.1,72.2],[-118.1,72.3],[-118.2,72.3],[-118.4,72.3],[-118.5,72.4],[-118.6,72.4],[-118.6,72.5],[-118.5,72.5],[-118.3,72.6],[-118.2,72.6],[-118.1,72.6],[-118.0,72.7],[-117.9,72.7],[-117.8,72.7],[-117.6,72.8],[-117.5,72.8],[-117.5,72.9],[-117.4,72.9],[-117.2,72.9],[-117.1,72.9],[-116.9,73.0],[-116.6,73.0],[-116.6,73.1],[-116.5,73.1],[-116.4,73.1],[-116.3,73.1],[-116.2,73.1],[-116.0,73.1],[-115.8,73.2],[-115.6,73.2],[-115.4,73.2],[-115.4,73.3],[-115.3,73.3],[-115.2,73.3],[-115.1,73.3],[-114.9,73.3],[-114.7,73.4],[-114.6,73.4],[-114.4,73.3],[-114.3,73.3],[-114.2,73.3],[-114.0,73.2],[-114.0,73.1],[-114.0,73.0],[-114.0,72.9],[-114.1,72.9],[-114.0,72.9],[-114.0,72.8],[-114.2,72.8],[-114.3,72.8],[-114.4,72.7],[-114.3,72.7],[-114.2,72.7],[-114.3,72.7],[-114.4,72.7],[-114.4,72.6],[-114.5,72.6],[-114.6,72.6],[-114.5,72.6],[-114.6,72.6],[-114.5,72.6],[-114.4,72.6],[-114.3,72.6],[-114.1,72.6],[-113.9,72.7],[-113.9,72.6],[-113.8,72.6],[-113.6,72.7],[-113.5,72.7],[-113.6,72.7],[-113.7,72.6],[-113.6,72.6],[-113.5,72.7],[-113.4,72.7],[-113.4,72.8],[-113.6,72.8],[-113.5,72.8],[-113.4,72.9],[-113.2,73.0],[-113.0,73.0],[-112.9,73.0],[-112.8,73.0],[-112.5,73.0],[-112.4,72.9],[-112.3,72.9],[-112.1,72.9],[-112.0,72.9],[-111.9,72.9],[-111.7,72.8],[-111.6,72.8],[-111.5,72.8],[-111.5,72.7],[-111.4,72.7],[-111.3,72.7],[-111.2,72.7],[-111.2,72.6],[-111.3,72.6],[-111.5,72.5],[-111.4,72.5],[-111.6,72.4],[-111.9,72.4],[-111.9,72.3],[-111.8,72.3],[-111.7,72.3],[-111.7,72.4],[-111.6,72.3],[-111.7,72.3],[-111.8,72.2],[-111.7,72.2],[-111.7,72.3],[-111.6,72.3],[-111.5,72.3],[-111.4,72.3],[-111.4,72.4],[-111.5,72.4],[-111.5,72.3],[-111.6,72.3],[-111.6,72.4],[-111.5,72.4],[-111.4,72.4],[-111.3,72.5],[-111.2,72.5],[-111.2,72.4],[-111.3,72.4],[-111.4,72.4],[-111.3,72.4],[-111.4,72.4],[-111.4,72.3],[-111.3,72.4],[-111.2,72.4],[-111.2,72.3],[-111.1,72.3],[-111.0,72.3],[-111.1,72.3],[-111.1,72.4],[-111.0,72.4],[-111.0,72.5],[-110.9,72.5],[-110.8,72.5],[-110.7,72.6],[-110.6,72.6],[-110.5,72.6],[-110.5,72.5],[-110.6,72.5],[-110.5,72.5],[-110.4,72.5],[-110.4,72.4],[-110.3,72.4],[-110.5,72.5],[-110.4,72.5],[-110.4,72.6],[-110.3,72.6],[-110.3,72.5],[-110.2,72.5],[-110.1,72.5],[-110.1,72.4],[-110.0,72.4],[-110.0,72.5],[-109.9,72.4],[-109.8,72.4],[-109.8,72.5],[-110.0,72.5],[-110.3,72.6],[-110.2,72.6],[-110.1,72.6],[-110.0,72.5],[-109.9,72.5],[-109.8,72.5],[-109.9,72.5],[-109.9,72.6],[-110.0,72.6],[-110.1,72.7],[-110.2,72.6],[-110.3,72.7],[-110.2,72.7],[-110.1,72.7],[-110.0,72.7],[-109.9,72.7],[-109.8,72.7],[-109.9,72.7],[-109.8,72.7],[-109.9,72.7],[-110.0,72.7],[-110.0,72.8],[-110.1,72.8],[-110.2,72.8],[-110.2,72.7],[-110.3,72.7],[-110.2,72.8],[-110.5,72.8],[-110.6,72.9],[-110.7,72.9],[-110.7,73.0],[-110.8,73.0],[-110.7,73.0],[-110.4,73.0],[-110.1,73.0],[-110.0,73.0],[-109.9,73.0],[-109.9,72.9],[-109.8,72.9],[-109.7,72.9],[-109.6,72.9],[-109.7,72.9],[-109.8,72.9],[-109.4,72.8],[-109.2,72.8],[-109.1,72.7],[-109.2,72.7],[-109.1,72.7],[-108.9,72.7],[-109.0,72.7],[-109.0,72.6],[-109.1,72.6],[-109.0,72.6],[-108.9,72.6],[-108.8,72.6],[-108.9,72.6],[-108.7,72.6],[-108.6,72.6],[-108.6,72.5],[-108.6,72.4],[-108.7,72.4],[-108.7,72.3],[-108.6,72.3],[-108.5,72.2],[-108.5,72.1],[-108.5,72.2],[-108.4,72.2],[-108.4,72.1],[-108.4,72.0],[-108.3,72.0],[-108.3,71.9],[-108.3,72.0],[-108.2,72.0],[-108.2,71.9],[-108.3,71.9],[-108.2,71.8],[-108.3,71.8],[-108.2,71.8],[-108.2,71.7],[-108.1,71.7],[-108.0,71.7],[-108.0,71.6],[-107.9,71.6],[-107.8,71.6],[-107.7,71.6],[-107.8,71.7],[-107.7,71.7],[-107.6,71.7],[-107.6,71.8],[-107.5,71.8],[-107.3,71.8],[-107.4,71.8],[-107.4,71.9],[-107.5,71.9],[-107.4,71.9],[-107.3,71.9],[-107.4,71.9],[-107.4,72.0],[-107.5,72.0],[-107.6,72.0],[-107.7,72.1],[-107.6,72.1],[-107.7,72.1],[-107.6,72.1],[-107.8,72.1],[-107.8,72.2],[-107.8,72.3],[-107.9,72.3],[-107.8,72.3],[-107.7,72.3],[-107.8,72.3],[-107.8,72.4],[-107.9,72.4],[-107.8,72.4],[-107.8,72.5],[-107.9,72.5],[-108.0,72.5],[-107.9,72.5],[-107.9,72.6],[-108.0,72.6],[-108.0,72.7],[-108.1,72.7],[-108.1,72.8],[-108.1,72.9],[-108.2,72.9],[-108.2,73.0],[-108.1,73.0],[-108.2,73.0],[-108.2,73.1],[-108.3,73.1],[-108.3,73.2],[-108.2,73.2],[-108.1,73.2],[-107.9,73.2],[-108.1,73.2],[-108.1,73.3],[-108.2,73.3],[-108.1,73.3],[-108.0,73.3],[-108.1,73.3],[-108.1,73.4],[-108.0,73.4],[-107.8,73.3],[-107.7,73.3],[-107.5,73.3],[-107.3,73.2],[-107.2,73.2],[-107.1,73.2],[-107.0,73.2],[-107.1,73.2],[-107.1,73.3],[-107.0,73.3],[-106.9,73.3],[-106.8,73.3],[-106.7,73.3],[-106.7,73.2],[-106.6,73.2],[-106.5,73.2],[-106.4,73.2],[-106.4,73.1],[-106.3,73.1],[-106.2,73.1],[-106.0,73.1],[-106.0,73.0],[-106.0,73.1],[-105.9,73.1],[-105.8,73.1],[-105.8,73.0],[-105.6,73.0],[-105.6,72.9],[-105.5,72.9],[-105.6,72.9],[-105.5,72.9],[-105.5,72.8],[-105.4,72.8],[-105.3,72.8],[-105.3,72.7],[-105.4,72.7],[-105.4,72.8],[-105.5,72.8],[-105.4,72.7],[-105.5,72.7],[-105.4,72.7],[-105.3,72.7],[-105.3,72.6],[-105.2,72.6],[-105.2,72.5],[-105.3,72.5],[-105.3,72.4],[-105.2,72.4],[-105.1,72.3],[-105.0,72.3],[-105.0,72.2],[-105.0,72.1],[-104.9,72.1],[-104.9,72.0],[-104.8,71.9],[-104.8,71.8],[-104.7,71.8],[-104.6,71.8],[-104.5,71.7],[-104.4,71.6],[-104.4,71.5],[-104.3,71.5],[-104.3,71.4],[-104.3,71.3],[-104.4,71.4],[-104.5,71.4],[-104.5,71.3],[-104.4,71.2],[-104.5,71.2],[-104.6,71.1],[-104.3,71.0],[-104.2,71.0],[-104.1,70.9],[-104.0,70.8],[-103.9,70.7],[-103.9,70.8],[-103.9,70.7],[-103.8,70.7],[-103.7,70.7],[-103.6,70.7],[-103.6,70.6],[-103.5,70.6],[-103.3,70.6],[-103.2,70.6],[-103.2,70.5],[-103.1,70.5],[-103.0,70.5],[-102.9,70.5],[-103.0,70.5],[-103.1,70.5],[-103.1,70.6],[-103.2,70.6],[-103.2,70.7],[-103.1,70.7],[-103.0,70.7],[-103.0,70.6],[-102.9,70.6],[-102.8,70.6],[-102.9,70.5],[-102.7,70.5],[-102.6,70.5],[-102.5,70.4],[-102.4,70.4],[-102.2,70.4],[-102.2,70.3],[-102.1,70.3],[-102.0,70.3],[-101.9,70.3],[-101.8,70.3],[-101.7,70.3],[-101.6,70.3],[-101.6,70.2],[-101.6,70.1],[-101.5,70.1],[-101.4,70.1],[-101.4,70.2],[-101.3,70.2],[-101.3,70.1],[-101.2,70.1],[-101.2,70.2],[-101.1,70.2],[-101.0,70.2],[-101.0,70.1],[-100.9,70.0],[-101.0,69.9],[-100.9,69.9],[-100.9,69.8]]]]},"properties":{"country":"Canada","iso3":"CAN","entries":12,"_k":"2"}},{"type":"Feature","geometry":{"type":"MultiPolygon","coordinates":[[[[-2.7,51.6],[-2.8,51.6],[-2.9,51.5],[-3.0,51.5],[-3.0,51.6],[-3.0,51.5],[-3.1,51.5],[-3.2,51.5],[-3.2,51.4],[-3.3,51.4],[-3.5,51.4],[-3.6,51.4],[-3.7,51.5],[-3.8,51.5],[-3.8,51.6],[-3.9,51.6],[-4.0,51.6],[-4.1,51.6],[-4.2,51.5],[-4.3,51.6],[-4.2,51.6],[-4.1,51.6],[-4.1,51.7],[-4.2,51.7],[-4.3,51.7],[-4.4,51.7],[-4.3,51.7],[-4.4,51.7],[-4.4,51.8],[-4.4,51.7],[-4.5,51.7],[-4.6,51.7],[-4.7,51.7],[-4.8,51.6],[-4.9,51.6],[-5.0,51.6],[-5.1,51.7],[-5.0,51.7],[-4.9,51.7],[-4.8,51.7],[-4.9,51.7],[-4.9,51.8],[-4.8,51.8],[-4.9,51.8],[-4.9,51.7],[-5.0,51.7],[-5.1,51.7],[-5.2,51.7],[-5.2,51.8],[-5.1,51.8],[-5.1,51.9],[-5.2,51.9],[-5.3,51.9],[-5.2,51.9],[-5.1,52.0],[-5.0,52.0],[-4.9,52.0],[-4.8,52.0],[-4.8,52.1],[-4.7,52.1],[-4.6,52.1],[-4.5,52.1],[-4.5,52.2],[-4.4,52.2],[-4.3,52.2],[-4.2,52.3],[-4.1,52.3],[-4.1,52.4],[-4.1,52.5],[-4.0,52.5],[-3.9,52.5],[-3.9,52.6],[-4.0,52.6],[-4.0,52.5],[-4.1,52.5],[-4.1,52.6],[-4.1,52.7],[-4.0,52.7],[-4.1,52.8],[-4.1,52.9],[-4.2,52.9],[-4.3,52.9],[-4.4,52.9],[-4.5,52.9],[-4.5,52.8],[-4.6,52.8],[-4.7,52.8],[-4.8,52.8],[-4.7,52.8],[-4.6,52.9],[-4.5,52.9],[-4.4,53.0],[-4.3,53.0],[-4.3,53.1],[-4.3,53.2],[-4.2,53.2],[-4.1,53.2],[-4.0,53.2],[-4.0,53.3],[-3.9,53.3],[-3.8,53.3],[-3.9,53.3],[-3.8,53.3],[-3.7,53.3],[-3.6,53.3],[-3.4,53.4],[-3.3,53.4],[-3.3,53.3],[-3.1,53.3],[-3.1,53.2],[-3.1,53.3],[-3.2,53.4],[-3.1,53.4],[-3.0,53.4],[-3.0,53.3],[-2.9,53.3],[-2.8,53.3],[-2.7,53.3],[-2.8,53.3],[-2.7,53.3],[-2.7,53.4],[-2.8,53.3],[-2.9,53.3],[-2.9,53.4],[-3.0,53.4],[-3.1,53.5],[-3.1,53.6],[-3.0,53.7],[-2.9,53.7],[-3.0,53.7],[-3.0,53.8],[-3.1,53.8],[-3.0,53.9],[-3.1,53.9],[-3.0,53.9],[-2.9,54.0],[-2.9,53.9],[-2.9,54.0],[-2.8,54.0],[-2.9,54.0],[-2.9,54.1],[-2.8,54.1],[-2.8,54.2],[-2.9,54.2],[-2.8,54.2],[-2.9,54.2],[-3.0,54.2],[-3.1,54.2],[-3.1,54.1],[-3.2,54.1],[-3.2,54.2],[-3.2,54.3],[-3.2,54.2],[-3.3,54.2],[-3.4,54.2],[-3.4,54.3],[-3.4,54.4],[-3.5,54.4],[-3.6,54.5],[-3.6,54.6],[-3.5,54.7],[-3.4,54.8],[-3.4,54.9],[-3.3,54.9],[-3.2,55.0],[-3.2,54.9],[-3.1,54.9],[-3.0,54.9],[-3.0,55.0],[-3.1,55.0],[-3.0,55.0],[-3.1,55.0],[-3.5,55.0],[-3.6,55.0],[-3.6,54.9],[-3.7,54.9],[-3.8,54.9],[-3.9,54.8],[-3.8,54.8],[-3.9,54.8],[-4.0,54.8],[-4.1,54.8],[-4.0,54.8],[-4.1,54.8],[-4.0,54.8],[-4.1,54.8],[-4.2,54.8],[-4.2,54.9],[-4.2,54.8],[-4.3,54.8],[-4.3,54.9],[-4.4,54.9],[-4.4,54.8],[-4.3,54.8],[-4.4,54.8],[-4.3,54.8],[-4.4,54.7],[-4.3,54.7],[-4.4,54.7],[-4.5,54.7],[-4.6,54.8],[-4.7,54.8],[-4.8,54.8],[-4.8,54.9],[-4.9,54.9],[-4.9,54.8],[-5.0,54.8],[-4.9,54.8],[-4.9,54.7],[-4.9,54.6],[-4.9,54.7],[-5.0,54.7],[-4.9,54.7],[-5.0,54.7],[-5.0,54.8],[-5.1,54.8],[-5.2,54.9],[-5.2,55.0],[-5.1,55.0],[-5.1,54.9],[-5.0,54.9],[-5.0,55.0],[-5.1,55.0],[-5.0,55.0],[-5.0,55.1],[-5.0,55.2],[-4.9,55.2],[-4.8,55.3],[-4.8,55.4],[-4.7,55.4],[-4.6,55.5],[-4.7,55.5],[-4.7,55.6],[-4.8,55.6],[-4.8,55.7],[-4.9,55.7],[-4.9,55.8],[-4.9,55.9],[-4.8,55.9],[-4.8,56.0],[-4.7,55.9],[-4.5,55.9],[-4.6,55.9],[-4.7,56.0],[-4.8,56.0],[-4.8,56.1],[-4.8,56.0],[-4.9,56.0],[-4.9,56.1],[-4.8,56.1],[-4.8,56.2],[-4.8,56.1],[-4.9,56.1],[-4.9,56.2],[-4.9,56.1],[-4.9,56.0],[-5.0,56.0],[-4.9,56.0],[-4.9,55.9],[-5.0,55.9],[-5.1,55.9],[-5.1,56.0],[-5.1,55.9],[-5.2,55.9],[-5.2,56.0],[-5.2,55.9],[-5.2,55.8],[-5.3,55.8],[-5.3,55.9],[-5.3,56.0],[-5.2,56.1],[-5.1,56.1],[-5.1,56.2],[-5.0,56.2],[-4.9,56.3],[-5.0,56.2],[-5.1,56.2],[-5.2,56.1],[-5.3,56.1],[-5.3,56.0],[-5.4,56.0],[-5.5,56.0],[-5.4,55.9],[-5.4,55.8],[-5.3,55.8],[-5.4,55.8],[-5.4,55.7],[-5.5,55.7],[-5.5,55.6],[-5.5,55.5],[-5.5,55.4],[-5.6,55.4],[-5.5,55.4],[-5.6,55.3],[-5.7,55.3],[-5.8,55.3],[-5.8,55.4],[-5.7,55.4],[-5.7,55.5],[-5.7,55.6],[-5.7,55.7],[-5.6,55.7],[-5.6,55.8],[-5.5,55.8],[-5.6,55.8],[-5.7,55.8],[-5.6,55.9],[-5.7,55.9],[-5.6,56.0],[-5.7,56.0],[-5.7,55.9],[-5.7,56.0],[-5.6,56.1],[-5.5,56.1],[-5.6,56.1],[-5.5,56.2],[-5.6,56.2],[-5.6,56.1],[-5.6,56.2],[-5.5,56.2],[-5.5,56.3],[-5.6,56.3],[-5.6,56.2],[-5.6,56.3],[-5.5,56.4],[-5.5,56.3],[-5.4,56.4],[-5.5,56.4],[-5.4,56.5],[-5.3,56.5],[-5.2,56.4],[-5.2,56.5],[-5.1,56.5],[-5.1,56.6],[-5.1,56.5],[-5.2,56.5],[-5.4,56.5],[-5.5,56.5],[-5.4,56.5],[-5.3,56.5],[-5.3,56.6],[-5.2,56.6],[-5.3,56.6],[-5.3,56.5],[-5.4,56.5],[-5.4,56.6],[-5.3,56.6],[-5.3,56.7],[-5.2,56.7],[-5.1,56.7],[-5.0,56.7],[-5.2,56.7],[-5.2,56.8],[-5.1,56.8],[-5.2,56.8],[-5.2,56.7],[-5.3,56.7],[-5.4,56.7],[-5.4,56.6],[-5.5,56.6],[-5.6,56.5],[-5.7,56.5],[-5.8,56.5],[-5.8,56.6],[-5.7,56.6],[-5.8,56.6],[-5.8,56.5],[-5.9,56.6],[-6.0,56.6],[-6.0,56.7],[-5.9,56.7],[-5.9,56.6],[-5.8,56.6],[-5.9,56.6],[-5.9,56.7],[-5.8,56.7],[-5.7,56.7],[-5.6,56.7],[-5.5,56.7],[-5.6,56.7],[-5.7,56.7],[-5.9,56.7],[-6.0,56.7],[-6.1,56.7],[-6.2,56.7],[-6.2,56.8],[-6.0,56.8],[-5.9,56.8],[-5.9,56.7],[-5.9,56.8],[-5.8,56.8],[-5.9,56.8],[-5.8,56.8],[-5.7,56.8],[-5.7,56.9],[-5.8,56.9],[-5.7,56.9],[-5.8,56.9],[-5.9,56.9],[-5.9,57.0],[-5.8,57.0],[-5.7,57.0],[-5.6,57.0],[-5.5,57.0],[-5.6,57.0],[-5.7,57.0],[-5.8,57.0],[-5.8,57.1],[-5.7,57.1],[-5.6,57.1],[-5.5,57.1],[-5.4,57.1],[-5.5,57.1],[-5.6,57.1],[-5.7,57.1],[-5.7,57.2],[-5.6,57.2],[-5.6,57.3],[-5.5,57.3],[-5.5,57.2],[-5.4,57.2],[-5.5,57.2],[-5.5,57.3],[-5.4,57.3],[-5.5,57.3],[-5.6,57.3],[-5.7,57.3],[-5.7,57.4],[-5.6,57.3],[-5.5,57.4],[-5.4,57.4],[-5.5,57.4],[-5.6,57.4],[-5.7,57.4],[-5.8,57.3],[-5.8,57.4],[-5.9,57.5],[-5.9,57.6],[-5.8,57.6],[-5.7,57.5],[-5.6,57.5],[-5.7,57.5],[-5.6,57.5],[-5.5,57.5],[-5.5,57.6],[-5.6,57.6],[-5.7,57.5],[-5.7,57.6],[-5.8,57.6],[-5.8,57.7],[-5.7,57.7],[-5.8,57.7],[-5.8,57.8],[-5.8,57.9],[-5.7,57.9],[-5.7,57.8],[-5.6,57.8],[-5.6,57.9],[-5.7,57.9],[-5.6,57.9],[-5.7,57.9],[-5.6,57.9],[-5.5,57.9],[-5.4,57.9],[-5.3,57.9],[-5.2,57.8],[-5.2,57.9],[-5.3,57.9],[-5.4,57.9],[-5.3,57.9],[-5.2,57.9],[-5.1,57.9],[-5.1,57.8],[-5.1,57.9],[-5.2,57.9],[-5.2,58.0],[-5.3,58.0],[-5.4,58.0],[-5.4,58.1],[-5.3,58.1],[-5.2,58.1],[-5.2,58.2],[-5.3,58.2],[-5.4,58.2],[-5.4,58.3],[-5.3,58.2],[-5.2,58.3],[-5.1,58.3],[-5.0,58.3],[-4.9,58.2],[-5.0,58.2],[-5.0,58.3],[-4.9,58.3],[-5.0,58.3],[-5.1,58.3],[-5.2,58.3],[-5.2,58.4],[-5.1,58.4],[-5.0,58.4],[-5.1,58.4],[-5.1,58.5],[-5.0,58.4],[-5.1,58.5],[-5.0,58.5],[-5.0,58.6],[-4.9,58.6],[-4.8,58.6],[-4.8,58.5],[-4.8,58.6],[-4.7,58.6],[-4.7,58.5],[-4.8,58.5],[-4.8,58.4],[-4.7,58.4],[-4.7,58.5],[-4.6,58.5],[-4.6,58.6],[-4.5,58.6],[-4.4,58.5],[-4.5,58.5],[-4.5,58.4],[-4.5,58.5],[-4.4,58.5],[-4.3,58.5],[-4.2,58.5],[-4.2,58.6],[-4.2,58.5],[-4.2,58.6],[-4.1,58.6],[-4.0,58.6],[-3.9,58.6],[-3.8,58.6],[-3.7,58.6],[-3.6,58.6],[-3.5,58.6],[-3.6,58.6],[-3.5,58.6],[-3.4,58.6],[-3.4,58.7],[-3.3,58.7],[-3.3,58.6],[-3.2,58.7],[-3.2,58.6],[-3.1,58.6],[-3.0,58.6],[-3.1,58.6],[-3.1,58.5],[-3.1,58.4],[-3.2,58.3],[-3.3,58.3],[-3.4,58.3],[-3.4,58.2],[-3.5,58.2],[-3.7,58.1],[-3.8,58.1],[-3.8,58.0],[-3.9,58.0],[-4.0,58.0],[-4.0,57.9],[-4.0,58.0],[-4.1,58.0],[-4.1,57.9],[-4.0,57.9],[-4.1,57.9],[-4.2,57.9],[-4.3,57.9],[-4.4,57.9],[-4.3,57.9],[-4.3,57.8],[-4.2,57.9],[-4.2,57.8],[-4.1,57.8],[-4.0,57.8],[-3.9,57.8],[-3.8,57.8],[-3.8,57.9],[-3.8,57.8],[-3.9,57.7],[-4.0,57.7],[-4.1,57.7],[-4.2,57.7],[-4.3,57.7],[-4.3,57.6],[-4.4,57.6],[-4.3,57.6],[-4.2,57.7],[-4.1,57.7],[-4.0,57.7],[-4.1,57.6],[-4.2,57.6],[-4.2,57.5],[-4.2,57.6],[-4.3,57.6],[-4.3,57.5],[-4.2,57.5],[-4.1,57.5],[-4.1,57.6],[-4.0,57.6],[-4.1,57.6],[-4.0,57.6],[-3.9,57.6],[-3.8,57.6],[-3.7,57.7],[-3.6,57.7],[-3.6,57.6],[-3.6,57.7],[-3.5,57.7],[-3.4,57.7],[-3.3,57.7],[-3.2,57.7],[-3.1,57.7],[-3.0,57.7],[-2.9,57.7],[-2.8,57.7],[-2.7,57.7],[-2.6,57.7],[-2.5,57.7],[-2.4,57.7],[-2.3,57.7],[-2.2,57.7],[-2.1,57.7],[-2.0,57.7],[-1.9,57.7],[-1.8,57.6],[-1.8,57.5],[-1.8,57.4],[-2.0,57.3],[-2.0,57.2],[-2.1,57.2],[-2.1,57.1],[-2.0,57.1],[-2.1,57.1],[-2.2,57.0],[-2.2,56.9],[-2.3,56.8],[-2.4,56.8],[-2.4,56.7],[-2.5,56.7],[-2.5,56.6],[-2.6,56.5],[-2.7,56.5],[-2.8,56.5],[-3.1,56.5],[-3.1,56.4],[-3.2,56.4],[-3.3,56.4],[-3.2,56.4],[-3.1,56.4],[-3.0,56.4],[-2.9,56.4],[-2.9,56.5],[-2.9,56.4],[-2.8,56.4],[-2.8,56.3],[-2.7,56.3],[-2.6,56.3],[-2.6,56.2],[-2.7,56.2],[-2.8,56.2],[-2.9,56.2],[-3.0,56.2],[-3.1,56.1],[-3.2,56.1],[-3.3,56.1],[-3.3,56.0],[-3.4,56.0],[-3.6,56.1],[-3.7,56.1],[-3.8,56.1],[-3.7,56.0],[-3.6,56.0],[-3.4,56.0],[-3.3,56.0],[-3.1,56.0],[-3.1,55.9],[-3.0,56.0],[-2.9,56.0],[-2.8,56.1],[-2.6,56.1],[-2.6,56.0],[-2.5,56.0],[-2.4,56.0],[-2.4,55.9],[-2.3,55.9],[-2.1,55.9],[-2.0,55.8],[-1.9,55.7],[-1.8,55.7],[-1.8,55.6],[-1.7,55.6],[-1.8,55.6],[-1.7,55.6],[-1.6,55.6],[-1.6,55.5],[-1.6,55.4],[-1.6,55.3],[-1.5,55.2],[-1.5,55.1],[-1.4,55.0],[-1.4,54.9],[-1.3,54.8],[-1.3,54.7],[-1.2,54.7],[-1.2,54.6],[-1.1,54.6],[-1.0,54.6],[-0.8,54.6],[-0.6,54.5],[-0.5,54.5],[-0.5,54.4],[-0.4,54.4],[-0.4,54.3],[-0.4,54.2],[-0.3,54.2],[-0.2,54.2],[-0.1,54.1],[-0.2,54.1],[-0.2,54.0],[-0.2,53.9],[-0.0,53.8],[0.1,53.6],[0.0,53.6],[-0.1,53.6],[-0.2,53.7],[-0.3,53.7],[-0.4,53.7],[-0.5,53.7],[-0.6,53.7],[-0.7,53.7],[-0.6,53.7],[-0.5,53.7],[-0.3,53.7],[-0.2,53.6],[-0.1,53.6],[-0.0,53.6],[0.0,53.5],[0.1,53.5],[0.2,53.5],[0.2,53.4],[0.3,53.4],[0.3,53.2],[0.4,53.2],[0.4,53.1],[0.3,53.1],[0.2,53.0],[0.1,52.9],[0.0,52.9],[0.1,52.9],[0.2,52.9],[0.2,52.8],[0.3,52.8],[0.4,52.8],[0.4,52.9],[0.5,52.9],[0.5,53.0],[0.6,53.0],[0.7,53.0],[0.8,53.0],[0.9,53.0],[1.0,52.9],[1.0,53.0],[1.3,52.9],[1.4,52.9],[1.6,52.8],[1.7,52.8],[1.7,52.7],[1.7,52.6],[1.7,52.5],[1.8,52.5],[1.7,52.4],[1.7,52.3],[1.6,52.3],[1.6,52.2],[1.6,52.1],[1.5,52.1],[1.5,52.0],[1.5,52.1],[1.5,52.0],[1.4,52.0],[1.3,51.9],[1.3,52.0],[1.2,52.0],[1.3,52.0],[1.2,52.0],[1.1,52.0],[1.1,51.9],[1.3,51.9],[1.2,51.9],[1.3,51.9],[1.3,51.8],[1.2,51.8],[1.1,51.8],[1.0,51.8],[0.9,51.8],[0.9,51.7],[0.8,51.7],[0.7,51.7],[0.8,51.7],[0.9,51.7],[1.0,51.7],[0.9,51.7],[0.9,51.6],[1.0,51.6],[0.9,51.6],[0.8,51.5],[0.7,51.5],[0.6,51.5],[0.5,51.5],[0.4,51.5],[0.5,51.5],[0.7,51.5],[0.7,51.4],[0.6,51.4],[0.7,51.4],[0.8,51.4],[1.0,51.3],[1.1,51.4],[1.4,51.4],[1.4,51.3],[1.4,51.2],[1.4,51.1],[1.3,51.1],[1.2,51.1],[1.1,51.1],[1.0,51.0],[1.0,50.9],[0.9,50.9],[0.8,50.9],[0.7,50.9],[0.6,50.9],[0.4,50.8],[0.3,50.8],[0.3,50.7],[0.2,50.7],[0.2,50.8],[0.1,50.8],[0.0,50.8],[-0.2,50.8],[-0.3,50.8],[-0.4,50.8],[-0.6,50.8],[-0.7,50.8],[-0.8,50.8],[-0.8,50.7],[-0.9,50.8],[-1.0,50.8],[-1.1,50.8],[-1.2,50.8],[-1.1,50.8],[-1.2,50.8],[-1.3,50.8],[-1.3,50.9],[-1.4,50.9],[-1.5,50.9],[-1.4,50.9],[-1.3,50.8],[-1.4,50.8],[-1.5,50.8],[-1.6,50.7],[-1.7,50.7],[-1.8,50.7],[-1.9,50.7],[-2.0,50.7],[-2.1,50.7],[-2.0,50.7],[-1.9,50.7],[-2.0,50.7],[-1.9,50.6],[-2.0,50.6],[-2.1,50.6],[-2.2,50.6],[-2.3,50.6],[-2.4,50.6],[-2.5,50.6],[-2.4,50.6],[-2.4,50.5],[-2.5,50.5],[-2.5,50.6],[-2.7,50.7],[-2.9,50.7],[-3.0,50.7],[-3.1,50.7],[-3.2,50.7],[-3.3,50.7],[-3.3,50.6],[-3.4,50.6],[-3.4,50.7],[-3.5,50.7],[-3.4,50.6],[-3.5,50.6],[-3.5,50.5],[-3.5,50.4],[-3.6,50.4],[-3.5,50.4],[-3.5,50.3],[-3.6,50.3],[-3.6,50.4],[-3.6,50.3],[-3.7,50.3],[-3.6,50.2],[-3.7,50.2],[-3.8,50.2],[-3.9,50.3],[-4.0,50.3],[-4.1,50.3],[-4.1,50.4],[-4.2,50.4],[-4.2,50.5],[-4.2,50.4],[-4.3,50.4],[-4.2,50.4],[-4.2,50.3],[-4.3,50.4],[-4.4,50.4],[-4.5,50.3],[-4.7,50.3],[-4.8,50.3],[-4.8,50.2],[-4.9,50.2],[-5.0,50.2],[-5.0,50.1],[-5.0,50.2],[-5.1,50.2],[-5.0,50.1],[-5.1,50.1],[-5.1,50.0],[-5.2,50.0],[-5.3,50.0],[-5.3,50.1],[-5.4,50.1],[-5.5,50.1],[-5.6,50.1],[-5.6,50.0],[-5.7,50.0],[-5.7,50.1],[-5.7,50.2],[-5.6,50.2],[-5.5,50.2],[-5.4,50.2],[-5.3,50.3],[-5.2,50.3],[-5.1,50.4],[-5.2,50.4],[-5.1,50.4],[-5.0,50.4],[-5.0,50.5],[-5.0,50.6],[-4.9,50.6],[-4.9,50.5],[-4.8,50.5],[-4.9,50.5],[-4.9,50.6],[-4.8,50.6],[-4.7,50.6],[-4.8,50.7],[-4.7,50.7],[-4.6,50.7],[-4.6,50.8],[-4.6,50.9],[-4.5,50.9],[-4.5,51.0],[-4.4,51.0],[-4.3,51.0],[-4.2,51.1],[-4.3,51.2],[-4.2,51.1],[-4.2,51.2],[-4.0,51.2],[-3.9,51.2],[-3.8,51.2],[-3.6,51.2],[-3.4,51.2],[-3.3,51.2],[-3.2,51.2],[-3.1,51.2],[-3.0,51.2],[-3.0,51.3],[-3.0,51.4],[-2.9,51.4],[-2.8,51.5],[-2.7,51.5],[-2.6,51.6],[-2.6,51.7],[-2.5,51.7],[-2.4,51.7],[-2.4,51.8],[-2.4,51.7],[-2.5,51.7],[-2.6,51.7],[-2.7,51.6]]],[[[-7.2,55.1],[-7.3,55.1],[-7.2,55.1],[-7.1,55.0],[-7.0,55.1],[-7.0,55.2],[-6.9,55.2],[-6.8,55.2],[-6.6,55.2],[-6.5,55.2],[-6.4,55.2],[-6.3,55.2],[-6.2,55.2],[-6.1,55.2],[-6.0,55.2],[-6.0,55.1],[-6.1,55.1],[-6.0,55.1],[-6.0,55.0],[-5.9,55.0],[-5.9,54.9],[-5.8,54.9],[-5.8,54.8],[-5.7,54.8],[-5.8,54.8],[-5.8,54.9],[-5.7,54.8],[-5.7,54.7],[-5.8,54.7],[-5.9,54.7],[-5.9,54.6],[-5.8,54.6],[-5.8,54.7],[-5.7,54.7],[-5.6,54.7],[-5.5,54.7],[-5.5,54.6],[-5.5,54.5],[-5.4,54.5],[-5.5,54.4],[-5.5,54.3],[-5.5,54.4],[-5.6,54.4],[-5.5,54.4],[-5.5,54.5],[-5.6,54.5],[-5.6,54.6],[-5.7,54.6],[-5.7,54.5],[-5.6,54.5],[-5.7,54.5],[-5.6,54.5],[-5.6,54.4],[-5.7,54.4],[-5.6,54.4],[-5.5,54.3],[-5.6,54.3],[-5.6,54.2],[-5.7,54.2],[-5.8,54.2],[-5.9,54.2],[-5.9,54.1],[-6.0,54.1],[-6.0,54.0],[-6.1,54.0],[-6.1,54.1],[-6.2,54.1],[-6.3,54.1],[-6.4,54.1],[-6.5,54.1],[-6.6,54.0],[-6.6,54.1],[-6.6,54.0],[-6.7,54.1],[-6.6,54.1],[-6.6,54.2],[-6.7,54.2],[-6.8,54.2],[-6.8,54.3],[-6.9,54.3],[-6.9,54.4],[-7.0,54.4],[-7.1,54.4],[-7.1,54.3],[-7.2,54.3],[-7.1,54.3],[-7.2,54.2],[-7.3,54.2],[-7.2,54.2],[-7.3,54.2],[-7.3,54.1],[-7.3,54.2],[-7.3,54.1],[-7.4,54.1],[-7.5,54.1],[-7.6,54.1],[-7.6,54.2],[-7.7,54.2],[-7.8,54.2],[-7.9,54.2],[-7.9,54.3],[-8.0,54.3],[-8.0,54.4],[-8.1,54.4],[-8.2,54.4],[-8.2,54.5],[-8.1,54.5],[-8.0,54.5],[-7.9,54.5],[-7.8,54.5],[-7.7,54.6],[-7.8,54.6],[-7.9,54.6],[-7.9,54.7],[-7.8,54.7],[-7.7,54.7],[-7.6,54.7],[-7.5,54.7],[-7.6,54.8],[-7.5,54.8],[-7.5,54.9],[-7.4,54.9],[-7.4,55.0],[-7.3,55.0],[-7.3,55.1],[-7.2,55.1]]],[[[-1.1,60.4],[-1.1,60.5],[-1.0,60.5],[-1.0,60.4],[-1.1,60.4],[-1.2,60.4],[-1.2,60.3],[-1.1,60.3],[-1.1,60.2],[-1.2,60.3],[-1.2,60.2],[-1.1,60.2],[-1.2,60.2],[-1.1,60.2],[-1.1,60.1],[-1.2,60.1],[-1.1,60.1],[-1.2,60.1],[-1.2,60.0],[-1.3,59.9],[-1.4,59.9],[-1.3,60.0],[-1.3,60.1],[-1.3,60.2],[-1.4,60.2],[-1.4,60.3],[-1.4,60.2],[-1.3,60.2],[-1.4,60.2],[-1.5,60.2],[-1.6,60.2],[-1.7,60.2],[-1.7,60.3],[-1.6,60.3],[-1.5,60.3],[-1.6,60.3],[-1.5,60.3],[-1.4,60.3],[-1.5,60.3],[-1.4,60.3],[-1.3,60.3],[-1.4,60.3],[-1.3,60.3],[-1.3,60.4],[-1.4,60.4],[-1.4,60.5],[-1.5,60.5],[-1.6,60.5],[-1.5,60.5],[-1.5,60.6],[-1.5,60.5],[-1.4,60.5],[-1.5,60.5],[-1.5,60.6],[-1.4,60.6],[-1.3,60.6],[-1.3,60.5],[-1.4,60.4],[-1.3,60.4],[-1.2,60.4],[-1.3,60.5],[-1.2,60.5],[-1.2,60.4],[-1.1,60.4]]],[[[-7.0,57.7],[-7.0,57.8],[-7.1,57.8],[-7.0,57.9],[-6.9,57.9],[-7.0,57.9],[-6.9,57.9],[-6.8,57.9],[-6.9,57.9],[-6.8,57.9],[-6.9,57.9],[-6.9,58.0],[-7.0,58.0],[-7.1,58.0],[-7.0,58.0],[-6.9,58.1],[-7.0,58.0],[-7.1,58.0],[-7.0,58.1],[-7.1,58.1],[-7.0,58.1],[-7.1,58.1],[-7.1,58.2],[-7.0,58.2],[-7.1,58.2],[-7.0,58.2],[-6.9,58.2],[-6.9,58.1],[-6.9,58.2],[-6.8,58.2],[-6.7,58.2],[-6.8,58.2],[-6.8,58.3],[-6.7,58.3],[-6.6,58.3],[-6.6,58.4],[-6.5,58.4],[-6.3,58.5],[-6.2,58.5],[-6.2,58.4],[-6.2,58.3],[-6.3,58.3],[-6.3,58.2],[-6.4,58.2],[-6.3,58.2],[-6.2,58.2],[-6.2,58.3],[-6.2,58.2],[-6.3,58.2],[-6.4,58.2],[-6.4,58.1],[-6.5,58.1],[-6.6,58.1],[-6.5,58.1],[-6.4,58.1],[-6.4,58.0],[-6.5,58.0],[-6.6,58.0],[-6.5,58.0],[-6.5,57.9],[-6.6,57.9],[-6.5,57.9],[-6.6,57.9],[-6.6,58.0],[-6.6,57.9],[-6.7,57.9],[-6.7,58.0],[-6.6,58.1],[-6.7,58.1],[-6.7,58.0],[-6.8,58.0],[-6.7,58.0],[-6.7,57.9],[-6.8,57.9],[-6.7,57.8],[-6.8,57.8],[-6.9,57.8],[-6.8,57.8],[-6.9,57.8],[-7.0,57.7]]],[[[-6.6,57.3],[-6.7,57.4],[-6.8,57.4],[-6.8,57.5],[-6.7,57.5],[-6.6,57.5],[-6.6,57.4],[-6.6,57.5],[-6.7,57.6],[-6.6,57.6],[-6.5,57.5],[-6.4,57.5],[-6.3,57.5],[-6.4,57.5],[-6.4,57.6],[-6.4,57.7],[-6.3,57.7],[-6.2,57.6],[-6.1,57.5],[-6.1,57.4],[-6.2,57.4],[-6.1,57.4],[-6.1,57.3],[-6.2,57.3],[-6.1,57.3],[-6.0,57.3],[-6.1,57.3],[-6.0,57.3],[-5.9,57.3],[-5.9,57.2],[-5.9,57.3],[-5.8,57.3],[-5.7,57.3],[-5.6,57.3],[-5.7,57.2],[-5.8,57.2],[-5.8,57.1],[-5.9,57.1],[-5.9,57.0],[-6.0,57.0],[-6.0,57.1],[-5.9,57.2],[-5.8,57.2],[-5.9,57.2],[-6.0,57.2],[-6.1,57.2],[-6.0,57.2],[-6.1,57.2],[-6.1,57.1],[-6.1,57.2],[-6.2,57.2],[-6.3,57.2],[-6.4,57.2],[-6.3,57.2],[-6.4,57.2],[-6.5,57.3],[-6.4,57.3],[-6.3,57.3],[-6.4,57.3],[-6.4,57.4],[-6.5,57.3],[-6.4,57.4],[-6.5,57.4],[-6.6,57.4],[-6.6,57.3]]],[[[-5.7,56.4],[-5.8,56.4],[-5.7,56.4],[-5.8,56.3],[-5.9,56.3],[-5.9,56.4],[-5.9,56.3],[-6.0,56.3],[-6.1,56.3],[-6.2,56.3],[-6.3,56.3],[-6.4,56.3],[-6.3,56.3],[-6.2,56.3],[-6.1,56.4],[-6.0,56.4],[-6.1,56.4],[-6.2,56.4],[-6.1,56.4],[-6.1,56.5],[-6.1,56.4],[-6.0,56.5],[-6.1,56.5],[-6.2,56.5],[-6.3,56.5],[-6.3,56.6],[-6.2,56.6],[-6.2,56.7],[-6.1,56.7],[-6.1,56.6],[-6.0,56.6],[-6.0,56.5],[-5.9,56.5],[-5.8,56.5],[-5.7,56.5],[-5.7,56.4],[-5.7,56.5],[-5.6,56.4],[-5.7,56.4]]]]},"properties":{"country":"United Kingdom","iso3":"GBR","entries":3,"_k":"3"}},{"type":"Feature","geometry":{"type":"MultiPolygon","coordinates":[[[[20.0,-24.8],[20.1,-24.9],[20.2,-24.9],[20.4,-25.0],[20.4,-25.1],[20.4,-25.2],[20.5,-25.2],[20.5,-25.3],[20.5,-25.4],[20.6,-25.4],[20.6,-25.5],[20.7,-25.5],[20.6,-25.5],[20.7,-25.6],[20.6,-25.6],[20.7,-25.6],[20.7,-25.7],[20.7,-25.8],[20.8,-25.8],[20.8,-25.9],[20.8,-26.0],[20.8,-26.1],[20.8,-26.2],[20.8,-26.3],[20.7,-26.3],[20.7,-26.4],[20.6,-26.4],[20.6,-26.5],[20.6,-26.6],[20.6,-26.7],[20.6,-26.8],[20.7,-26.8],[20.7,-26.9],[20.8,-26.8],[20.9,-26.8],[21.0,-26.8],[21.1,-26.9],[21.2,-26.9],[21.2,-26.8],[21.3,-26.8],[21.4,-26.8],[21.5,-26.8],[21.6,-26.8],[21.6,-26.9],[21.7,-26.9],[21.7,-26.8],[21.8,-26.8],[21.8,-26.7],[21.9,-26.7],[22.0,-26.7],[22.1,-26.6],[22.1,-26.5],[22.2,-26.4],[22.2,-26.3],[22.3,-26.3],[22.4,-26.3],[22.4,-26.2],[22.5,-26.2],[22.6,-26.2],[22.6,-26.1],[22.7,-26.1],[22.7,-26.0],[22.7,-25.9],[22.8,-25.8],[22.7,-25.8],[22.8,-25.7],[22.8,-25.6],[22.8,-25.5],[22.9,-25.5],[22.9,-25.4],[23.0,-25.4],[23.0,-25.3],[23.1,-25.3],[23.2,-25.3],[23.3,-25.3],[23.4,-25.3],[23.5,-25.3],[23.6,-25.4],[23.7,-25.4],[23.7,-25.5],[23.8,-25.5],[23.8,-25.6],[23.9,-25.6],[24.0,-25.6],[24.0,-25.7],[24.1,-25.6],[24.2,-25.6],[24.3,-25.7],[24.3,-25.8],[24.4,-25.8],[24.4,-25.7],[24.5,-25.7],[24.5,-25.8],[24.6,-25.8],[24.7,-25.8],[24.8,-25.8],[24.9,-25.8],[25.0,-25.8],[25.0,-25.7],[25.1,-25.7],[25.1,-25.8],[25.2,-25.8],[25.4,-25.7],[25.5,-25.7],[25.6,-25.6],[25.7,-25.5],[25.7,-25.4],[25.7,-25.3],[25.8,-25.1],[25.8,-25.0],[25.9,-24.9],[25.9,-24.8],[25.9,-24.7],[26.0,-24.7],[26.2,-24.7],[26.3,-24.6],[26.4,-24.6],[26.5,-24.6],[26.5,-24.5],[26.6,-24.4],[26.7,-24.3],[26.8,-24.3],[26.8,-24.2],[26.9,-24.2],[26.9,-24.1],[26.9,-23.9],[26.9,-23.8],[27.0,-23.8],[27.0,-23.7],[27.0,-23.6],[27.0,-23.7],[27.1,-23.7],[27.1,-23.6],[27.1,-23.5],[27.2,-23.5],[27.3,-23.5],[27.3,-23.4],[27.4,-23.4],[27.5,-23.4],[27.6,-23.3],[27.6,-23.2],[27.7,-23.2],[27.8,-23.2],[27.8,-23.1],[27.9,-23.1],[27.9,-23.0],[28.0,-23.0],[28.0,-22.9],[28.1,-22.9],[28.0,-22.8],[28.1,-22.8],[28.2,-22.8],[28.2,-22.7],[28.3,-22.7],[28.3,-22.6],[28.4,-22.6],[28.5,-22.6],[28.6,-22.6],[28.7,-22.6],[28.7,-22.5],[28.8,-22.5],[28.8,-22.4],[28.9,-22.4],[28.9,-22.5],[28.9,-22.4],[29.0,-22.4],[29.0,-22.3],[29.0,-22.2],[29.2,-22.2],[29.3,-22.2],[29.4,-22.2],[29.5,-22.2],[29.6,-22.1],[29.7,-22.1],[29.8,-22.1],[29.8,-22.2],[29.9,-22.2],[30.0,-22.2],[30.0,-22.3],[30.1,-22.3],[30.2,-22.3],[30.3,-22.3],[30.4,-22.3],[30.5,-22.3],[30.6,-22.3],[30.7,-22.3],[30.8,-22.3],[30.9,-22.3],[31.0,-22.3],[31.1,-22.3],[31.2,-22.3],[31.2,-22.4],[31.3,-22.4],[31.3,-22.5],[31.4,-22.7],[31.4,-22.8],[31.5,-23.0],[31.5,-23.2],[31.5,-23.4],[31.5,-23.5],[31.6,-23.6],[31.7,-23.6],[31.7,-23.7],[31.7,-23.8],[31.8,-23.9],[31.9,-23.9],[31.9,-24.0],[31.9,-24.1],[31.9,-24.2],[31.9,-24.3],[32.0,-24.3],[32.0,-24.4],[32.0,-24.5],[32.0,-24.6],[32.0,-24.7],[32.0,-24.9],[32.0,-25.0],[32.0,-25.2],[32.0,-25.4],[32.0,-25.5],[32.0,-25.6],[32.0,-25.7],[31.9,-25.8],[31.9,-26.0],[31.8,-26.0],[31.7,-25.9],[31.6,-25.9],[31.5,-25.8],[31.4,-25.7],[31.3,-25.7],[31.3,-25.8],[31.2,-25.8],[31.1,-25.9],[31.1,-26.0],[31.0,-26.1],[31.0,-26.2],[30.9,-26.3],[30.8,-26.4],[30.8,-26.5],[30.8,-26.6],[30.8,-26.7],[30.8,-26.8],[30.9,-26.8],[30.9,-26.9],[31.0,-26.9],[30.9,-27.0],[31.0,-27.0],[31.1,-27.1],[31.1,-27.2],[31.2,-27.2],[31.3,-27.2],[31.4,-27.3],[31.5,-27.3],[31.6,-27.3],[31.8,-27.3],[31.9,-27.3],[32.0,-27.3],[31.9,-27.3],[31.9,-27.2],[31.9,-27.1],[32.0,-27.0],[32.0,-26.9],[32.0,-26.8],[32.1,-26.8],[32.2,-26.8],[32.3,-26.9],[32.4,-26.9],[32.5,-26.9],[32.6,-26.9],[32.7,-26.9],[32.9,-26.8],[32.9,-26.9],[32.9,-27.0],[32.8,-27.1],[32.8,-27.2],[32.8,-27.3],[32.7,-27.5],[32.6,-27.8],[32.6,-27.9],[32.6,-28.2],[32.5,-28.2],[32.5,-28.3],[32.4,-28.4],[32.4,-28.5],[32.4,-28.6],[32.3,-28.6],[32.2,-28.7],[32.1,-28.8],[32.0,-28.8],[32.1,-28.8],[32.0,-28.9],[31.9,-28.9],[31.8,-28.9],[31.8,-29.0],[31.6,-29.2],[31.5,-29.2],[31.4,-29.3],[31.4,-29.4],[31.3,-29.4],[31.2,-29.6],[31.1,-29.8],[31.0,-29.8],[31.1,-29.9],[31.0,-29.9],[31.1,-29.9],[31.0,-29.9],[30.9,-30.0],[30.9,-30.1],[30.8,-30.1],[30.8,-30.2],[30.6,-30.5],[30.6,-30.6],[30.4,-30.8],[30.4,-30.9],[30.3,-30.9],[30.3,-31.0],[30.2,-31.1],[30.1,-31.2],[30.0,-31.3],[29.9,-31.4],[29.8,-31.4],[29.7,-31.5],[29.6,-31.6],[29.5,-31.6],[29.5,-31.7],[29.4,-31.7],[29.4,-31.8],[29.3,-31.8],[29.3,-31.9],[29.2,-31.9],[29.1,-32.0],[29.1,-32.1],[29.0,-32.2],[28.9,-32.3],[28.8,-32.3],[28.7,-32.4],[28.7,-32.5],[28.6,-32.5],[28.6,-32.6],[28.5,-32.6],[28.4,-32.6],[28.4,-32.7],[28.3,-32.7],[28.2,-32.8],[28.1,-32.8],[28.1,-32.9],[28.0,-33.0],[27.9,-33.0],[27.8,-33.1],[27.7,-33.1],[27.6,-33.2],[27.5,-33.2],[27.5,-33.3],[27.4,-33.3],[27.4,-33.4],[27.3,-33.4],[27.2,-33.4],[27.1,-33.5],[27.0,-33.6],[26.9,-33.6],[26.8,-33.6],[26.7,-33.7],[26.6,-33.7],[26.5,-33.8],[26.4,-33.8],[26.3,-33.8],[26.2,-33.7],[26.1,-33.7],[26.0,-33.7],[25.9,-33.7],[25.8,-33.7],[25.7,-33.8],[25.6,-33.9],[25.6,-34.0],[25.7,-34.0],[25.6,-34.0],[25.5,-34.0],[25.4,-34.0],[25.3,-34.0],[25.2,-34.0],[25.1,-34.0],[25.0,-34.0],[24.9,-34.0],[24.9,-34.1],[24.8,-34.1],[24.8,-34.2],[24.9,-34.2],[24.8,-34.2],[24.7,-34.2],[24.6,-34.2],[24.5,-34.2],[24.4,-34.1],[24.3,-34.1],[24.2,-34.1],[24.0,-34.0],[23.9,-34.0],[23.8,-34.0],[23.6,-34.0],[23.4,-34.0],[23.4,-34.1],[23.1,-34.1],[23.1,-34.0],[23.0,-34.0],[23.0,-34.1],[22.9,-34.1],[22.8,-34.0],[22.7,-34.0],[22.8,-34.0],[22.7,-34.0],[22.6,-34.0],[22.5,-34.0],[22.5,-34.1],[22.4,-34.1],[22.3,-34.1],[22.2,-34.1],[22.1,-34.1],[22.1,-34.2],[22.0,-34.2],[21.9,-34.2],[21.9,-34.3],[21.8,-34.4],[21.7,-34.4],[21.6,-34.4],[21.5,-34.3],[21.5,-34.4],[21.4,-34.4],[21.3,-34.4],[21.1,-34.4],[21.0,-34.4],[20.9,-34.4],[20.8,-34.4],[20.9,-34.4],[20.9,-34.5],[20.8,-34.5],[20.7,-34.4],[20.5,-34.5],[20.4,-34.5],[20.4,-34.6],[20.3,-34.6],[20.2,-34.6],[20.2,-34.7],[20.1,-34.7],[20.0,-34.8],[20.1,-34.8],[20.0,-34.8],[19.9,-34.8],[19.9,-34.7],[19.7,-34.8],[19.6,-34.8],[19.6,-34.7],[19.5,-34.7],[19.4,-34.6],[19.3,-34.6],[19.4,-34.5],[19.3,-34.5],[19.3,-34.4],[19.2,-34.4],[19.1,-34.4],[19.1,-34.3],[19.0,-34.3],[18.9,-34.4],[18.8,-34.4],[18.8,-34.3],[18.8,-34.2],[18.9,-34.2],[18.8,-34.1],[18.7,-34.1],[18.6,-34.1],[18.5,-34.1],[18.4,-34.1],[18.4,-34.2],[18.5,-34.2],[18.5,-34.3],[18.4,-34.3],[18.4,-34.2],[18.3,-34.2],[18.3,-34.1],[18.4,-34.1],[18.3,-34.1],[18.3,-34.0],[18.4,-34.0],[18.4,-33.9],[18.5,-33.9],[18.5,-33.8],[18.4,-33.7],[18.4,-33.6],[18.3,-33.6],[18.3,-33.5],[18.3,-33.4],[18.1,-33.4],[18.2,-33.3],[18.1,-33.3],[18.1,-33.2],[18.0,-33.2],[18.0,-33.1],[18.1,-33.2],[18.1,-33.1],[18.0,-33.1],[18.0,-33.0],[17.9,-33.0],[18.0,-33.0],[17.9,-33.0],[17.9,-32.9],[17.9,-32.8],[17.8,-32.8],[17.9,-32.8],[17.9,-32.7],[18.0,-32.7],[18.0,-32.8],[18.1,-32.8],[18.2,-32.8],[18.3,-32.6],[18.3,-32.5],[18.3,-32.4],[18.3,-32.3],[18.3,-32.1],[18.3,-32.0],[18.3,-31.9],[18.2,-31.8],[18.2,-31.7],[18.1,-31.6],[18.1,-31.5],[18.0,-31.5],[18.0,-31.4],[17.9,-31.4],[17.9,-31.3],[17.8,-31.2],[17.8,-31.1],[17.7,-31.1],[17.7,-31.0],[17.6,-30.9],[17.6,-30.8],[17.5,-30.8],[17.5,-30.7],[17.5,-30.6],[17.4,-30.6],[17.4,-30.5],[17.3,-30.4],[17.3,-30.3],[17.3,-30.2],[17.2,-30.2],[17.2,-30.1],[17.2,-30.0],[17.1,-29.9],[17.1,-29.8],[17.1,-29.7],[17.0,-29.6],[17.0,-29.5],[16.9,-29.4],[16.9,-29.3],[16.9,-29.2],[16.8,-29.2],[16.8,-29.1],[16.7,-29.0],[16.7,-28.9],[16.6,-28.9],[16.6,-28.8],[16.6,-28.7],[16.5,-28.7],[16.5,-28.6],[16.5,-28.5],[16.6,-28.5],[16.7,-28.5],[16.8,-28.5],[16.8,-28.4],[16.8,-28.3],[16.8,-28.2],[16.9,-28.2],[16.8,-28.2],[16.9,-28.2],[16.9,-28.1],[17.0,-28.1],[17.0,-28.0],[17.1,-28.0],[17.1,-28.1],[17.2,-28.1],[17.2,-28.2],[17.3,-28.2],[17.4,-28.3],[17.4,-28.4],[17.3,-28.4],[17.3,-28.5],[17.4,-28.5],[17.4,-28.6],[17.4,-28.7],[17.5,-28.7],[17.6,-28.7],[17.6,-28.8],[17.7,-28.8],[17.7,-28.7],[17.9,-28.8],[18.0,-28.8],[18.0,-28.9],[18.1,-28.9],[18.2,-28.9],[18.3,-28.9],[18.4,-28.9],[18.5,-28.9],[18.6,-28.9],[18.7,-28.8],[19.0,-28.9],[19.1,-28.9],[19.1,-29.0],[19.2,-28.9],[19.3,-28.9],[19.3,-28.8],[19.2,-28.8],[19.3,-28.7],[19.4,-28.7],[19.5,-28.7],[19.5,-28.6],[19.6,-28.5],[19.7,-28.5],[19.8,-28.5],[19.9,-28.4],[20.0,-28.4],[20.0,-28.3],[20.0,-28.2],[20.0,-28.1],[20.0,-28.0],[20.0,-27.9],[20.0,-27.8],[20.0,-27.7],[20.0,-27.6],[20.0,-27.5],[20.0,-27.4],[20.0,-27.3],[20.0,-27.2],[20.0,-27.1],[20.0,-27.0],[20.0,-26.9],[20.0,-26.8],[20.0,-26.7],[20.0,-26.6],[20.0,-26.5],[20.0,-26.4],[20.0,-26.3],[20.0,-26.2],[20.0,-26.1],[20.0,-26.0],[20.0,-25.9],[20.0,-25.8],[20.0,-25.7],[20.0,-25.6],[20.0,-25.5],[20.0,-25.4],[20.0,-25.3],[20.0,-25.2],[20.0,-25.1],[20.0,-25.0],[20.0,-24.9],[20.0,-24.8]],[[29.0,-28.9],[28.9,-28.9],[28.9,-28.8],[28.8,-28.8],[28.8,-28.7],[28.7,-28.7],[28.7,-28.6],[28.6,-28.6],[28.5,-28.6],[28.4,-28.6],[28.3,-28.7],[28.2,-28.7],[28.1,-28.7],[28.1,-28.8],[28.0,-28.9],[27.9,-28.9],[27.7,-28.9],[27.8,-28.9],[27.7,-28.9],[27.7,-29.0],[27.6,-29.0],[27.7,-29.1],[27.6,-29.1],[27.6,-29.2],[27.5,-29.2],[27.5,-29.3],[27.4,-29.3],[27.4,-29.4],[27.4,-29.5],[27.3,-29.5],[27.2,-29.5],[27.2,-29.6],[27.1,-29.6],[27.0,-29.6],[27.0,-29.7],[27.1,-29.7],[27.1,-29.8],[27.2,-29.9],[27.2,-30.0],[27.3,-30.0],[27.3,-30.1],[27.4,-30.1],[27.4,-30.2],[27.3,-30.2],[27.4,-30.3],[27.5,-30.3],[27.5,-30.4],[27.6,-30.4],[27.6,-30.5],[27.7,-30.5],[27.7,-30.6],[27.8,-30.6],[27.9,-30.6],[28.1,-30.6],[28.1,-30.7],[28.1,-30.6],[28.1,-30.5],[28.1,-30.4],[28.2,-30.4],[28.2,-30.3],[28.3,-30.2],[28.4,-30.2],[28.4,-30.1],[28.5,-30.1],[28.6,-30.1],[28.7,-30.1],[28.8,-30.1],[28.9,-30.1],[29.0,-30.0],[29.1,-29.9],[29.2,-29.9],[29.1,-29.9],[29.1,-29.8],[29.1,-29.7],[29.2,-29.7],[29.2,-29.6],[29.3,-29.6],[29.3,-29.5],[29.4,-29.4],[29.4,-29.3],[29.4,-29.2],[29.3,-29.2],[29.3,-29.1],[29.2,-29.1],[29.1,-29.0],[29.0,-29.0],[29.0,-28.9]]]]},"properties":{"country":"South Africa","iso3":"ZAF","entries":6,"_k":"4"}},{"type":"Feature","geometry":{"type":"MultiPolygon","coordinates":[[[[77.8,35.5],[77.9,35.4],[78.0,35.5],[78.1,35.5],[78.0,35.4],[78.0,35.3],[78.0,35.2],[78.1,35.1],[78.1,35.0],[78.1,34.9],[78.2,34.9],[78.2,34.8],[78.3,34.7],[78.3,34.6],[78.4,34.6],[78.6,34.5],[78.7,34.5],[78.8,34.5],[78.8,34.4],[78.9,34.4],[79.0,34.3],[79.0,34.2],[78.9,34.2],[78.8,34.1],[78.7,34.1],[78.7,34.0],[78.8,33.9],[78.8,33.8],[78.8,33.7],[78.8,33.6],[78.8,33.5],[78.9,33.4],[79.0,33.3],[79.1,33.3],[79.2,33.3],[79.3,33.3],[79.4,33.3],[79.5,33.3],[79.4,33.2],[79.4,33.1],[79.4,33.0],[79.3,33.0],[79.4,33.0],[79.5,32.9],[79.6,32.8],[79.6,32.7],[79.5,32.6],[79.4,32.5],[79.4,32.6],[79.3,32.6],[79.3,32.5],[79.2,32.5],[79.1,32.5],[79.1,32.4],[79.0,32.4],[78.9,32.3],[78.9,32.4],[78.8,32.5],[78.7,32.5],[78.7,32.6],[78.8,32.6],[78.7,32.6],[78.6,32.6],[78.4,32.6],[78.4,32.5],[78.4,32.4],[78.5,32.4],[78.4,32.4],[78.5,32.3],[78.5,32.2],[78.6,32.2],[78.6,32.0],[78.7,32.0],[78.7,31.9],[78.7,31.8],[78.7,31.7],[78.8,31.7],[78.8,31.6],[78.7,31.5],[78.8,31.4],[78.7,31.4],[78.7,31.3],[78.8,31.3],[78.9,31.3],[79.0,31.3],[79.0,31.4],[79.1,31.5],[79.1,31.4],[79.2,31.4],[79.2,31.3],[79.3,31.3],[79.2,31.3],[79.3,31.2],[79.3,31.1],[79.4,31.1],[79.4,31.0],[79.5,31.0],[79.5,30.9],[79.6,30.9],[79.6,31.0],[79.7,31.0],[79.8,31.0],[79.9,31.0],[79.9,30.9],[80.0,30.8],[80.1,30.8],[80.2,30.8],[80.2,30.7],[80.2,30.6],[80.3,30.6],[80.3,30.5],[80.4,30.5],[80.5,30.5],[80.6,30.5],[80.7,30.4],[80.8,30.3],[80.9,30.3],[81.0,30.3],[81.0,30.2],[80.9,30.2],[80.8,30.2],[80.8,30.1],[80.7,30.0],[80.6,30.0],[80.6,29.9],[80.5,29.9],[80.5,29.8],[80.4,29.8],[80.4,29.7],[80.4,29.6],[80.3,29.6],[80.3,29.5],[80.2,29.4],[80.2,29.3],[80.3,29.3],[80.3,29.2],[80.2,29.2],[80.2,29.1],[80.1,29.1],[80.1,29.0],[80.1,28.9],[80.0,28.9],[80.0,28.8],[80.1,28.8],[80.2,28.8],[80.2,28.7],[80.3,28.7],[80.3,28.6],[80.4,28.6],[80.5,28.6],[80.5,28.7],[80.6,28.7],[80.6,28.6],[80.7,28.6],[80.7,28.5],[80.8,28.5],[80.9,28.5],[80.9,28.4],[81.0,28.4],[81.1,28.4],[81.2,28.4],[81.2,28.3],[81.3,28.2],[81.3,28.1],[81.4,28.2],[81.4,28.1],[81.5,28.1],[81.6,28.0],[81.7,28.0],[81.7,27.9],[81.8,27.9],[81.9,27.9],[81.9,27.8],[81.9,27.9],[82.0,27.9],[82.1,27.9],[82.2,27.8],[82.3,27.8],[82.3,27.7],[82.4,27.7],[82.5,27.7],[82.7,27.7],[82.7,27.6],[82.7,27.5],[82.8,27.5],[82.9,27.5],[83.0,27.4],[83.1,27.4],[83.2,27.4],[83.2,27.3],[83.3,27.3],[83.3,27.4],[83.4,27.4],[83.4,27.5],[83.5,27.5],[83.6,27.5],[83.7,27.4],[83.8,27.4],[83.9,27.3],[83.9,27.4],[83.8,27.4],[83.9,27.4],[84.0,27.4],[84.0,27.5],[84.1,27.5],[84.2,27.5],[84.2,27.4],[84.3,27.4],[84.6,27.3],[84.6,27.2],[84.7,27.2],[84.7,27.1],[84.6,27.1],[84.6,27.0],[84.8,27.0],[84.9,27.0],[84.9,26.9],[85.0,26.9],[85.0,26.8],[85.1,26.9],[85.2,26.9],[85.2,26.8],[85.3,26.7],[85.4,26.8],[85.5,26.8],[85.6,26.9],[85.7,26.8],[85.7,26.7],[85.7,26.6],[85.8,26.6],[85.9,26.6],[86.0,26.6],[86.0,26.7],[86.0,26.6],[86.1,26.6],[86.2,26.6],[86.3,26.6],[86.4,26.6],[86.4,26.5],[86.5,26.5],[86.6,26.5],[86.7,26.4],[86.8,26.4],[86.8,26.5],[86.9,26.5],[87.0,26.5],[87.0,26.6],[87.0,26.5],[87.1,26.5],[87.1,26.4],[87.2,26.4],[87.3,26.4],[87.3,26.3],[87.3,26.4],[87.4,26.4],[87.5,26.4],[87.6,26.4],[87.7,26.4],[87.8,26.4],[87.8,26.5],[87.8,26.4],[87.9,26.5],[87.9,26.4],[88.0,26.4],[88.1,26.5],[88.1,26.6],[88.1,26.7],[88.2,26.7],[88.2,26.8],[88.2,26.9],[88.1,26.9],[88.1,27.0],[88.0,27.0],[88.0,27.1],[88.0,27.2],[88.0,27.3],[88.0,27.4],[88.0,27.5],[88.1,27.6],[88.1,27.7],[88.2,27.8],[88.2,27.9],[88.1,27.9],[88.1,28.0],[88.2,27.9],[88.2,28.0],[88.4,28.0],[88.5,28.0],[88.5,28.1],[88.6,28.1],[88.7,28.1],[88.8,28.0],[88.8,27.9],[88.9,27.9],[88.9,27.8],[88.8,27.7],[88.8,27.6],[88.7,27.6],[88.7,27.5],[88.8,27.5],[88.8,27.4],[88.9,27.3],[88.8,27.3],[88.8,27.2],[88.7,27.2],[88.7,27.1],[88.8,27.1],[88.8,27.0],[88.9,26.9],[88.9,27.0],[88.9,26.9],[89.0,26.9],[89.1,26.9],[89.1,26.8],[89.2,26.8],[89.3,26.8],[89.3,26.9],[89.4,26.8],[89.5,26.8],[89.6,26.8],[89.6,26.7],[89.7,26.7],[89.8,26.7],[89.9,26.7],[90.0,26.7],[90.1,26.7],[90.1,26.8],[90.2,26.8],[90.2,26.9],[90.3,26.9],[90.4,26.9],[90.5,26.8],[90.6,26.8],[90.7,26.8],[90.9,26.8],[91.0,26.8],[91.1,26.8],[91.2,26.8],[91.3,26.8],[91.4,26.8],[91.4,26.9],[91.5,26.9],[91.5,26.8],[91.6,26.8],[91.7,26.8],[91.8,26.9],[91.8,26.8],[91.9,26.8],[91.9,26.9],[92.0,26.9],[92.0,26.8],[92.0,26.9],[92.1,26.9],[92.1,27.0],[92.0,27.0],[92.0,27.1],[92.0,27.2],[92.1,27.3],[92.0,27.4],[92.0,27.5],[91.9,27.5],[91.8,27.5],[91.7,27.5],[91.6,27.5],[91.6,27.6],[91.6,27.7],[91.6,27.8],[91.6,27.9],[91.7,27.8],[91.8,27.8],[91.9,27.8],[91.9,27.7],[92.0,27.7],[92.0,27.8],[92.1,27.8],[92.2,27.9],[92.3,27.8],[92.4,27.8],[92.4,27.9],[92.4,27.8],[92.5,27.8],[92.6,27.8],[92.6,27.9],[92.7,27.9],[92.7,28.0],[92.7,28.1],[92.6,28.1],[92.7,28.1],[92.7,28.2],[92.8,28.2],[92.9,28.2],[92.9,28.3],[93.0,28.3],[93.1,28.3],[93.2,28.3],[93.2,28.4],[93.2,28.5],[93.3,28.5],[93.3,28.6],[93.4,28.6],[93.4,28.7],[93.6,28.7],[93.7,28.7],[93.8,28.7],[93.9,28.7],[94.0,28.7],[94.0,28.8],[94.0,28.9],[94.1,28.9],[94.2,28.9],[94.3,28.9],[94.3,29.0],[94.3,29.1],[94.3,29.2],[94.4,29.2],[94.5,29.2],[94.6,29.3],[94.7,29.3],[94.8,29.2],[94.9,29.2],[95.0,29.2],[95.0,29.1],[95.1,29.1],[95.2,29.1],[95.3,29.1],[95.4,29.0],[95.5,29.1],[95.5,29.2],[95.6,29.2],[95.7,29.2],[95.7,29.3],[95.8,29.3],[95.8,29.4],[95.9,29.3],[96.0,29.4],[96.1,29.4],[96.2,29.4],[96.2,29.3],[96.2,29.2],[96.3,29.2],[96.3,29.3],[96.4,29.3],[96.4,29.2],[96.3,29.2],[96.2,29.1],[96.2,29.0],[96.2,28.9],[96.3,29.0],[96.4,29.0],[96.5,29.0],[96.5,28.9],[96.6,28.8],[96.6,28.7],[96.5,28.7],[96.5,28.6],[96.4,28.6],[96.3,28.5],[96.3,28.4],[96.4,28.4],[96.5,28.4],[96.6,28.4],[96.7,28.4],[96.9,28.4],[96.9,28.3],[97.0,28.3],[97.0,28.4],[97.1,28.4],[97.2,28.3],[97.3,28.2],[97.3,28.1],[97.4,28.0],[97.3,28.0],[97.3,27.9],[97.2,27.9],[97.1,27.8],[97.1,27.7],[97.0,27.7],[96.9,27.7],[96.9,27.6],[96.9,27.5],[96.9,27.4],[97.1,27.2],[97.1,27.1],[97.0,27.1],[96.9,27.2],[96.8,27.2],[96.9,27.2],[96.8,27.3],[96.7,27.4],[96.7,27.3],[96.6,27.3],[96.6,27.4],[96.6,27.3],[96.5,27.3],[96.4,27.3],[96.1,27.3],[96.1,27.2],[96.0,27.2],[96.0,27.1],[95.9,27.1],[95.9,27.0],[95.8,27.0],[95.7,26.9],[95.6,26.9],[95.6,26.8],[95.5,26.8],[95.4,26.7],[95.3,26.7],[95.3,26.6],[95.2,26.6],[95.2,26.7],[95.2,26.6],[95.1,26.6],[95.1,26.5],[95.0,26.5],[95.1,26.4],[95.0,26.3],[95.0,26.2],[95.1,26.2],[95.1,26.1],[95.2,26.1],[95.2,26.0],[95.1,26.0],[95.0,25.9],[95.0,25.8],[95.0,25.7],[94.9,25.6],[94.8,25.6],[94.8,25.5],[94.7,25.5],[94.7,25.4],[94.6,25.4],[94.6,25.2],[94.7,25.2],[94.7,25.1],[94.7,25.0],[94.7,24.9],[94.6,24.9],[94.6,24.8],[94.6,24.7],[94.5,24.7],[94.5,24.6],[94.4,24.6],[94.4,24.5],[94.4,24.4],[94.3,24.4],[94.3,24.3],[94.2,24.2],[94.2,24.1],[94.2,24.0],[94.1,23.9],[94.1,23.8],[94.1,23.9],[94.0,23.9],[93.9,23.9],[93.8,23.9],[93.7,24.0],[93.6,24.0],[93.5,24.0],[93.4,24.0],[93.4,24.1],[93.3,24.1],[93.3,24.0],[93.3,23.9],[93.4,23.9],[93.4,23.7],[93.4,23.6],[93.4,23.5],[93.4,23.4],[93.4,23.3],[93.4,23.2],[93.4,23.1],[93.3,23.1],[93.3,23.0],[93.2,23.0],[93.2,23.1],[93.2,23.0],[93.1,23.0],[93.2,23.0],[93.2,22.9],[93.1,22.8],[93.1,22.7],[93.1,22.6],[93.1,22.5],[93.2,22.4],[93.2,22.3],[93.2,22.2],[93.1,22.2],[93.0,22.2],[93.0,22.1],[93.0,22.0],[92.9,22.0],[92.8,22.0],[92.8,22.1],[92.7,22.1],[92.7,22.2],[92.7,22.1],[92.7,22.0],[92.6,22.0],[92.6,22.1],[92.5,22.1],[92.6,22.1],[92.6,22.2],[92.5,22.5],[92.5,22.6],[92.5,22.7],[92.4,22.8],[92.4,22.9],[92.4,23.0],[92.3,23.2],[92.4,23.3],[92.3,23.3],[92.3,23.4],[92.3,23.5],[92.3,23.6],[92.3,23.7],[92.2,23.7],[92.2,23.6],[92.2,23.7],[92.1,23.7],[92.0,23.6],[92.0,23.7],[91.9,23.7],[91.9,23.5],[91.9,23.4],[91.8,23.4],[91.8,23.3],[91.7,23.3],[91.7,23.2],[91.8,23.2],[91.8,23.1],[91.8,23.0],[91.7,23.0],[91.6,23.0],[91.6,22.9],[91.6,23.0],[91.5,23.0],[91.5,23.1],[91.5,23.2],[91.4,23.2],[91.4,23.3],[91.4,23.2],[91.4,23.1],[91.3,23.1],[91.3,23.3],[91.3,23.4],[91.2,23.4],[91.2,23.5],[91.2,23.6],[91.1,23.6],[91.1,23.7],[91.2,23.7],[91.1,23.7],[91.2,23.7],[91.2,23.8],[91.2,23.9],[91.3,24.0],[91.4,24.1],[91.5,24.1],[91.6,24.1],[91.6,24.2],[91.7,24.2],[91.7,24.1],[91.7,24.2],[91.8,24.2],[91.9,24.2],[91.9,24.3],[92.0,24.3],[91.9,24.4],[92.0,24.4],[92.1,24.4],[92.1,24.5],[92.2,24.5],[92.2,24.6],[92.2,24.8],[92.2,24.9],[92.3,24.9],[92.4,24.9],[92.4,24.8],[92.4,24.9],[92.5,24.9],[92.4,24.9],[92.5,24.9],[92.5,25.0],[92.4,25.0],[92.3,25.0],[92.3,25.1],[92.2,25.1],[92.1,25.1],[92.1,25.2],[92.0,25.2],[91.9,25.2],[91.8,25.2],[91.7,25.2],[91.7,25.1],[91.7,25.2],[91.7,25.1],[91.6,25.1],[91.6,25.2],[91.5,25.2],[91.5,25.1],[91.4,25.1],[91.3,25.2],[91.2,25.2],[91.1,25.2],[91.0,25.2],[90.9,25.2],[90.8,25.1],[90.8,25.2],[90.7,25.2],[90.6,25.2],[90.5,25.2],[90.4,25.1],[90.3,25.2],[90.1,25.2],[89.9,25.3],[89.8,25.3],[89.8,25.4],[89.8,25.5],[89.8,25.6],[89.8,25.7],[89.8,25.8],[89.8,25.9],[89.8,26.0],[89.7,26.1],[89.8,26.1],[89.7,26.1],[89.7,26.2],[89.6,26.2],[89.6,26.1],[89.6,26.0],[89.5,26.0],[89.4,26.0],[89.3,26.0],[89.2,26.1],[89.1,26.1],[89.1,26.2],[89.1,26.3],[89.1,26.4],[89.0,26.4],[88.9,26.4],[88.9,26.3],[89.0,26.3],[89.0,26.2],[88.9,26.2],[88.9,26.3],[88.8,26.2],[88.8,26.3],[88.7,26.3],[88.6,26.3],[88.7,26.3],[88.7,26.4],[88.6,26.4],[88.7,26.4],[88.6,26.4],[88.6,26.5],[88.5,26.5],[88.4,26.5],[88.4,26.6],[88.3,26.5],[88.3,26.4],[88.3,26.5],[88.4,26.5],[88.5,26.5],[88.5,26.4],[88.4,26.4],[88.4,26.3],[88.3,26.3],[88.3,26.2],[88.2,26.2],[88.2,26.1],[88.1,26.1],[88.2,26.1],[88.2,26.0],[88.1,26.0],[88.1,25.9],[88.1,25.8],[88.2,25.8],[88.3,25.8],[88.3,25.7],[88.4,25.7],[88.4,25.6],[88.5,25.6],[88.5,25.5],[88.6,25.5],[88.7,25.5],[88.8,25.5],[88.8,25.4],[88.8,25.3],[88.9,25.3],[89.0,25.3],[88.9,25.2],[88.8,25.2],[88.7,25.2],[88.6,25.2],[88.5,25.2],[88.4,25.2],[88.4,25.1],[88.4,25.0],[88.4,24.9],[88.3,24.9],[88.2,24.9],[88.1,24.9],[88.1,24.8],[88.0,24.7],[88.0,24.6],[88.1,24.6],[88.1,24.5],[88.4,24.4],[88.5,24.3],[88.6,24.3],[88.7,24.3],[88.7,24.2],[88.7,24.1],[88.7,24.0],[88.7,23.9],[88.6,23.9],[88.6,23.8],[88.6,23.7],[88.5,23.6],[88.6,23.6],[88.6,23.5],[88.7,23.5],[88.8,23.5],[88.7,23.3],[88.7,23.2],[88.8,23.2],[88.9,23.2],[89.0,23.2],[88.9,23.2],[88.9,23.1],[88.8,23.0],[88.9,22.9],[88.9,22.8],[88.9,22.7],[88.9,22.6],[89.0,22.6],[88.9,22.5],[89.0,22.5],[89.0,22.4],[89.0,22.3],[89.1,22.2],[89.1,22.1],[89.0,22.1],[89.1,22.0],[89.1,21.9],[89.0,21.9],[88.9,21.9],[88.9,22.0],[88.9,21.9],[89.0,21.9],[89.0,21.8],[89.0,21.7],[89.1,21.7],[89.1,21.6],[89.0,21.6],[88.9,21.6],[88.9,21.7],[88.9,21.8],[88.9,21.7],[88.8,21.7],[88.9,21.7],[88.9,21.6],[88.8,21.6],[88.8,21.7],[88.8,21.6],[88.7,21.6],[88.7,21.7],[88.7,21.8],[88.7,21.9],[88.7,22.0],[88.8,22.0],[88.7,22.1],[88.8,22.1],[88.7,22.1],[88.7,22.0],[88.7,21.9],[88.6,21.9],[88.6,22.0],[88.7,22.0],[88.6,22.0],[88.6,22.1],[88.7,22.2],[88.6,22.2],[88.6,22.1],[88.6,22.0],[88.6,21.9],[88.6,21.8],[88.6,21.7],[88.6,21.6],[88.5,21.6],[88.5,21.5],[88.5,21.6],[88.5,21.7],[88.5,21.8],[88.5,21.9],[88.5,22.0],[88.5,21.9],[88.5,21.8],[88.5,21.7],[88.5,21.6],[88.4,21.6],[88.4,21.7],[88.3,21.7],[88.3,21.6],[88.3,21.7],[88.3,21.8],[88.3,21.7],[88.3,21.6],[88.2,21.6],[88.2,21.7],[88.2,21.8],[88.2,21.9],[88.1,22.0],[88.2,22.0],[88.2,22.1],[88.2,22.2],[88.1,22.2],[88.0,22.2],[88.0,22.3],[88.0,22.4],[87.9,22.4],[87.9,22.3],[88.0,22.3],[88.0,22.2],[88.1,22.2],[88.2,22.2],[88.2,22.1],[88.1,22.1],[88.1,22.0],[88.0,22.0],[88.1,22.0],[88.0,22.0],[88.0,21.9],[88.0,21.8],[87.9,21.8],[87.8,21.7],[87.7,21.7],[87.6,21.7],[87.5,21.6],[87.4,21.6],[87.3,21.6],[87.2,21.6],[87.1,21.5],[86.9,21.3],[86.8,21.2],[86.8,21.1],[87.0,20.8],[86.9,20.8],[87.0,20.8],[87.0,20.7],[86.9,20.7],[87.0,20.7],[87.0,20.6],[86.9,20.6],[86.8,20.5],[86.7,20.5],[86.7,20.4],[86.8,20.4],[86.8,20.3],[86.7,20.3],[86.8,20.3],[86.7,20.3],[86.6,20.2],[86.5,20.2],[86.5,20.1],[86.4,20.0],[86.3,20.0],[86.3,20.1],[86.2,20.1],[86.1,20.1],[86.2,20.1],[86.2,20.0],[86.3,20.0],[86.4,20.0],[86.3,19.9],[86.1,19.9],[86.1,19.8],[86.1,19.9],[86.0,19.9],[86.0,19.8],[85.9,19.8],[85.8,19.8],[85.7,19.8],[85.7,19.7],[85.6,19.7],[85.5,19.7],[85.4,19.7],[85.5,19.7],[85.6,19.7],[85.6,19.8],[85.6,19.9],[85.5,19.9],[85.4,19.9],[85.4,19.8],[85.3,19.8],[85.2,19.8],[85.2,19.7],[85.2,19.6],[85.1,19.6],[85.2,19.6],[85.1,19.6],[85.1,19.5],[85.2,19.5],[85.2,19.6],[85.2,19.5],[85.2,19.6],[85.2,19.7],[85.3,19.7],[85.3,19.6],[85.4,19.7],[85.4,19.6],[85.3,19.6],[85.6,19.7],[85.5,19.7],[85.5,19.6],[85.4,19.6],[85.3,19.6],[85.3,19.5],[85.2,19.5],[85.1,19.4],[85.0,19.3],[84.9,19.2],[84.8,19.1],[84.7,19.1],[84.8,19.1],[84.7,19.0],[84.7,18.9],[84.6,18.9],[84.5,18.8],[84.4,18.7],[84.4,18.6],[84.3,18.6],[84.3,18.5],[84.2,18.5],[84.3,18.5],[84.3,18.6],[84.3,18.5],[84.2,18.5],[84.2,18.4],[84.1,18.4],[84.1,18.3],[83.8,18.1],[83.6,18.0],[83.5,18.0],[83.5,17.9],[83.4,17.9],[83.5,17.9],[83.4,17.9],[83.4,17.8],[83.3,17.7],[83.2,17.7],[83.3,17.7],[83.3,17.6],[83.2,17.6],[83.1,17.5],[83.0,17.5],[83.0,17.4],[82.9,17.4],[82.8,17.4],[82.7,17.3],[82.5,17.2],[82.4,17.2],[82.4,17.1],[82.3,17.1],[82.3,17.0],[82.3,16.9],[82.3,16.8],[82.3,16.9],[82.4,16.8],[82.4,16.9],[82.3,17.0],[82.4,16.9],[82.4,16.8],[82.3,16.7],[82.3,16.6],[82.2,16.5],[82.1,16.5],[82.1,16.4],[82.0,16.4],[81.9,16.4],[81.8,16.3],[81.7,16.3],[81.6,16.3],[81.6,16.4],[81.5,16.4],[81.4,16.3],[81.4,16.4],[81.3,16.4],[81.3,16.3],[81.2,16.3],[81.3,16.3],[81.2,16.2],[81.2,16.1],[81.2,16.0],[81.1,16.0],[81.1,15.9],[81.0,15.9],[81.0,15.8],[80.9,15.8],[80.9,15.9],[80.9,16.0],[80.9,15.9],[80.9,15.8],[80.8,15.7],[80.8,15.8],[80.8,15.9],[80.7,15.9],[80.6,15.9],[80.5,15.9],[80.5,15.8],[80.4,15.8],[80.3,15.7],[80.2,15.6],[80.2,15.5],[80.2,15.4],[80.1,15.4],[80.1,15.3],[80.1,15.2],[80.1,15.1],[80.1,15.0],[80.1,14.9],[80.1,14.8],[80.1,14.7],[80.2,14.7],[80.2,14.6],[80.1,14.6],[80.2,14.6],[80.2,14.5],[80.2,14.4],[80.2,14.3],[80.1,14.3],[80.1,14.2],[80.0,14.2],[80.1,14.2],[80.1,14.1],[80.1,14.0],[80.2,14.0],[80.2,13.8],[80.2,13.7],[80.3,13.6],[80.3,13.5],[80.3,13.4],[80.3,13.5],[80.2,13.6],[80.2,13.7],[80.1,13.7],[80.1,13.6],[80.1,13.7],[80.1,13.6],[80.1,13.5],[80.2,13.5],[80.3,13.5],[80.3,13.4],[80.3,13.3],[80.3,13.2],[80.3,13.1],[80.3,13.0],[80.3,12.8],[80.2,12.7],[80.2,12.6],[80.2,12.5],[80.1,12.4],[80.1,12.3],[80.0,12.3],[80.0,12.2],[79.9,12.2],[80.0,12.2],[79.9,12.2],[79.9,12.1],[79.9,12.0],[79.8,12.0],[79.8,11.9],[79.8,11.8],[79.8,11.7],[79.8,11.6],[79.8,11.5],[79.8,11.4],[79.8,11.5],[79.8,11.4],[79.7,11.4],[79.7,11.3],[79.8,11.3],[79.8,11.4],[79.8,11.3],[79.9,11.2],[79.9,11.0],[79.8,11.0],[79.8,10.8],[79.9,10.6],[79.9,10.4],[79.9,10.3],[79.8,10.3],[79.6,10.3],[79.7,10.3],[79.8,10.3],[79.6,10.3],[79.5,10.3],[79.4,10.3],[79.3,10.3],[79.3,10.2],[79.2,10.2],[79.2,10.1],[79.3,10.1],[79.3,10.0],[79.2,10.0],[79.1,9.9],[79.1,9.8],[79.0,9.7],[79.0,9.6],[78.9,9.6],[78.9,9.5],[78.9,9.4],[79.0,9.4],[79.0,9.3],[79.1,9.3],[79.3,9.3],[79.4,9.2],[79.5,9.2],[79.4,9.2],[79.3,9.3],[79.2,9.3],[79.1,9.3],[79.0,9.3],[78.9,9.3],[78.9,9.2],[78.8,9.2],[78.7,9.2],[78.6,9.2],[78.6,9.1],[78.5,9.1],[78.4,9.1],[78.2,9.0],[78.2,8.9],[78.2,8.8],[78.2,8.7],[78.1,8.7],[78.1,8.6],[78.1,8.5],[78.1,8.4],[78.0,8.4],[78.0,8.3],[77.8,8.2],[77.6,8.2],[77.6,8.1],[77.5,8.1],[77.4,8.1],[77.3,8.1],[77.3,8.2],[77.2,8.2],[77.1,8.3],[77.0,8.4],[76.9,8.5],[76.8,8.6],[76.7,8.7],[76.7,8.8],[76.6,8.8],[76.6,8.9],[76.5,8.9],[76.6,8.9],[76.6,9.0],[76.7,9.0],[76.6,9.0],[76.7,9.0],[76.6,9.0],[76.5,9.0],[76.5,8.9],[76.5,9.0],[76.5,9.1],[76.5,9.2],[76.4,9.2],[76.4,9.1],[76.4,9.3],[76.3,9.5],[76.3,9.6],[76.3,9.7],[76.3,9.8],[76.3,9.9],[76.2,9.9],[76.2,10.0],[76.3,10.0],[76.3,9.9],[76.3,9.8],[76.3,9.9],[76.3,9.7],[76.3,9.8],[76.3,9.9],[76.4,9.8],[76.4,9.7],[76.4,9.6],[76.4,9.5],[76.5,9.5],[76.5,9.6],[76.4,9.6],[76.4,9.7],[76.4,9.8],[76.4,9.9],[76.3,10.0],[76.2,10.1],[76.2,10.0],[76.2,10.1],[76.2,10.2],[76.2,10.3],[76.2,10.2],[76.1,10.3],[76.1,10.4],[76.1,10.5],[76.0,10.5],[76.0,10.6],[75.9,10.7],[75.9,10.8],[75.9,10.9],[75.8,11.1],[75.7,11.3],[75.7,11.4],[75.7,11.5],[75.6,11.5],[75.6,11.6],[75.5,11.7],[75.4,11.9],[75.3,11.9],[75.4,11.9],[75.4,12.0],[75.3,11.9],[75.3,12.0],[75.2,12.0],[75.2,12.1],[75.1,12.2],[75.1,12.3],[75.0,12.4],[75.0,12.5],[74.9,12.7],[74.9,12.8],[74.8,12.8],[74.9,12.8],[74.9,12.9],[74.8,12.9],[74.8,13.1],[74.8,13.2],[74.7,13.2],[74.7,13.3],[74.7,13.4],[74.7,13.5],[74.7,13.4],[74.7,13.5],[74.7,13.6],[74.7,13.7],[74.6,13.7],[74.6,13.8],[74.6,13.9],[74.5,14.0],[74.5,14.1],[74.5,14.2],[74.4,14.2],[74.4,14.3],[74.5,14.2],[74.5,14.3],[74.4,14.3],[74.4,14.4],[74.4,14.5],[74.4,14.6],[74.3,14.6],[74.3,14.5],[74.3,14.6],[74.3,14.7],[74.2,14.7],[74.2,14.8],[74.2,14.7],[74.1,14.8],[74.2,14.8],[74.2,14.9],[74.1,14.9],[74.1,14.8],[74.1,14.9],[74.0,14.9],[74.0,15.0],[74.0,15.1],[73.9,15.1],[74.0,15.1],[74.0,15.2],[73.9,15.2],[73.9,15.3],[73.9,15.4],[73.8,15.4],[73.9,15.4],[74.0,15.4],[73.9,15.4],[73.8,15.4],[73.8,15.5],[73.8,15.4],[73.8,15.5],[73.9,15.5],[73.8,15.5],[73.7,15.6],[73.8,15.6],[73.8,15.7],[73.8,15.6],[73.7,15.6],[73.7,15.7],[73.6,15.7],[73.6,15.8],[73.6,15.9],[73.5,15.9],[73.5,16.0],[73.5,16.1],[73.4,16.1],[73.5,16.1],[73.5,16.2],[73.4,16.1],[73.4,16.2],[73.4,16.3],[73.4,16.4],[73.3,16.4],[73.3,16.5],[73.3,16.6],[73.3,16.5],[73.4,16.5],[73.4,16.6],[73.3,16.6],[73.4,16.6],[73.3,16.6],[73.3,16.7],[73.3,16.8],[73.3,16.9],[73.3,17.0],[73.3,17.1],[73.3,17.2],[73.2,17.2],[73.2,17.3],[73.2,17.4],[73.2,17.5],[73.1,17.5],[73.1,17.6],[73.2,17.6],[73.1,17.6],[73.1,17.7],[73.1,17.8],[73.1,17.9],[73.0,18.0],[73.0,18.1],[73.0,18.0],[73.0,18.1],[73.0,18.2],[72.9,18.2],[72.9,18.3],[73.0,18.3],[73.0,18.2],[73.1,18.2],[73.0,18.2],[73.1,18.2],[73.1,18.3],[73.0,18.3],[72.9,18.4],[72.9,18.5],[73.0,18.5],[73.0,18.6],[72.9,18.6],[72.9,18.7],[72.9,18.8],[73.0,18.8],[73.0,18.7],[73.0,18.8],[73.0,18.9],[72.9,18.9],[72.9,19.0],[73.0,18.9],[73.0,19.0],[73.1,19.0],[73.0,19.0],[73.0,19.1],[73.0,19.2],[73.0,19.1],[72.9,19.1],[72.9,19.0],[72.8,19.0],[72.8,18.9],[72.8,19.0],[72.8,18.9],[72.8,19.0],[72.8,19.1],[72.8,19.2],[72.8,19.3],[72.8,19.2],[72.8,19.3],[72.9,19.3],[73.0,19.3],[73.0,19.2],[73.0,19.3],[72.9,19.3],[72.8,19.3],[72.8,19.4],[72.7,19.4],[72.7,19.5],[72.8,19.5],[72.9,19.5],[72.8,19.5],[72.8,19.6],[72.7,19.6],[72.7,19.5],[72.8,19.5],[72.7,19.5],[72.7,19.6],[72.7,19.7],[72.7,19.8],[72.7,19.7],[72.7,19.8],[72.6,19.9],[72.7,19.9],[72.7,20.0],[72.7,20.1],[72.7,20.2],[72.8,20.2],[72.7,20.2],[72.7,20.3],[72.8,20.3],[72.8,20.4],[72.8,20.5],[72.9,20.5],[72.9,20.6],[72.9,20.7],[72.9,20.8],[72.9,20.9],[72.8,20.8],[72.8,20.9],[72.9,20.9],[72.8,20.9],[72.9,20.9],[72.9,21.0],[72.8,21.0],[72.8,21.1],[72.7,21.1],[72.7,21.2],[72.7,21.1],[72.6,21.1],[72.7,21.2],[72.6,21.3],[72.6,21.4],[72.7,21.4],[72.7,21.5],[72.8,21.5],[72.7,21.5],[72.6,21.4],[72.6,21.5],[72.7,21.5],[72.7,21.6],[72.8,21.6],[72.9,21.6],[72.9,21.7],[73.0,21.7],[73.1,21.7],[73.1,21.8],[73.1,21.7],[73.0,21.7],[72.9,21.7],[72.8,21.7],[72.7,21.7],[72.6,21.7],[72.5,21.7],[72.6,21.8],[72.6,21.9],[72.7,21.9],[72.7,22.0],[72.6,22.0],[72.6,21.9],[72.5,21.9],[72.5,22.0],[72.5,22.1],[72.5,22.2],[72.6,22.2],[72.7,22.2],[72.8,22.2],[72.9,22.2],[72.9,22.3],[72.8,22.3],[72.8,22.2],[72.7,22.2],[72.7,22.3],[72.6,22.3],[72.5,22.3],[72.5,22.2],[72.5,22.3],[72.4,22.3],[72.4,22.2],[72.4,22.3],[72.4,22.4],[72.4,22.3],[72.3,22.3],[72.2,22.3],[72.1,22.3],[72.2,22.3],[72.2,22.2],[72.3,22.2],[72.3,22.1],[72.3,22.0],[72.2,22.0],[72.1,22.0],[72.1,21.9],[72.1,22.0],[72.0,21.9],[72.1,21.9],[72.2,21.9],[72.1,21.9],[72.2,21.9],[72.2,21.8],[72.1,21.8],[72.1,21.9],[72.0,21.9],[72.1,21.9],[72.1,21.8],[72.0,21.9],[72.0,21.8],[72.1,21.8],[72.2,21.8],[72.2,21.7],[72.3,21.7],[72.3,21.6],[72.2,21.5],[72.2,21.4],[72.1,21.3],[72.1,21.2],[72.0,21.1],[71.9,21.1],[71.8,21.1],[71.8,21.0],[71.7,21.0],[71.6,21.0],[71.5,21.0],[71.6,21.0],[71.5,21.0],[71.5,20.9],[71.4,20.9],[71.3,20.8],[71.1,20.8],[71.1,20.7],[71.0,20.7],[70.9,20.7],[70.8,20.7],[70.7,20.7],[70.6,20.8],[70.5,20.8],[70.5,20.9],[70.4,20.9],[70.3,20.9],[70.3,21.0],[70.2,21.1],[70.1,21.2],[70.0,21.2],[70.0,21.3],[69.9,21.3],[69.8,21.4],[69.8,21.5],[69.6,21.6],[69.6,21.7],[69.5,21.7],[69.5,21.8],[69.4,21.8],[69.4,21.9],[69.3,21.9],[69.2,21.9],[69.2,22.0],[69.1,22.1],[69.0,22.2],[69.0,22.3],[68.9,22.3],[69.0,22.3],[69.0,22.4],[69.0,22.5],[69.1,22.5],[69.1,22.4],[69.0,22.4],[69.1,22.4],[69.2,22.4],[69.2,22.3],[69.3,22.3],[69.4,22.3],[69.5,22.3],[69.5,22.4],[69.5,22.5],[69.6,22.4],[69.7,22.4],[69.7,22.5],[69.8,22.4],[69.8,22.5],[69.9,22.5],[70.0,22.5],[70.0,22.6],[70.1,22.6],[70.1,22.5],[70.2,22.6],[70.3,22.7],[70.3,22.8],[70.4,22.9],[70.4,23.0],[70.5,23.0],[70.5,23.1],[70.4,23.1],[70.4,23.0],[70.4,22.9],[70.3,22.9],[70.3,23.0],[70.2,23.0],[70.2,22.9],[70.2,23.0],[70.1,23.0],[70.1,22.9],[70.0,22.9],[69.9,22.9],[69.8,22.9],[69.8,22.8],[69.7,22.8],[69.7,22.7],[69.7,22.8],[69.6,22.8],[69.5,22.8],[69.4,22.8],[69.3,22.8],[69.2,22.8],[69.2,22.9],[69.1,22.9],[69.0,23.0],[68.9,23.0],[68.7,23.1],[68.7,23.2],[68.6,23.2],[68.6,23.3],[68.5,23.3],[68.6,23.3],[68.6,23.4],[68.5,23.4],[68.4,23.4],[68.4,23.5],[68.5,23.5],[68.4,23.5],[68.4,23.6],[68.5,23.6],[68.5,23.7],[68.6,23.7],[68.6,23.8],[68.7,23.8],[68.8,23.8],[68.8,23.9],[68.7,23.9],[68.7,23.8],[68.6,23.8],[68.5,23.8],[68.5,23.7],[68.4,23.7],[68.3,23.6],[68.4,23.6],[68.3,23.6],[68.2,23.6],[68.1,23.6],[68.2,23.6],[68.2,23.7],[68.2,23.6],[68.2,23.7],[68.3,23.7],[68.2,23.7],[68.2,23.8],[68.2,23.7],[68.2,23.8],[68.2,23.9],[68.3,23.9],[68.3,24.0],[68.4,24.0],[68.4,23.9],[68.4,24.0],[68.5,24.0],[68.6,24.0],[68.7,24.0],[68.7,24.1],[68.7,24.2],[68.7,24.3],[68.8,24.3],[68.8,24.2],[68.9,24.3],[69.0,24.3],[69.1,24.3],[69.2,24.3],[69.3,24.3],[69.6,24.3],[69.7,24.2],[69.8,24.2],[70.0,24.2],[70.1,24.2],[70.1,24.3],[70.2,24.3],[70.3,24.4],[70.4,24.4],[70.5,24.4],[70.6,24.4],[70.5,24.4],[70.6,24.3],[70.6,24.2],[70.8,24.2],[70.8,24.3],[70.9,24.3],[70.8,24.3],[70.9,24.3],[70.9,24.4],[71.0,24.4],[71.1,24.4],[71.0,24.4],[71.0,24.5],[71.0,24.6],[71.0,24.7],[71.1,24.7],[71.0,24.7],[71.0,24.8],[70.9,24.9],[70.9,25.0],[70.9,25.1],[70.8,25.2],[70.7,25.3],[70.7,25.4],[70.6,25.4],[70.7,25.5],[70.7,25.6],[70.7,25.7],[70.6,25.7],[70.5,25.7],[70.4,25.7],[70.3,25.7],[70.2,25.7],[70.2,25.8],[70.1,25.9],[70.1,26.0],[70.1,26.1],[70.1,26.2],[70.2,26.3],[70.1,26.3],[70.2,26.4],[70.2,26.5],[70.1,26.6],[69.8,26.6],[69.7,26.7],[69.5,26.7],[69.5,26.8],[69.5,26.9],[69.5,27.1],[69.6,27.2],[69.7,27.3],[69.8,27.4],[69.9,27.5],[70.0,27.6],[70.1,27.8],[70.2,27.9],[70.3,27.9],[70.3,28.0],[70.4,28.0],[70.5,28.0],[70.6,28.0],[70.6,27.9],[70.7,27.8],[70.7,27.7],[70.8,27.7],[70.9,27.7],[71.0,27.8],[71.2,27.8],[71.3,27.9],[71.4,27.9],[71.5,27.9],[71.6,27.9],[71.7,27.9],[71.9,28.0],[71.9,28.1],[72.0,28.2],[72.1,28.3],[72.1,28.4],[72.2,28.4],[72.3,28.6],[72.3,28.7],[72.4,28.8],[72.5,28.8],[72.7,28.9],[72.8,29.0],[72.9,29.0],[73.0,29.1],[73.0,29.2],[73.1,29.2],[73.1,29.4],[73.2,29.4],[73.2,29.5],[73.3,29.7],[73.3,29.8],[73.4,29.9],[73.6,30.0],[73.7,30.0],[73.8,30.1],[73.9,30.2],[73.9,30.3],[73.8,30.4],[73.9,30.4],[74.0,30.5],[74.1,30.5],[74.1,30.6],[74.1,30.7],[74.2,30.7],[74.2,30.8],[74.3,30.8],[74.3,30.9],[74.4,30.9],[74.5,31.0],[74.6,31.0],[74.6,31.1],[74.7,31.1],[74.6,31.1],[74.5,31.1],[74.5,31.2],[74.5,31.3],[74.6,31.4],[74.6,31.5],[74.6,31.6],[74.5,31.7],[74.5,31.8],[74.6,31.8],[74.6,31.9],[74.7,31.9],[74.7,32.0],[74.8,31.9],[74.8,32.0],[74.9,32.0],[75.0,32.0],[75.0,32.1],[75.1,32.1],[75.2,32.1],[75.3,32.2],[75.3,32.1],[75.3,32.2],[75.4,32.3],[75.3,32.3],[75.2,32.4],[75.1,32.4],[75.1,32.5],[75.0,32.5],[74.9,32.4],[74.8,32.5],[74.7,32.5],[74.6,32.6],[74.7,32.6],[74.7,32.7],[74.6,32.7],[74.7,32.7],[74.7,32.8],[74.6,32.8],[74.5,32.7],[74.5,32.8],[74.4,32.8],[74.3,32.8],[74.3,32.9],[74.3,33.0],[74.2,33.0],[74.1,33.1],[74.0,33.2],[74.0,33.3],[74.1,33.3],[74.1,33.4],[74.2,33.5],[74.1,33.5],[74.1,33.6],[74.0,33.6],[74.0,33.7],[74.0,33.8],[74.1,33.8],[74.2,33.9],[74.3,33.9],[74.3,34.0],[74.2,34.0],[74.1,34.0],[74.0,34.0],[73.9,34.0],[73.9,34.1],[74.0,34.2],[74.0,34.3],[73.9,34.3],[73.8,34.3],[73.8,34.4],[73.8,34.5],[73.9,34.5],[73.9,34.6],[73.9,34.7],[74.0,34.7],[74.1,34.7],[74.2,34.7],[74.3,34.8],[74.4,34.8],[74.7,34.7],[75.0,34.6],[75.1,34.6],[75.2,34.6],[75.3,34.6],[75.6,34.5],[75.7,34.5],[75.8,34.5],[75.9,34.6],[76.0,34.6],[76.0,34.7],[76.1,34.7],[76.2,34.7],[76.3,34.7],[76.4,34.8],[76.5,34.8],[76.5,34.7],[76.6,34.7],[76.7,34.7],[76.7,34.8],[76.8,34.8],[76.7,34.9],[76.8,34.9],[76.9,34.9],[77.0,34.9],[77.0,35.0],[77.0,35.1],[77.4,35.3],[77.8,35.5]]],[[[93.1,13.3],[93.1,13.2],[93.1,13.1],[93.0,13.1],[93.0,13.0],[93.0,13.1],[92.9,13.1],[92.9,13.0],[93.0,13.0],[92.9,13.0],[92.9,12.9],[93.0,12.9],[93.0,12.8],[93.0,12.7],[93.0,12.6],[93.0,12.5],[92.9,12.4],[92.9,12.5],[92.9,12.4],[92.8,12.4],[92.9,12.4],[92.9,12.3],[92.9,12.2],[92.8,12.2],[92.8,12.1],[92.8,12.0],[92.7,12.0],[92.7,11.9],[92.8,11.9],[92.8,11.7],[92.7,11.7],[92.7,11.6],[92.7,11.7],[92.8,11.7],[92.8,11.6],[92.7,11.6],[92.7,11.5],[92.7,11.6],[92.6,11.6],[92.6,11.7],[92.6,11.8],[92.5,11.8],[92.5,11.9],[92.6,11.9],[92.6,12.0],[92.6,12.1],[92.6,12.2],[92.7,12.2],[92.8,12.2],[92.8,12.3],[92.7,12.3],[92.7,12.4],[92.7,12.6],[92.8,12.6],[92.8,12.7],[92.7,12.7],[92.7,12.8],[92.8,12.8],[92.8,12.9],[92.8,13.0],[92.8,13.1],[92.9,13.1],[92.9,13.2],[92.8,13.2],[92.9,13.2],[92.8,13.3],[92.9,13.3],[92.8,13.3],[92.9,13.4],[92.9,13.5],[93.0,13.6],[93.0,13.5],[93.0,13.6],[93.1,13.5],[93.1,13.4],[93.0,13.4],[93.0,13.3],[93.0,13.4],[93.0,13.3],[93.1,13.3]]],[[[93.9,7.0],[93.9,6.9],[93.9,6.8],[93.8,6.8],[93.8,6.7],[93.8,6.8],[93.8,6.9],[93.7,6.9],[93.7,7.0],[93.6,7.0],[93.6,7.1],[93.7,7.1],[93.7,7.2],[93.8,7.2],[93.9,7.2],[93.9,7.1],[93.9,7.0]]],[[[92.6,10.8],[92.6,10.7],[92.6,10.6],[92.5,10.6],[92.6,10.6],[92.5,10.5],[92.4,10.5],[92.4,10.6],[92.4,10.7],[92.4,10.8],[92.4,10.9],[92.5,10.9],[92.6,10.8]]]]},"properties":{"country":"India","iso3":"IND","entries":3,"_k":"5"}},{"type":"Feature","geometry":{"type":"MultiPolygon","coordinates":[[[[-57.6,-30.2],[-57.5,-30.2],[-57.5,-30.1],[-57.4,-30.0],[-57.3,-30.0],[-57.3,-29.8],[-57.2,-29.8],[-57.1,-29.8],[-57.0,-29.7],[-57.0,-29.6],[-56.9,-29.6],[-56.9,-29.5],[-56.8,-29.5],[-56.8,-29.4],[-56.7,-29.4],[-56.7,-29.3],[-56.7,-29.2],[-56.6,-29.2],[-56.6,-29.1],[-56.5,-29.1],[-56.4,-29.1],[-56.4,-29.0],[-56.3,-28.9],[-56.3,-28.8],[-56.2,-28.8],[-56.2,-28.7],[-56.1,-28.6],[-56.0,-28.6],[-56.0,-28.5],[-55.9,-28.5],[-55.9,-28.4],[-55.8,-28.3],[-55.8,-28.4],[-55.7,-28.4],[-55.7,-28.3],[-55.8,-28.3],[-55.8,-28.2],[-55.7,-28.2],[-55.6,-28.2],[-55.6,-28.1],[-55.5,-28.1],[-55.4,-28.1],[-55.4,-28.0],[-55.3,-28.0],[-55.3,-27.9],[-55.2,-27.9],[-55.1,-27.9],[-55.1,-27.8],[-55.0,-27.9],[-55.0,-27.8],[-55.1,-27.8],[-55.0,-27.8],[-54.9,-27.7],[-54.9,-27.6],[-54.8,-27.6],[-54.8,-27.5],[-54.8,-27.6],[-54.7,-27.6],[-54.7,-27.5],[-54.6,-27.5],[-54.5,-27.5],[-54.4,-27.5],[-54.4,-27.4],[-54.5,-27.4],[-54.4,-27.4],[-54.4,-27.5],[-54.4,-27.4],[-54.3,-27.4],[-54.2,-27.4],[-54.2,-27.3],[-54.2,-27.2],[-54.2,-27.3],[-54.1,-27.3],[-54.0,-27.2],[-54.0,-27.1],[-53.9,-27.2],[-53.9,-27.1],[-53.8,-27.2],[-53.8,-27.1],[-53.8,-27.0],[-53.7,-26.9],[-53.7,-26.8],[-53.8,-26.8],[-53.7,-26.7],[-53.8,-26.7],[-53.7,-26.7],[-53.7,-26.6],[-53.7,-26.5],[-53.7,-26.6],[-53.7,-26.5],[-53.7,-26.4],[-53.7,-26.3],[-53.7,-26.2],[-53.7,-26.1],[-53.8,-26.1],[-53.8,-26.0],[-53.8,-25.9],[-53.8,-25.8],[-53.9,-25.8],[-53.9,-25.7],[-53.9,-25.6],[-53.9,-25.7],[-54.0,-25.7],[-54.0,-25.6],[-54.1,-25.6],[-54.1,-25.5],[-54.2,-25.5],[-54.2,-25.6],[-54.3,-25.6],[-54.4,-25.6],[-54.4,-25.7],[-54.5,-25.7],[-54.5,-25.6],[-54.6,-25.6],[-54.6,-25.5],[-54.6,-25.4],[-54.5,-25.3],[-54.5,-25.2],[-54.4,-25.2],[-54.4,-25.1],[-54.5,-25.1],[-54.5,-25.0],[-54.4,-24.8],[-54.4,-24.7],[-54.3,-24.6],[-54.3,-24.5],[-54.3,-24.4],[-54.3,-24.3],[-54.3,-24.2],[-54.3,-24.1],[-54.2,-24.1],[-54.3,-24.0],[-54.4,-24.0],[-54.4,-23.9],[-54.6,-23.8],[-54.7,-23.8],[-54.8,-23.9],[-54.9,-23.9],[-54.9,-24.0],[-55.0,-24.0],[-55.1,-24.0],[-55.2,-24.0],[-55.3,-24.0],[-55.4,-24.0],[-55.4,-23.9],[-55.4,-23.7],[-55.5,-23.7],[-55.5,-23.6],[-55.5,-23.5],[-55.5,-23.4],[-55.6,-23.3],[-55.5,-23.2],[-55.6,-23.2],[-55.6,-23.1],[-55.6,-23.0],[-55.6,-22.9],[-55.7,-22.9],[-55.7,-22.8],[-55.6,-22.8],[-55.6,-22.7],[-55.6,-22.6],[-55.7,-22.6],[-55.7,-22.5],[-55.8,-22.4],[-55.9,-22.3],[-56.0,-22.3],[-56.2,-22.3],[-56.3,-22.2],[-56.4,-22.1],[-56.5,-22.1],[-56.6,-22.2],[-56.7,-22.2],[-56.6,-22.3],[-56.7,-22.3],[-56.7,-22.2],[-56.7,-22.3],[-56.7,-22.2],[-56.8,-22.2],[-56.8,-22.3],[-56.8,-22.2],[-56.8,-22.3],[-56.9,-22.3],[-56.9,-22.2],[-56.9,-22.3],[-57.0,-22.3],[-57.0,-22.2],[-57.1,-22.2],[-57.2,-22.2],[-57.3,-22.2],[-57.4,-22.2],[-57.5,-22.2],[-57.6,-22.2],[-57.6,-22.1],[-57.7,-22.1],[-57.8,-22.1],[-57.9,-22.1],[-58.0,-22.1],[-58.0,-22.0],[-57.9,-21.9],[-58.0,-21.9],[-57.9,-21.8],[-57.9,-21.7],[-57.9,-21.6],[-57.9,-21.5],[-57.9,-21.4],[-57.9,-21.3],[-57.9,-21.2],[-57.8,-21.2],[-57.8,-21.1],[-57.9,-21.1],[-57.9,-21.0],[-57.8,-21.0],[-57.8,-20.9],[-57.8,-21.0],[-57.9,-20.9],[-57.9,-20.8],[-57.9,-20.7],[-58.0,-20.7],[-58.0,-20.6],[-58.0,-20.5],[-58.0,-20.4],[-58.1,-20.4],[-58.1,-20.3],[-58.2,-20.3],[-58.2,-20.2],[-58.1,-20.2],[-58.2,-20.2],[-58.1,-20.2],[-58.1,-20.1],[-58.0,-20.1],[-58.0,-20.0],[-57.9,-20.0],[-58.0,-19.9],[-58.0,-19.8],[-58.1,-19.8],[-58.1,-19.7],[-58.1,-19.6],[-58.0,-19.5],[-58.0,-19.4],[-57.9,-19.3],[-57.8,-19.2],[-57.8,-19.1],[-57.8,-19.0],[-57.7,-19.0],[-57.7,-18.9],[-57.8,-18.9],[-57.7,-18.7],[-57.7,-18.6],[-57.6,-18.4],[-57.6,-18.3],[-57.6,-18.2],[-57.5,-18.2],[-57.6,-18.2],[-57.6,-18.1],[-57.6,-18.0],[-57.7,-17.8],[-57.7,-17.7],[-57.8,-17.7],[-57.8,-17.6],[-57.8,-17.5],[-57.9,-17.5],[-58.0,-17.5],[-58.1,-17.5],[-58.1,-17.4],[-58.2,-17.4],[-58.2,-17.3],[-58.3,-17.3],[-58.4,-17.3],[-58.4,-17.2],[-58.4,-17.1],[-58.4,-17.0],[-58.5,-16.9],[-58.5,-16.8],[-58.5,-16.7],[-58.5,-16.6],[-58.4,-16.5],[-58.3,-16.5],[-58.4,-16.4],[-58.3,-16.4],[-58.3,-16.3],[-58.4,-16.3],[-58.5,-16.3],[-58.7,-16.3],[-58.9,-16.3],[-59.1,-16.3],[-59.3,-16.3],[-59.5,-16.3],[-59.7,-16.3],[-59.9,-16.3],[-60.1,-16.3],[-60.2,-16.3],[-60.2,-16.2],[-60.2,-16.1],[-60.2,-16.0],[-60.2,-15.9],[-60.2,-15.7],[-60.2,-15.5],[-60.3,-15.5],[-60.4,-15.3],[-60.5,-15.2],[-60.5,-15.1],[-60.6,-15.1],[-60.4,-15.1],[-60.3,-15.1],[-60.3,-15.0],[-60.3,-14.9],[-60.3,-14.8],[-60.3,-14.7],[-60.3,-14.6],[-60.4,-14.6],[-60.4,-14.5],[-60.3,-14.5],[-60.4,-14.4],[-60.4,-14.3],[-60.5,-14.3],[-60.5,-14.2],[-60.5,-14.1],[-60.4,-14.1],[-60.4,-14.0],[-60.4,-13.9],[-60.5,-13.9],[-60.5,-13.8],[-60.6,-13.8],[-60.6,-13.7],[-60.7,-13.7],[-60.8,-13.6],[-60.9,-13.6],[-60.9,-13.5],[-61.0,-13.5],[-61.1,-13.5],[-61.2,-13.5],[-61.3,-13.5],[-61.4,-13.5],[-61.5,-13.5],[-61.6,-13.5],[-61.7,-13.5],[-61.8,-13.5],[-61.9,-13.5],[-61.9,-13.4],[-62.0,-13.4],[-62.0,-13.3],[-62.1,-13.3],[-62.1,-13.2],[-62.1,-13.1],[-62.1,-13.2],[-62.1,-13.1],[-62.2,-13.1],[-62.3,-13.1],[-62.4,-13.1],[-62.5,-13.1],[-62.6,-13.1],[-62.6,-13.0],[-62.7,-13.0],[-62.8,-13.0],[-62.8,-12.9],[-62.9,-12.9],[-62.9,-12.8],[-62.9,-12.9],[-63.0,-12.9],[-63.0,-12.8],[-63.0,-12.7],[-63.1,-12.7],[-63.0,-12.7],[-63.1,-12.7],[-63.1,-12.6],[-63.2,-12.6],[-63.2,-12.7],[-63.3,-12.7],[-63.4,-12.7],[-63.4,-12.6],[-63.5,-12.6],[-63.5,-12.5],[-63.6,-12.5],[-63.7,-12.5],[-63.8,-12.5],[-63.9,-12.5],[-64.0,-12.5],[-64.1,-12.5],[-64.2,-12.5],[-64.3,-12.5],[-64.4,-12.5],[-64.4,-12.4],[-64.5,-12.4],[-64.5,-12.3],[-64.5,-12.2],[-64.6,-12.2],[-64.7,-12.2],[-64.7,-12.1],[-64.8,-12.1],[-64.8,-12.0],[-64.9,-12.0],[-65.0,-12.0],[-65.0,-11.9],[-65.0,-11.8],[-65.1,-11.8],[-65.1,-11.7],[-65.1,-11.8],[-65.2,-11.8],[-65.2,-11.7],[-65.2,-11.6],[-65.2,-11.5],[-65.3,-11.5],[-65.4,-11.4],[-65.3,-11.4],[-65.3,-11.3],[-65.4,-11.3],[-65.4,-11.2],[-65.4,-11.1],[-65.3,-11.1],[-65.3,-11.0],[-65.3,-10.9],[-65.3,-10.8],[-65.4,-10.8],[-65.4,-10.7],[-65.4,-10.6],[-65.4,-10.5],[-65.4,-10.4],[-65.4,-10.3],[-65.3,-10.3],[-65.3,-10.2],[-65.3,-10.1],[-65.3,-10.0],[-65.3,-9.9],[-65.3,-9.8],[-65.4,-9.7],[-65.5,-9.7],[-65.5,-9.8],[-65.6,-9.8],[-65.7,-9.8],[-65.8,-9.8],[-65.8,-9.7],[-65.8,-9.8],[-65.9,-9.8],[-66.0,-9.8],[-66.1,-9.8],[-66.2,-9.8],[-66.3,-9.8],[-66.4,-9.8],[-66.4,-9.9],[-66.5,-9.9],[-66.6,-9.9],[-66.7,-9.9],[-66.7,-10.0],[-66.8,-10.0],[-66.9,-10.1],[-67.1,-10.3],[-67.2,-10.3],[-67.3,-10.3],[-67.3,-10.4],[-67.4,-10.4],[-67.5,-10.4],[-67.5,-10.5],[-67.6,-10.5],[-67.6,-10.6],[-67.7,-10.6],[-67.7,-10.7],[-67.8,-10.7],[-67.9,-10.7],[-68.0,-10.7],[-68.1,-10.7],[-68.1,-10.8],[-68.2,-10.8],[-68.2,-10.9],[-68.3,-10.9],[-68.3,-11.0],[-68.4,-11.0],[-68.5,-11.0],[-68.5,-11.1],[-68.6,-11.1],[-68.8,-11.1],[-68.8,-11.0],[-68.9,-11.0],[-69.0,-11.0],[-69.1,-11.0],[-69.2,-11.0],[-69.3,-11.0],[-69.3,-10.9],[-69.4,-10.9],[-69.5,-11.0],[-69.6,-11.0],[-69.7,-11.0],[-69.8,-11.0],[-69.8,-10.9],[-69.9,-10.9],[-70.0,-10.9],[-70.2,-11.0],[-70.2,-11.1],[-70.3,-11.1],[-70.4,-11.1],[-70.4,-11.0],[-70.5,-11.0],[-70.5,-10.9],[-70.6,-10.9],[-70.6,-11.0],[-70.6,-10.9],[-70.6,-10.8],[-70.6,-10.7],[-70.6,-10.5],[-70.6,-10.4],[-70.6,-10.3],[-70.6,-10.2],[-70.6,-10.0],[-70.6,-9.9],[-70.6,-9.8],[-70.6,-9.7],[-70.5,-9.7],[-70.6,-9.7],[-70.6,-9.6],[-70.6,-9.5],[-70.5,-9.5],[-70.5,-9.4],[-70.6,-9.4],[-70.6,-9.5],[-70.7,-9.5],[-70.7,-9.6],[-70.8,-9.6],[-70.9,-9.7],[-71.0,-9.7],[-71.0,-9.8],[-71.1,-9.8],[-71.1,-9.9],[-71.2,-9.9],[-71.2,-10.0],[-71.3,-10.0],[-71.4,-10.0],[-71.6,-10.0],[-71.8,-10.0],[-72.0,-10.0],[-72.1,-10.0],[-72.2,-10.0],[-72.2,-9.9],[-72.2,-9.8],[-72.3,-9.8],[-72.3,-9.7],[-72.3,-9.6],[-72.3,-9.5],[-72.4,-9.5],[-72.5,-9.5],[-72.6,-9.5],[-72.6,-9.4],[-72.7,-9.4],[-72.8,-9.4],[-73.2,-9.4],[-73.1,-9.3],[-73.1,-9.2],[-73.0,-9.2],[-73.0,-9.1],[-73.0,-9.0],[-73.0,-8.9],[-73.1,-8.9],[-73.1,-8.8],[-73.2,-8.7],[-73.3,-8.7],[-73.4,-8.6],[-73.3,-8.5],[-73.4,-8.5],[-73.4,-8.4],[-73.5,-8.4],[-73.5,-8.3],[-73.6,-8.3],[-73.6,-8.2],[-73.6,-8.1],[-73.7,-8.0],[-73.8,-8.0],[-73.8,-7.9],[-73.7,-7.9],[-73.7,-7.8],[-73.8,-7.8],[-73.8,-7.7],[-74.0,-7.6],[-74.0,-7.5],[-73.9,-7.5],[-73.9,-7.4],[-74.0,-7.4],[-73.9,-7.4],[-73.8,-7.3],[-73.7,-7.3],[-73.7,-7.2],[-73.8,-7.1],[-73.8,-7.0],[-73.8,-6.9],[-73.7,-6.9],[-73.7,-6.8],[-73.6,-6.8],[-73.6,-6.7],[-73.5,-6.7],[-73.4,-6.6],[-73.3,-6.6],[-73.2,-6.6],[-73.2,-6.5],[-73.1,-6.5],[-73.1,-6.4],[-73.2,-6.3],[-73.2,-6.2],[-73.2,-6.1],[-73.2,-6.0],[-73.1,-5.9],[-73.1,-5.8],[-73.0,-5.7],[-73.0,-5.6],[-73.0,-5.5],[-73.0,-5.4],[-72.9,-5.4],[-72.9,-5.3],[-72.9,-5.2],[-72.9,-5.1],[-72.8,-5.1],[-72.7,-5.1],[-72.6,-5.1],[-72.6,-5.0],[-72.5,-5.0],[-72.5,-4.9],[-72.4,-4.9],[-72.4,-4.8],[-72.3,-4.8],[-72.2,-4.7],[-72.1,-4.7],[-72.1,-4.6],[-72.0,-4.6],[-71.9,-4.5],[-71.8,-4.5],[-71.7,-4.5],[-71.6,-4.5],[-71.5,-4.5],[-71.5,-4.4],[-71.4,-4.4],[-71.4,-4.5],[-71.3,-4.5],[-71.3,-4.4],[-71.2,-4.4],[-71.1,-4.4],[-71.0,-4.4],[-71.0,-4.3],[-71.0,-4.4],[-70.9,-4.4],[-70.9,-4.3],[-70.9,-4.2],[-70.8,-4.2],[-70.7,-4.2],[-70.7,-4.1],[-70.6,-4.1],[-70.6,-4.2],[-70.6,-4.1],[-70.5,-4.1],[-70.5,-4.2],[-70.5,-4.1],[-70.4,-4.1],[-70.4,-4.2],[-70.3,-4.1],[-70.3,-4.2],[-70.3,-4.3],[-70.2,-4.3],[-70.1,-4.3],[-70.0,-4.3],[-70.0,-4.2],[-69.9,-4.2],[-69.9,-4.0],[-69.9,-3.9],[-69.9,-3.7],[-69.8,-3.6],[-69.8,-3.4],[-69.8,-3.2],[-69.7,-3.1],[-69.7,-2.9],[-69.7,-2.8],[-69.7,-2.6],[-69.6,-2.4],[-69.6,-2.3],[-69.6,-2.1],[-69.5,-1.9],[-69.5,-1.8],[-69.5,-1.6],[-69.5,-1.5],[-69.4,-1.4],[-69.4,-1.3],[-69.4,-1.2],[-69.4,-1.1],[-69.4,-1.0],[-69.5,-1.0],[-69.5,-0.9],[-69.6,-0.9],[-69.6,-0.8],[-69.6,-0.7],[-69.6,-0.6],[-69.6,-0.5],[-69.7,-0.5],[-69.8,-0.4],[-69.9,-0.4],[-69.9,-0.3],[-70.0,-0.3],[-70.0,-0.2],[-70.1,-0.2],[-70.1,-0.1],[-70.1,-0.0],[-70.1,0.1],[-70.1,0.2],[-70.1,0.3],[-70.1,0.4],[-70.1,0.5],[-70.1,0.6],[-70.0,0.6],[-69.9,0.6],[-69.8,0.6],[-69.7,0.6],[-69.7,0.7],[-69.6,0.7],[-69.5,0.7],[-69.4,0.7],[-69.4,0.6],[-69.3,0.7],[-69.3,0.6],[-69.2,0.6],[-69.1,0.6],[-69.1,0.7],[-69.2,0.7],[-69.2,0.8],[-69.2,0.9],[-69.2,1.0],[-69.3,1.0],[-69.3,1.1],[-69.4,1.1],[-69.4,1.0],[-69.5,1.0],[-69.5,1.1],[-69.6,1.1],[-69.7,1.1],[-69.8,1.1],[-69.9,1.1],[-69.9,1.2],[-69.9,1.3],[-69.9,1.4],[-69.8,1.5],[-69.8,1.6],[-69.8,1.7],[-69.9,1.7],[-69.8,1.7],[-69.7,1.7],[-69.6,1.7],[-69.6,1.8],[-69.5,1.8],[-69.4,1.7],[-69.3,1.7],[-69.2,1.7],[-69.0,1.7],[-68.8,1.7],[-68.6,1.7],[-68.4,1.7],[-68.3,1.7],[-68.2,1.7],[-68.2,1.8],[-68.3,1.8],[-68.3,1.9],[-68.2,2.0],[-68.1,2.0],[-68.1,1.9],[-68.1,1.8],[-68.0,1.8],[-68.0,1.7],[-67.9,1.7],[-67.9,1.8],[-67.8,1.8],[-67.7,2.0],[-67.6,2.1],[-67.5,2.1],[-67.4,2.1],[-67.3,2.1],[-67.3,2.0],[-67.3,1.9],[-67.2,1.8],[-67.1,1.7],[-67.1,1.6],[-67.1,1.5],[-67.1,1.3],[-67.1,1.2],[-67.0,1.2],[-66.9,1.2],[-66.8,1.2],[-66.7,1.1],[-66.7,1.0],[-66.6,1.0],[-66.5,0.9],[-66.4,0.8],[-66.3,0.8],[-66.3,0.7],[-66.2,0.8],[-66.2,0.7],[-66.1,0.7],[-66.1,0.8],[-66.0,0.8],[-65.9,0.9],[-65.8,0.9],[-65.7,1.0],[-65.6,1.0],[-65.5,0.9],[-65.5,0.8],[-65.6,0.8],[-65.6,0.7],[-65.5,0.6],[-65.5,0.7],[-65.4,0.7],[-65.4,0.8],[-65.3,0.9],[-65.2,0.9],[-65.2,1.0],[-65.2,1.1],[-65.1,1.1],[-65.0,1.1],[-65.0,1.2],[-64.9,1.2],[-64.9,1.3],[-64.8,1.3],[-64.8,1.2],[-64.7,1.2],[-64.6,1.3],[-64.6,1.4],[-64.5,1.4],[-64.5,1.5],[-64.4,1.5],[-64.4,1.4],[-64.3,1.4],[-64.2,1.5],[-64.2,1.6],[-64.1,1.6],[-64.1,1.7],[-64.1,1.8],[-64.1,1.9],[-64.0,1.9],[-64.0,2.0],[-63.9,2.0],[-63.8,2.0],[-63.6,2.1],[-63.5,2.1],[-63.4,2.1],[-63.4,2.2],[-63.4,2.3],[-63.4,2.4],[-63.5,2.4],[-63.6,2.4],[-63.7,2.4],[-63.8,2.4],[-64.0,2.5],[-64.1,2.5],[-64.0,2.6],[-64.0,2.7],[-64.0,2.8],[-64.1,2.9],[-64.1,3.0],[-64.2,3.1],[-64.2,3.2],[-64.2,3.3],[-64.2,3.4],[-64.2,3.5],[-64.2,3.6],[-64.3,3.7],[-64.4,3.8],[-64.5,3.9],[-64.6,3.9],[-64.6,4.0],[-64.7,4.0],[-64.7,4.1],[-64.7,4.2],[-64.8,4.2],[-64.8,4.3],[-64.7,4.3],[-64.7,4.2],[-64.6,4.2],[-64.6,4.1],[-64.4,4.2],[-64.2,4.1],[-64.1,4.1],[-64.1,4.0],[-64.1,3.9],[-64.0,3.9],[-63.9,3.9],[-63.8,3.9],[-63.7,3.9],[-63.6,3.9],[-63.5,3.9],[-63.4,3.9],[-63.4,4.0],[-63.3,3.9],[-63.2,3.8],[-63.1,3.8],[-63.0,3.6],[-62.9,3.6],[-62.8,3.6],[-62.7,3.7],[-62.7,3.8],[-62.8,3.8],[-62.8,3.9],[-62.8,4.0],[-62.7,4.0],[-62.6,4.0],[-62.5,4.1],[-62.5,4.2],[-62.4,4.2],[-62.2,4.1],[-62.1,4.1],[-62.0,4.2],[-61.9,4.1],[-61.9,4.2],[-61.8,4.2],[-61.7,4.3],[-61.6,4.2],[-61.6,4.3],[-61.6,4.2],[-61.6,4.3],[-61.5,4.3],[-61.5,4.4],[-61.4,4.4],[-61.3,4.4],[-61.3,4.5],[-61.2,4.5],[-61.1,4.5],[-61.0,4.5],[-60.9,4.6],[-60.9,4.7],[-60.8,4.8],[-60.7,4.8],[-60.6,4.9],[-60.6,5.0],[-60.7,5.2],[-60.6,5.2],[-60.5,5.2],[-60.4,5.2],[-60.3,5.2],[-60.3,5.3],[-60.2,5.3],[-60.2,5.2],[-60.1,5.2],[-60.1,5.1],[-60.0,5.1],[-60.0,5.0],[-60.0,4.9],[-60.0,4.8],[-60.0,4.7],[-60.1,4.7],[-60.1,4.6],[-60.2,4.6],[-60.2,4.5],[-60.1,4.5],[-60.0,4.5],[-59.9,4.5],[-59.8,4.5],[-59.8,4.4],[-59.7,4.4],[-59.7,4.3],[-59.7,4.2],[-59.6,4.1],[-59.7,4.1],[-59.6,4.0],[-59.5,4.0],[-59.5,3.9],[-59.6,3.9],[-59.6,3.8],[-59.7,3.8],[-59.7,3.7],[-59.8,3.6],[-59.9,3.6],[-59.8,3.5],[-59.8,3.4],[-59.8,3.3],[-59.9,3.3],[-59.9,3.2],[-59.9,3.1],[-60.0,3.1],[-60.0,3.0],[-60.0,2.9],[-60.0,2.7],[-60.0,2.6],[-59.9,2.6],[-59.9,2.5],[-59.9,2.4],[-59.9,2.3],[-59.8,2.3],[-59.7,2.3],[-59.7,2.2],[-59.7,2.1],[-59.8,2.1],[-59.7,2.0],[-59.8,1.9],[-59.7,1.9],[-59.7,1.8],[-59.6,1.8],[-59.7,1.8],[-59.7,1.7],[-59.6,1.7],[-59.5,1.7],[-59.5,1.6],[-59.4,1.6],[-59.4,1.5],[-59.3,1.5],[-59.3,1.4],[-59.2,1.4],[-59.0,1.3],[-58.9,1.3],[-58.9,1.2],[-58.8,1.2],[-58.7,1.2],[-58.7,1.3],[-58.6,1.3],[-58.5,1.3],[-58.5,1.4],[-58.5,1.5],[-58.4,1.5],[-58.4,1.6],[-58.3,1.6],[-58.2,1.6],[-58.2,1.5],[-58.1,1.5],[-58.0,1.5],[-58.0,1.6],[-58.0,1.7],[-57.9,1.6],[-57.9,1.7],[-57.8,1.7],[-57.7,1.7],[-57.6,1.7],[-57.5,1.7],[-57.5,1.8],[-57.4,1.9],[-57.4,2.0],[-57.3,2.0],[-57.2,1.9],[-57.2,2.0],[-57.1,2.0],[-57.1,1.9],[-57.0,1.9],[-56.9,1.9],[-56.8,1.9],[-56.7,1.9],[-56.6,1.9],[-56.5,1.9],[-56.4,1.9],[-56.3,1.9],[-56.2,1.9],[-56.1,1.9],[-56.1,1.8],[-56.0,1.8],[-56.0,1.9],[-55.9,1.9],[-55.9,2.0],[-55.9,2.1],[-56.0,2.1],[-56.0,2.2],[-56.1,2.2],[-56.1,2.3],[-56.1,2.4],[-56.1,2.3],[-56.0,2.4],[-56.0,2.5],[-55.9,2.5],[-55.8,2.4],[-55.7,2.4],[-55.6,2.4],[-55.5,2.4],[-55.4,2.4],[-55.4,2.5],[-55.3,2.5],[-55.2,2.6],[-55.1,2.6],[-55.1,2.5],[-55.0,2.6],[-55.0,2.5],[-54.9,2.4],[-54.8,2.4],[-54.8,2.5],[-54.7,2.5],[-54.7,2.4],[-54.7,2.3],[-54.6,2.3],[-54.5,2.3],[-54.5,2.2],[-54.4,2.2],[-54.3,2.2],[-54.3,2.1],[-54.2,2.2],[-54.2,2.1],[-54.1,2.1],[-54.1,2.2],[-54.0,2.2],[-53.9,2.2],[-53.9,2.3],[-53.8,2.3],[-53.8,2.4],[-53.7,2.4],[-53.7,2.3],[-53.6,2.3],[-53.5,2.3],[-53.5,2.2],[-53.5,2.3],[-53.4,2.3],[-53.3,2.3],[-53.2,2.3],[-53.2,2.2],[-53.3,2.2],[-53.1,2.2],[-53.0,2.2],[-52.9,2.2],[-52.9,2.3],[-52.8,2.3],[-52.7,2.4],[-52.6,2.5],[-52.6,2.6],[-52.5,2.7],[-52.5,2.9],[-52.4,2.9],[-52.4,3.1],[-52.4,3.2],[-52.3,3.2],[-52.2,3.2],[-52.2,3.3],[-52.1,3.5],[-52.1,3.6],[-52.0,3.6],[-52.0,3.7],[-51.9,3.7],[-51.9,3.8],[-51.8,3.9],[-51.8,4.0],[-51.7,4.0],[-51.6,4.1],[-51.6,4.2],[-51.5,4.1],[-51.5,4.0],[-51.4,3.9],[-51.4,4.0],[-51.5,4.0],[-51.5,4.1],[-51.5,4.3],[-51.6,4.4],[-51.5,4.4],[-51.4,4.4],[-51.3,4.3],[-51.2,4.2],[-51.2,4.1],[-51.2,4.0],[-51.2,3.9],[-51.2,3.8],[-51.2,3.7],[-51.2,3.6],[-51.2,3.7],[-51.1,3.8],[-51.1,3.9],[-51.1,3.7],[-51.1,3.6],[-51.1,3.5],[-51.1,3.4],[-51.0,3.2],[-51.0,3.1],[-51.0,3.0],[-51.0,2.9],[-50.9,2.9],[-50.9,2.8],[-50.9,2.7],[-50.8,2.6],[-50.8,2.5],[-50.8,2.4],[-50.7,2.4],[-50.7,2.3],[-50.7,2.2],[-50.7,2.1],[-50.8,2.1],[-50.8,2.2],[-50.8,2.1],[-50.8,2.0],[-50.7,2.1],[-50.6,2.1],[-50.6,2.0],[-50.5,1.9],[-50.5,1.8],[-50.4,1.8],[-50.3,1.8],[-50.2,1.8],[-50.1,1.8],[-50.0,1.8],[-50.0,1.7],[-49.9,1.7],[-49.9,1.6],[-49.9,1.5],[-49.9,1.4],[-49.9,1.3],[-50.0,1.2],[-50.1,1.2],[-50.0,1.2],[-49.9,1.2],[-49.9,1.1],[-50.0,1.1],[-50.1,1.0],[-50.1,0.9],[-50.2,0.9],[-50.3,0.9],[-50.3,0.8],[-50.3,0.7],[-50.4,0.7],[-50.5,0.7],[-50.5,0.6],[-50.6,0.4],[-50.7,0.3],[-50.8,0.2],[-50.9,0.2],[-51.0,0.1],[-51.1,-0.0],[-51.2,-0.0],[-51.2,-0.1],[-51.3,-0.1],[-51.3,-0.2],[-51.3,-0.3],[-51.4,-0.3],[-51.4,-0.4],[-51.4,-0.5],[-51.5,-0.5],[-51.6,-0.5],[-51.6,-0.6],[-51.5,-0.5],[-51.5,-0.6],[-51.6,-0.6],[-51.6,-0.7],[-51.7,-0.7],[-51.7,-0.8],[-51.7,-0.9],[-51.7,-1.0],[-51.8,-1.1],[-51.9,-1.2],[-51.9,-1.3],[-52.0,-1.4],[-52.1,-1.4],[-52.2,-1.4],[-52.2,-1.3],[-52.2,-1.4],[-52.3,-1.4],[-52.4,-1.4],[-52.5,-1.5],[-52.6,-1.5],[-52.7,-1.5],[-52.7,-1.6],[-52.6,-1.6],[-52.4,-1.6],[-52.3,-1.6],[-52.3,-1.5],[-52.2,-1.6],[-52.3,-1.6],[-52.3,-1.7],[-52.2,-1.7],[-52.2,-1.6],[-52.1,-1.6],[-52.0,-1.6],[-51.9,-1.6],[-51.7,-1.4],[-51.6,-1.4],[-51.5,-1.3],[-51.4,-1.3],[-51.4,-1.2],[-51.3,-1.2],[-51.3,-1.3],[-51.3,-1.2],[-51.2,-1.2],[-51.2,-1.1],[-51.0,-1.0],[-51.0,-0.9],[-50.9,-1.0],[-50.9,-0.9],[-51.0,-0.9],[-50.9,-0.9],[-50.8,-0.9],[-50.8,-1.0],[-50.8,-1.1],[-50.9,-1.1],[-51.0,-1.1],[-50.8,-1.2],[-50.8,-1.3],[-50.8,-1.4],[-50.8,-1.5],[-50.8,-1.6],[-50.7,-1.6],[-50.7,-1.7],[-50.7,-1.8],[-50.7,-1.7],[-50.7,-1.8],[-50.8,-1.8],[-50.8,-1.9],[-50.9,-1.9],[-50.8,-2.0],[-50.8,-1.9],[-50.7,-1.9],[-50.7,-1.8],[-50.6,-1.8],[-50.6,-1.9],[-50.5,-1.9],[-50.5,-2.0],[-50.5,-1.9],[-50.4,-1.9],[-50.4,-2.0],[-50.5,-2.0],[-50.4,-2.0],[-50.4,-2.1],[-50.4,-2.0],[-50.3,-1.9],[-50.2,-1.9],[-50.1,-1.9],[-50.1,-1.8],[-50.0,-1.8],[-49.9,-1.8],[-49.9,-1.9],[-49.9,-2.0],[-49.9,-1.9],[-49.9,-2.0],[-49.9,-2.1],[-49.9,-2.0],[-49.8,-2.1],[-49.8,-2.0],[-49.8,-1.9],[-49.7,-1.9],[-49.6,-2.0],[-49.6,-1.9],[-49.7,-1.9],[-49.6,-1.9],[-49.6,-1.8],[-49.5,-1.9],[-49.5,-1.8],[-49.4,-1.8],[-49.5,-1.8],[-49.5,-1.9],[-49.4,-1.9],[-49.4,-2.0],[-49.4,-2.1],[-49.4,-2.2],[-49.5,-2.2],[-49.5,-2.3],[-49.5,-2.4],[-49.6,-2.4],[-49.5,-2.4],[-49.5,-2.5],[-49.6,-2.6],[-49.7,-2.6],[-49.7,-2.7],[-49.6,-2.7],[-49.5,-2.6],[-49.5,-2.5],[-49.4,-2.5],[-49.4,-2.4],[-49.3,-2.2],[-49.3,-2.1],[-49.2,-1.9],[-49.1,-1.9],[-49.1,-1.8],[-49.1,-1.7],[-49.0,-1.7],[-49.0,-1.6],[-48.9,-1.6],[-48.9,-1.7],[-49.0,-1.8],[-48.9,-1.8],[-48.9,-1.7],[-48.8,-1.6],[-48.7,-1.5],[-48.7,-1.4],[-48.6,-1.4],[-48.6,-1.5],[-48.5,-1.6],[-48.4,-1.6],[-48.4,-1.7],[-48.4,-1.6],[-48.5,-1.5],[-48.4,-1.5],[-48.3,-1.5],[-48.4,-1.5],[-48.5,-1.5],[-48.5,-1.4],[-48.5,-1.3],[-48.5,-1.2],[-48.4,-1.2],[-48.4,-1.3],[-48.3,-1.3],[-48.3,-1.2],[-48.3,-1.1],[-48.2,-1.1],[-48.3,-1.1],[-48.3,-1.0],[-48.2,-1.0],[-48.2,-0.9],[-48.1,-0.9],[-48.1,-0.8],[-48.2,-0.8],[-48.1,-0.7],[-48.0,-0.7],[-48.0,-0.8],[-47.9,-0.7],[-47.8,-0.7],[-47.8,-0.6],[-47.7,-0.6],[-47.7,-0.7],[-47.7,-0.8],[-47.7,-0.7],[-47.6,-0.7],[-47.6,-0.6],[-47.5,-0.6],[-47.5,-0.7],[-47.5,-0.8],[-47.4,-0.8],[-47.4,-0.7],[-47.5,-0.7],[-47.5,-0.6],[-47.4,-0.6],[-47.5,-0.6],[-47.4,-0.6],[-47.4,-0.7],[-47.4,-0.6],[-47.4,-0.7],[-47.4,-0.6],[-47.3,-0.6],[-47.3,-0.7],[-47.3,-0.6],[-47.2,-0.7],[-47.3,-0.7],[-47.2,-0.7],[-47.2,-0.6],[-47.2,-0.7],[-47.2,-0.8],[-47.1,-0.8],[-47.1,-0.7],[-47.1,-0.8],[-47.1,-0.7],[-47.1,-0.8],[-47.1,-0.7],[-47.1,-0.8],[-47.0,-0.8],[-47.1,-0.8],[-47.1,-0.9],[-47.1,-0.8],[-47.0,-0.8],[-47.0,-0.7],[-47.0,-0.8],[-46.9,-0.8],[-47.0,-0.9],[-46.9,-0.9],[-47.0,-0.9],[-46.9,-0.9],[-46.9,-0.8],[-46.8,-0.8],[-46.9,-0.8],[-46.8,-0.7],[-46.8,-0.8],[-46.8,-0.9],[-46.8,-0.8],[-46.8,-0.9],[-46.8,-0.8],[-46.7,-0.8],[-46.7,-0.9],[-46.7,-0.8],[-46.7,-0.9],[-46.6,-0.9],[-46.7,-0.8],[-46.6,-0.8],[-46.6,-0.9],[-46.7,-0.9],[-46.7,-1.0],[-46.6,-1.0],[-46.6,-0.9],[-46.5,-0.9],[-46.4,-0.9],[-46.5,-0.9],[-46.5,-1.0],[-46.4,-1.0],[-46.4,-1.1],[-46.4,-1.0],[-46.3,-1.0],[-46.3,-1.1],[-46.3,-1.0],[-46.3,-1.1],[-46.2,-1.1],[-46.3,-1.1],[-46.3,-1.0],[-46.3,-0.9],[-46.2,-0.9],[-46.2,-1.0],[-46.2,-1.1],[-46.3,-1.2],[-46.2,-1.1],[-46.2,-1.2],[-46.2,-1.1],[-46.1,-1.1],[-46.1,-1.2],[-46.1,-1.1],[-46.1,-1.2],[-46.0,-1.2],[-46.1,-1.2],[-46.0,-1.2],[-46.0,-1.1],[-45.9,-1.1],[-46.0,-1.1],[-46.0,-1.2],[-45.9,-1.3],[-45.9,-1.2],[-45.9,-1.1],[-45.9,-1.2],[-45.9,-1.3],[-45.9,-1.2],[-45.9,-1.3],[-45.8,-1.3],[-45.8,-1.2],[-45.8,-1.3],[-45.8,-1.2],[-45.7,-1.2],[-45.7,-1.1],[-45.7,-1.2],[-45.7,-1.3],[-45.7,-1.2],[-45.7,-1.3],[-45.7,-1.4],[-45.6,-1.4],[-45.6,-1.3],[-45.5,-1.3],[-45.6,-1.3],[-45.5,-1.3],[-45.6,-1.3],[-45.6,-1.4],[-45.5,-1.4],[-45.5,-1.3],[-45.5,-1.4],[-45.5,-1.3],[-45.4,-1.3],[-45.4,-1.4],[-45.5,-1.4],[-45.5,-1.5],[-45.4,-1.5],[-45.5,-1.5],[-45.4,-1.4],[-45.4,-1.5],[-45.4,-1.4],[-45.4,-1.3],[-45.3,-1.3],[-45.3,-1.4],[-45.3,-1.5],[-45.4,-1.5],[-45.4,-1.6],[-45.4,-1.5],[-45.4,-1.6],[-45.3,-1.6],[-45.4,-1.7],[-45.3,-1.7],[-45.2,-1.7],[-45.2,-1.6],[-45.3,-1.6],[-45.2,-1.6],[-45.2,-1.5],[-45.1,-1.5],[-45.1,-1.4],[-45.1,-1.5],[-45.0,-1.5],[-45.0,-1.6],[-45.0,-1.5],[-44.9,-1.5],[-44.9,-1.4],[-44.8,-1.5],[-44.9,-1.5],[-44.9,-1.6],[-45.0,-1.6],[-44.9,-1.6],[-44.9,-1.7],[-44.9,-1.6],[-44.8,-1.6],[-44.9,-1.6],[-44.8,-1.6],[-44.8,-1.7],[-44.8,-1.8],[-44.8,-1.7],[-44.8,-1.8],[-44.8,-1.7],[-44.7,-1.7],[-44.8,-1.8],[-44.7,-1.8],[-44.7,-1.7],[-44.6,-1.7],[-44.6,-1.8],[-44.7,-1.8],[-44.6,-1.8],[-44.6,-1.9],[-44.6,-1.8],[-44.5,-1.8],[-44.5,-1.9],[-44.6,-1.9],[-44.5,-1.9],[-44.5,-2.0],[-44.6,-2.0],[-44.5,-2.0],[-44.5,-2.1],[-44.6,-2.1],[-44.6,-2.2],[-44.6,-2.1],[-44.6,-2.2],[-44.7,-2.2],[-44.7,-2.3],[-44.8,-2.3],[-44.7,-2.3],[-44.7,-2.4],[-44.6,-2.4],[-44.7,-2.4],[-44.7,-2.3],[-44.6,-2.3],[-44.6,-2.2],[-44.5,-2.2],[-44.5,-2.1],[-44.4,-2.2],[-44.4,-2.3],[-44.4,-2.4],[-44.5,-2.4],[-44.6,-2.4],[-44.5,-2.4],[-44.5,-2.5],[-44.6,-2.5],[-44.6,-2.6],[-44.7,-2.6],[-44.6,-2.6],[-44.6,-2.5],[-44.5,-2.5],[-44.5,-2.6],[-44.6,-2.6],[-44.6,-2.7],[-44.6,-2.8],[-44.7,-2.9],[-44.7,-3.0],[-44.6,-3.0],[-44.6,-3.1],[-44.7,-3.1],[-44.7,-3.2],[-44.8,-3.2],[-44.8,-3.3],[-44.8,-3.2],[-44.7,-3.2],[-44.6,-3.2],[-44.6,-3.1],[-44.5,-3.0],[-44.4,-3.0],[-44.4,-2.9],[-44.4,-2.8],[-44.4,-2.7],[-44.4,-2.6],[-44.4,-2.7],[-44.4,-2.5],[-44.3,-2.5],[-44.3,-2.6],[-44.3,-2.5],[-44.2,-2.5],[-44.1,-2.4],[-44.0,-2.4],[-44.1,-2.4],[-44.1,-2.5],[-44.0,-2.5],[-44.0,-2.6],[-44.1,-2.6],[-44.1,-2.7],[-44.2,-2.7],[-44.3,-2.7],[-44.3,-2.8],[-44.2,-2.8],[-44.2,-2.9],[-44.2,-2.8],[-44.2,-2.9],[-44.2,-2.8],[-44.1,-2.8],[-44.1,-2.7],[-44.1,-2.8],[-44.1,-2.7],[-44.0,-2.7],[-44.0,-2.6],[-43.9,-2.6],[-44.0,-2.6],[-43.9,-2.6],[-43.9,-2.5],[-43.9,-2.6],[-43.8,-2.6],[-43.8,-2.5],[-43.7,-2.5],[-43.7,-2.6],[-43.7,-2.5],[-43.6,-2.5],[-43.7,-2.5],[-43.6,-2.5],[-43.5,-2.5],[-43.6,-2.5],[-43.5,-2.5],[-43.6,-2.5],[-43.5,-2.4],[-43.5,-2.5],[-43.5,-2.6],[-43.4,-2.5],[-43.5,-2.5],[-43.4,-2.5],[-43.5,-2.5],[-43.5,-2.4],[-43.4,-2.5],[-43.4,-2.4],[-43.5,-2.4],[-43.5,-2.3],[-43.4,-2.3],[-43.3,-2.3],[-43.3,-2.4],[-43.2,-2.4],[-43.1,-2.4],[-43.0,-2.5],[-42.9,-2.5],[-42.8,-2.5],[-42.8,-2.6],[-42.7,-2.6],[-42.6,-2.6],[-42.6,-2.7],[-42.5,-2.7],[-42.5,-2.8],[-42.4,-2.7],[-42.4,-2.8],[-42.3,-2.8],[-42.2,-2.8],[-42.1,-2.8],[-42.0,-2.8],[-41.9,-2.8],[-42.0,-2.8],[-42.0,-2.7],[-41.9,-2.7],[-41.8,-2.7],[-41.8,-2.8],[-41.8,-2.7],[-41.8,-2.8],[-41.7,-2.8],[-41.7,-2.9],[-41.6,-2.9],[-41.5,-2.9],[-41.4,-2.9],[-41.5,-2.9],[-41.4,-2.9],[-41.5,-2.9],[-41.4,-2.9],[-41.3,-2.9],[-41.3,-3.0],[-41.2,-3.0],[-41.3,-2.9],[-41.2,-2.9],[-41.1,-2.9],[-40.9,-2.9],[-40.8,-2.9],[-40.8,-2.8],[-40.6,-2.8],[-40.5,-2.8],[-40.4,-2.8],[-40.3,-2.8],[-40.2,-2.8],[-40.1,-2.8],[-40.0,-2.8],[-39.9,-2.9],[-39.8,-3.0],[-39.7,-3.0],[-39.6,-3.0],[-39.6,-3.1],[-39.5,-3.1],[-39.4,-3.2],[-39.3,-3.2],[-39.3,-3.3],[-39.2,-3.3],[-39.1,-3.3],[-39.1,-3.4],[-39.0,-3.4],[-38.9,-3.4],[-38.9,-3.5],[-38.8,-3.5],[-38.8,-3.6],[-38.7,-3.6],[-38.7,-3.7],[-38.6,-3.7],[-38.5,-3.7],[-38.4,-3.8],[-38.4,-3.9],[-38.3,-3.9],[-38.3,-4.0],[-38.2,-4.1],[-38.1,-4.2],[-38.0,-4.2],[-37.9,-4.3],[-37.9,-4.4],[-37.8,-4.4],[-37.7,-4.5],[-37.6,-4.6],[-37.5,-4.6],[-37.4,-4.7],[-37.3,-4.7],[-37.2,-4.8],[-37.2,-4.9],[-37.1,-4.9],[-37.0,-4.9],[-36.9,-4.9],[-36.8,-5.0],[-36.8,-5.1],[-36.7,-5.1],[-36.6,-5.1],[-36.5,-5.1],[-36.6,-5.1],[-36.5,-5.1],[-36.4,-5.1],[-36.3,-5.1],[-36.1,-5.1],[-36.0,-5.1],[-36.0,-5.0],[-35.9,-5.1],[-35.8,-5.1],[-35.7,-5.1],[-35.6,-5.1],[-35.5,-5.1],[-35.5,-5.2],[-35.4,-5.2],[-35.4,-5.3],[-35.3,-5.4],[-35.3,-5.5],[-35.2,-5.5],[-35.2,-5.6],[-35.2,-5.7],[-35.2,-5.8],[-35.2,-5.9],[-35.1,-5.9],[-35.1,-6.0],[-35.1,-6.1],[-35.1,-6.2],[-35.2,-6.2],[-35.1,-6.2],[-35.0,-6.2],[-35.0,-6.3],[-35.0,-6.4],[-35.0,-6.5],[-35.0,-6.6],[-35.0,-6.7],[-34.9,-6.7],[-34.9,-6.8],[-34.9,-6.9],[-34.9,-7.0],[-34.9,-7.1],[-34.8,-7.0],[-34.8,-7.1],[-34.8,-7.2],[-34.8,-7.4],[-34.8,-7.5],[-34.9,-7.5],[-34.9,-7.6],[-34.8,-7.6],[-34.8,-7.7],[-34.8,-7.6],[-34.8,-7.7],[-34.9,-7.6],[-34.9,-7.7],[-34.9,-7.8],[-34.8,-7.8],[-34.8,-7.9],[-34.8,-8.0],[-34.8,-8.1],[-34.9,-8.1],[-34.9,-8.0],[-34.9,-8.1],[-34.9,-8.2],[-34.9,-8.3],[-34.9,-8.4],[-35.0,-8.4],[-35.0,-8.6],[-35.1,-8.7],[-35.1,-8.8],[-35.1,-8.9],[-35.2,-9.0],[-35.3,-9.1],[-35.3,-9.2],[-35.4,-9.3],[-35.5,-9.3],[-35.5,-9.4],[-35.6,-9.5],[-35.6,-9.6],[-35.7,-9.6],[-35.7,-9.7],[-35.8,-9.7],[-35.7,-9.7],[-35.7,-9.6],[-35.8,-9.6],[-35.8,-9.7],[-35.9,-9.7],[-35.9,-9.6],[-36.0,-9.6],[-35.9,-9.6],[-35.9,-9.7],[-35.9,-9.8],[-35.9,-9.7],[-35.8,-9.7],[-35.9,-9.8],[-35.9,-9.9],[-36.0,-10.0],[-36.0,-10.1],[-36.1,-10.1],[-36.1,-10.2],[-36.3,-10.2],[-36.3,-10.3],[-36.3,-10.4],[-36.4,-10.5],[-36.5,-10.5],[-36.6,-10.6],[-36.8,-10.7],[-36.9,-10.8],[-37.0,-10.8],[-37.0,-10.9],[-37.0,-11.0],[-37.1,-11.0],[-37.1,-11.1],[-37.2,-11.1],[-37.2,-11.0],[-37.3,-11.0],[-37.3,-11.1],[-37.2,-11.1],[-37.2,-11.2],[-37.1,-11.2],[-37.2,-11.2],[-37.2,-11.3],[-37.3,-11.3],[-37.3,-11.4],[-37.4,-11.4],[-37.4,-11.3],[-37.3,-11.3],[-37.3,-11.2],[-37.3,-11.3],[-37.3,-11.2],[-37.3,-11.3],[-37.4,-11.3],[-37.4,-11.4],[-37.5,-11.4],[-37.4,-11.4],[-37.4,-11.5],[-37.5,-11.5],[-37.4,-11.5],[-37.4,-11.6],[-37.5,-11.7],[-37.5,-11.8],[-37.6,-11.9],[-37.6,-12.0],[-37.7,-12.0],[-37.7,-12.1],[-37.8,-12.3],[-37.9,-12.4],[-37.9,-12.5],[-38.0,-12.6],[-38.1,-12.6],[-38.1,-12.7],[-38.2,-12.8],[-38.3,-12.9],[-38.3,-13.0],[-38.4,-13.0],[-38.5,-13.0],[-38.5,-12.9],[-38.5,-12.8],[-38.5,-12.7],[-38.6,-12.7],[-38.6,-12.6],[-38.7,-12.6],[-38.7,-12.7],[-38.8,-12.7],[-38.7,-12.7],[-38.8,-12.8],[-38.9,-12.8],[-38.9,-12.7],[-38.8,-12.7],[-38.9,-12.7],[-38.9,-12.8],[-38.9,-12.9],[-38.8,-12.9],[-38.8,-12.8],[-38.8,-12.9],[-38.7,-12.9],[-38.8,-12.9],[-38.8,-13.0],[-38.8,-13.1],[-38.9,-13.1],[-38.8,-13.1],[-38.8,-13.2],[-38.9,-13.2],[-39.0,-13.3],[-39.0,-13.4],[-39.0,-13.3],[-39.1,-13.4],[-39.1,-13.5],[-39.1,-13.6],[-39.1,-13.5],[-39.0,-13.5],[-39.0,-13.6],[-39.0,-13.7],[-39.0,-13.8],[-39.1,-13.8],[-39.1,-13.7],[-39.1,-13.8],[-39.0,-13.8],[-39.0,-13.9],[-39.1,-13.9],[-39.0,-13.9],[-39.0,-14.0],[-39.0,-14.1],[-39.1,-14.1],[-39.1,-14.2],[-39.0,-14.2],[-39.1,-14.1],[-39.0,-14.1],[-39.0,-14.0],[-39.0,-13.9],[-38.9,-13.9],[-38.9,-14.0],[-38.9,-14.1],[-39.0,-14.1],[-39.0,-14.2],[-39.0,-14.3],[-39.0,-14.4],[-39.0,-14.5],[-39.1,-14.6],[-39.1,-14.7],[-39.1,-14.8],[-39.0,-14.8],[-39.1,-14.8],[-39.0,-14.8],[-39.0,-14.9],[-39.0,-15.0],[-39.0,-15.2],[-39.0,-15.3],[-39.0,-15.4],[-38.9,-15.6],[-38.9,-15.7],[-38.9,-15.8],[-38.9,-15.9],[-38.9,-16.0],[-38.9,-16.1],[-39.0,-16.2],[-39.0,-16.3],[-39.0,-16.4],[-39.1,-16.4],[-39.0,-16.4],[-39.1,-16.5],[-39.1,-16.7],[-39.1,-16.8],[-39.1,-16.9],[-39.1,-17.0],[-39.2,-17.1],[-39.2,-17.2],[-39.2,-17.3],[-39.2,-17.4],[-39.2,-17.5],[-39.2,-17.6],[-39.1,-17.7],[-39.3,-17.8],[-39.3,-17.9],[-39.4,-17.9],[-39.5,-17.9],[-39.5,-18.0],[-39.6,-18.2],[-39.7,-18.3],[-39.7,-18.5],[-39.7,-18.7],[-39.7,-18.9],[-39.7,-19.1],[-39.7,-19.2],[-39.7,-19.4],[-39.8,-19.6],[-39.8,-19.7],[-40.0,-19.7],[-40.0,-19.8],[-40.1,-19.9],[-40.2,-20.0],[-40.1,-20.0],[-40.2,-20.0],[-40.2,-20.1],[-40.2,-20.2],[-40.2,-20.3],[-40.3,-20.3],[-40.3,-20.2],[-40.4,-20.2],[-40.4,-20.3],[-40.3,-20.3],[-40.3,-20.4],[-40.3,-20.5],[-40.4,-20.6],[-40.5,-20.6],[-40.5,-20.7],[-40.6,-20.7],[-40.6,-20.8],[-40.7,-20.8],[-40.7,-20.9],[-40.8,-20.9],[-40.8,-21.0],[-40.8,-21.1],[-40.9,-21.2],[-41.0,-21.2],[-41.0,-21.3],[-41.0,-21.4],[-41.0,-21.5],[-41.1,-21.5],[-41.1,-21.6],[-41.0,-21.6],[-41.0,-21.7],[-41.0,-21.8],[-41.0,-21.9],[-41.0,-22.0],[-41.1,-22.1],[-41.2,-22.1],[-41.3,-22.2],[-41.5,-22.2],[-41.6,-22.2],[-41.7,-22.3],[-41.8,-22.4],[-41.9,-22.5],[-42.0,-22.5],[-42.0,-22.6],[-42.0,-22.7],[-41.9,-22.8],[-41.9,-22.7],[-41.9,-22.8],[-42.0,-22.8],[-42.0,-22.9],[-42.0,-23.0],[-42.1,-23.0],[-42.2,-23.0],[-42.4,-22.9],[-42.5,-22.9],[-42.6,-22.9],[-42.7,-22.9],[-42.7,-23.0],[-42.8,-23.0],[-42.9,-23.0],[-43.0,-23.0],[-43.1,-23.0],[-43.1,-22.9],[-43.1,-23.0],[-43.1,-22.9],[-43.1,-22.8],[-43.0,-22.8],[-43.1,-22.8],[-43.0,-22.7],[-43.1,-22.7],[-43.2,-22.7],[-43.3,-22.7],[-43.3,-22.8],[-43.2,-22.8],[-43.2,-22.9],[-43.2,-23.0],[-43.4,-23.0],[-43.5,-23.0],[-43.5,-23.1],[-43.6,-23.1],[-43.6,-23.0],[-43.9,-23.1],[-44.0,-23.1],[-44.0,-23.0],[-43.9,-23.0],[-43.9,-23.1],[-43.9,-23.0],[-43.8,-23.0],[-43.7,-23.0],[-43.6,-23.0],[-43.7,-23.0],[-43.7,-22.9],[-43.8,-22.9],[-43.9,-22.9],[-44.0,-22.9],[-44.0,-23.0],[-44.0,-22.9],[-44.1,-22.9],[-44.1,-23.0],[-44.2,-23.0],[-44.3,-23.0],[-44.4,-23.0],[-44.3,-23.0],[-44.3,-22.9],[-44.4,-22.9],[-44.4,-23.0],[-44.4,-22.9],[-44.4,-23.0],[-44.5,-23.0],[-44.6,-23.1],[-44.6,-23.0],[-44.7,-23.0],[-44.7,-23.1],[-44.7,-23.2],[-44.6,-23.2],[-44.7,-23.2],[-44.6,-23.2],[-44.6,-23.3],[-44.7,-23.3],[-44.6,-23.3],[-44.6,-23.2],[-44.6,-23.3],[-44.5,-23.3],[-44.6,-23.3],[-44.6,-23.4],[-44.6,-23.3],[-44.7,-23.3],[-44.7,-23.4],[-44.8,-23.4],[-44.9,-23.4],[-44.9,-23.3],[-45.0,-23.4],[-45.1,-23.4],[-45.0,-23.4],[-45.0,-23.5],[-45.1,-23.5],[-45.2,-23.5],[-45.1,-23.5],[-45.2,-23.5],[-45.2,-23.6],[-45.3,-23.6],[-45.4,-23.6],[-45.4,-23.7],[-45.4,-23.8],[-45.5,-23.8],[-45.6,-23.8],[-45.7,-23.8],[-45.8,-23.8],[-45.9,-23.8],[-46.0,-23.8],[-46.1,-23.8],[-46.1,-23.9],[-46.1,-23.8],[-46.2,-23.9],[-46.1,-23.9],[-46.2,-23.9],[-46.2,-24.0],[-46.3,-24.0],[-46.3,-23.9],[-46.4,-23.9],[-46.5,-23.9],[-46.4,-23.9],[-46.4,-24.0],[-46.5,-24.0],[-46.6,-24.1],[-46.7,-24.2],[-46.9,-24.2],[-46.9,-24.3],[-47.0,-24.3],[-47.0,-24.4],[-47.1,-24.4],[-47.1,-24.5],[-47.2,-24.5],[-47.4,-24.7],[-47.5,-24.7],[-47.6,-24.7],[-47.6,-24.8],[-47.8,-24.9],[-47.9,-24.9],[-47.9,-25.0],[-48.0,-25.0],[-48.1,-25.0],[-48.1,-25.1],[-48.0,-25.1],[-47.9,-25.1],[-47.9,-25.2],[-48.0,-25.2],[-48.1,-25.3],[-48.2,-25.4],[-48.2,-25.5],[-48.2,-25.4],[-48.3,-25.4],[-48.2,-25.4],[-48.2,-25.3],[-48.1,-25.3],[-48.2,-25.3],[-48.3,-25.3],[-48.3,-25.4],[-48.3,-25.3],[-48.3,-25.2],[-48.4,-25.3],[-48.4,-25.2],[-48.4,-25.3],[-48.5,-25.3],[-48.5,-25.2],[-48.5,-25.3],[-48.4,-25.3],[-48.5,-25.3],[-48.4,-25.3],[-48.4,-25.4],[-48.5,-25.4],[-48.4,-25.4],[-48.5,-25.4],[-48.5,-25.5],[-48.5,-25.4],[-48.5,-25.5],[-48.6,-25.4],[-48.6,-25.5],[-48.6,-25.4],[-48.7,-25.4],[-48.7,-25.5],[-48.6,-25.5],[-48.7,-25.5],[-48.6,-25.5],[-48.5,-25.5],[-48.5,-25.6],[-48.4,-25.6],[-48.4,-25.5],[-48.4,-25.6],[-48.5,-25.8],[-48.6,-25.8],[-48.6,-25.9],[-48.7,-25.8],[-48.7,-25.9],[-48.8,-25.9],[-48.7,-25.9],[-48.6,-25.9],[-48.6,-26.0],[-48.6,-26.1],[-48.6,-26.2],[-48.7,-26.2],[-48.8,-26.2],[-48.8,-26.1],[-48.8,-26.2],[-48.8,-26.3],[-48.7,-26.3],[-48.7,-26.4],[-48.6,-26.4],[-48.6,-26.5],[-48.7,-26.6],[-48.7,-26.7],[-48.6,-26.8],[-48.6,-26.9],[-48.6,-27.0],[-48.6,-27.1],[-48.6,-27.2],[-48.5,-27.2],[-48.5,-27.1],[-48.5,-27.2],[-48.6,-27.2],[-48.6,-27.3],[-48.6,-27.4],[-48.6,-27.5],[-48.6,-27.6],[-48.6,-27.7],[-48.6,-27.8],[-48.6,-27.9],[-48.6,-28.0],[-48.6,-28.1],[-48.7,-28.2],[-48.6,-28.2],[-48.7,-28.2],[-48.7,-28.3],[-48.7,-28.4],[-48.8,-28.4],[-48.8,-28.5],[-48.8,-28.4],[-48.8,-28.3],[-48.9,-28.3],[-48.9,-28.4],[-48.8,-28.4],[-48.8,-28.5],[-48.9,-28.5],[-48.8,-28.5],[-48.7,-28.5],[-48.8,-28.5],[-48.8,-28.6],[-48.9,-28.6],[-49.0,-28.7],[-49.1,-28.7],[-49.3,-28.9],[-49.6,-29.1],[-49.7,-29.3],[-49.8,-29.4],[-49.9,-29.5],[-49.9,-29.6],[-50.0,-29.8],[-50.2,-30.2],[-50.3,-30.3],[-50.3,-30.5],[-50.6,-30.9],[-50.7,-31.0],[-50.8,-31.1],[-50.9,-31.2],[-51.0,-31.4],[-51.2,-31.5],[-51.3,-31.6],[-51.6,-31.8],[-51.9,-31.9],[-51.9,-32.0],[-52.0,-32.1],[-52.1,-32.2],[-52.1,-32.1],[-52.0,-32.1],[-52.0,-32.0],[-52.1,-32.0],[-52.0,-32.0],[-52.0,-31.9],[-52.1,-31.9],[-52.1,-31.8],[-52.0,-31.8],[-51.9,-31.9],[-51.8,-31.9],[-51.8,-31.8],[-51.7,-31.8],[-51.6,-31.7],[-51.5,-31.6],[-51.4,-31.6],[-51.5,-31.6],[-51.5,-31.5],[-51.4,-31.5],[-51.3,-31.5],[-51.2,-31.5],[-51.2,-31.4],[-51.2,-31.3],[-51.2,-31.2],[-51.2,-31.1],[-51.1,-31.1],[-51.0,-31.1],[-50.9,-31.1],[-51.0,-31.1],[-51.0,-31.0],[-51.0,-30.9],[-50.9,-30.9],[-50.8,-30.8],[-50.7,-30.8],[-50.7,-30.7],[-50.7,-30.6],[-50.7,-30.5],[-50.7,-30.4],[-50.6,-30.4],[-50.7,-30.4],[-50.6,-30.4],[-50.6,-30.5],[-50.6,-30.4],[-50.5,-30.3],[-50.6,-30.2],[-50.7,-30.2],[-50.7,-30.3],[-50.8,-30.3],[-50.9,-30.3],[-50.9,-30.4],[-51.0,-30.4],[-51.0,-30.3],[-51.1,-30.3],[-51.1,-30.2],[-51.1,-30.3],[-51.1,-30.2],[-51.2,-30.2],[-51.2,-30.1],[-51.3,-30.1],[-51.2,-30.1],[-51.2,-30.0],[-51.3,-30.0],[-51.3,-30.1],[-51.3,-30.2],[-51.3,-30.3],[-51.2,-30.3],[-51.2,-30.4],[-51.1,-30.3],[-51.1,-30.4],[-51.2,-30.4],[-51.3,-30.5],[-51.3,-30.6],[-51.3,-30.7],[-51.3,-30.8],[-51.3,-30.7],[-51.3,-30.6],[-51.4,-30.6],[-51.4,-30.7],[-51.4,-30.8],[-51.4,-30.9],[-51.5,-30.9],[-51.5,-31.0],[-51.5,-31.1],[-51.4,-31.1],[-51.6,-31.1],[-51.6,-31.2],[-51.7,-31.2],[-51.6,-31.2],[-51.6,-31.3],[-51.7,-31.3],[-51.8,-31.3],[-51.9,-31.3],[-52.0,-31.3],[-52.0,-31.4],[-51.9,-31.4],[-52.0,-31.4],[-52.0,-31.5],[-52.0,-31.6],[-52.1,-31.6],[-52.0,-31.6],[-52.1,-31.7],[-52.2,-31.7],[-52.2,-31.8],[-52.2,-31.9],[-52.1,-31.9],[-52.2,-31.9],[-52.2,-32.0],[-52.3,-32.0],[-52.3,-32.1],[-52.2,-32.1],[-52.1,-32.1],[-52.1,-32.0],[-52.1,-32.1],[-52.2,-32.1],[-52.1,-32.1],[-52.1,-32.2],[-52.2,-32.3],[-52.3,-32.3],[-52.4,-32.5],[-52.4,-32.7],[-52.5,-32.8],[-52.6,-33.1],[-52.7,-33.2],[-52.8,-33.3],[-52.9,-33.4],[-53.1,-33.5],[-53.2,-33.6],[-53.3,-33.7],[-53.4,-33.7],[-53.5,-33.7],[-53.5,-33.6],[-53.5,-33.4],[-53.5,-33.2],[-53.5,-33.1],[-53.4,-33.0],[-53.3,-33.0],[-53.3,-32.9],[-53.2,-32.8],[-53.1,-32.8],[-53.1,-32.7],[-53.2,-32.6],[-53.3,-32.6],[-53.4,-32.6],[-53.5,-32.5],[-53.6,-32.4],[-53.6,-32.3],[-53.7,-32.3],[-53.7,-32.2],[-53.8,-32.1],[-53.8,-32.0],[-53.9,-32.0],[-53.9,-31.9],[-54.0,-31.9],[-54.1,-31.9],[-54.2,-31.9],[-54.3,-31.8],[-54.4,-31.7],[-54.5,-31.7],[-54.5,-31.6],[-54.6,-31.5],[-54.7,-31.5],[-54.8,-31.4],[-54.9,-31.4],[-55.0,-31.3],[-55.1,-31.3],[-55.2,-31.3],[-55.2,-31.2],[-55.3,-31.2],[-55.3,-31.1],[-55.4,-31.1],[-55.4,-31.0],[-55.5,-30.9],[-55.6,-30.9],[-55.6,-30.8],[-55.6,-30.9],[-55.7,-30.9],[-55.7,-31.0],[-55.8,-31.0],[-55.8,-31.1],[-55.9,-31.1],[-56.0,-31.1],[-56.0,-31.0],[-56.0,-30.9],[-56.0,-30.8],[-56.1,-30.8],[-56.1,-30.7],[-56.2,-30.7],[-56.2,-30.6],[-56.3,-30.6],[-56.3,-30.5],[-56.4,-30.5],[-56.4,-30.4],[-56.5,-30.4],[-56.6,-30.3],[-56.6,-30.2],[-56.7,-30.2],[-56.8,-30.2],[-56.8,-30.1],[-56.9,-30.1],[-57.0,-30.1],[-57.1,-30.1],[-57.2,-30.2],[-57.2,-30.3],[-57.3,-30.3],[-57.4,-30.3],[-57.5,-30.3],[-57.6,-30.3],[-57.6,-30.2]]],[[[-48.5,-0.6],[-48.5,-0.7],[-48.6,-0.7],[-48.5,-0.7],[-48.5,-0.8],[-48.5,-0.9],[-48.6,-0.9],[-48.6,-1.0],[-48.7,-1.0],[-48.6,-1.0],[-48.7,-1.0],[-48.7,-1.1],[-48.6,-1.0],[-48.6,-1.1],[-48.7,-1.1],[-48.8,-1.2],[-48.9,-1.2],[-48.9,-1.1],[-48.9,-1.2],[-48.8,-1.2],[-48.9,-1.2],[-48.9,-1.3],[-48.8,-1.3],[-48.8,-1.4],[-48.9,-1.4],[-48.9,-1.3],[-49.0,-1.3],[-48.9,-1.3],[-49.0,-1.3],[-49.0,-1.4],[-48.9,-1.3],[-48.9,-1.4],[-48.8,-1.4],[-48.9,-1.5],[-49.0,-1.5],[-49.1,-1.5],[-49.1,-1.4],[-49.2,-1.4],[-49.2,-1.5],[-49.2,-1.6],[-49.3,-1.6],[-49.4,-1.6],[-49.4,-1.5],[-49.4,-1.6],[-49.5,-1.6],[-49.5,-1.5],[-49.5,-1.6],[-49.6,-1.6],[-49.6,-1.7],[-49.5,-1.7],[-49.6,-1.7],[-49.5,-1.7],[-49.6,-1.7],[-49.7,-1.8],[-49.7,-1.7],[-49.8,-1.6],[-49.7,-1.6],[-49.8,-1.6],[-49.8,-1.7],[-49.7,-1.7],[-49.7,-1.8],[-49.8,-1.8],[-49.9,-1.8],[-50.0,-1.7],[-50.1,-1.7],[-50.2,-1.8],[-50.2,-1.7],[-50.2,-1.6],[-50.3,-1.6],[-50.2,-1.6],[-50.3,-1.5],[-50.3,-1.6],[-50.2,-1.6],[-50.2,-1.7],[-50.3,-1.7],[-50.3,-1.8],[-50.4,-1.8],[-50.3,-1.8],[-50.4,-1.8],[-50.6,-1.8],[-50.6,-1.7],[-50.7,-1.5],[-50.8,-1.5],[-50.8,-1.4],[-50.8,-1.3],[-50.8,-1.2],[-50.8,-1.1],[-50.7,-1.1],[-50.6,-1.2],[-50.6,-1.1],[-50.5,-1.1],[-50.6,-1.1],[-50.5,-1.1],[-50.5,-1.0],[-50.6,-1.1],[-50.7,-1.1],[-50.8,-1.1],[-50.8,-1.0],[-50.8,-0.9],[-50.8,-0.8],[-50.7,-0.8],[-50.8,-0.8],[-50.8,-0.7],[-50.7,-0.6],[-50.6,-0.7],[-50.5,-0.7],[-50.6,-0.7],[-50.6,-0.6],[-50.7,-0.6],[-50.7,-0.5],[-50.7,-0.4],[-50.7,-0.3],[-50.6,-0.3],[-50.6,-0.2],[-50.5,-0.2],[-50.4,-0.2],[-50.4,-0.1],[-50.3,-0.1],[-50.1,-0.1],[-50.0,-0.2],[-49.8,-0.2],[-49.7,-0.2],[-49.5,-0.2],[-49.4,-0.2],[-49.4,-0.3],[-49.4,-0.2],[-49.3,-0.2],[-49.3,-0.1],[-49.2,-0.1],[-49.2,-0.2],[-49.1,-0.2],[-49.0,-0.2],[-48.9,-0.2],[-48.8,-0.2],[-48.7,-0.2],[-48.6,-0.2],[-48.5,-0.2],[-48.4,-0.3],[-48.4,-0.4],[-48.5,-0.5],[-48.5,-0.6]]],[[[-51.2,-0.6],[-51.1,-0.7],[-51.2,-0.7],[-51.2,-0.8],[-51.3,-1.0],[-51.4,-1.2],[-51.6,-1.3],[-51.7,-1.3],[-51.7,-1.4],[-51.8,-1.4],[-51.8,-1.5],[-51.9,-1.5],[-52.0,-1.4],[-51.9,-1.4],[-51.9,-1.3],[-51.9,-1.2],[-51.8,-1.2],[-51.8,-1.1],[-51.7,-1.1],[-51.7,-1.0],[-51.7,-0.9],[-51.7,-0.8],[-51.6,-0.8],[-51.6,-0.7],[-51.5,-0.6],[-51.4,-0.6],[-51.4,-0.5],[-51.3,-0.5],[-51.4,-0.5],[-51.4,-0.6],[-51.4,-0.7],[-51.4,-0.6],[-51.3,-0.6],[-51.4,-0.6],[-51.3,-0.6],[-51.3,-0.5],[-51.2,-0.5],[-51.2,-0.6]]],[[[-50.0,0.3],[-49.9,0.3],[-49.8,0.3],[-49.7,0.4],[-49.6,0.4],[-49.5,0.4],[-49.5,0.3],[-49.6,0.3],[-49.6,0.2],[-49.7,0.2],[-49.8,0.1],[-49.8,0.0],[-49.9,-0.0],[-50.0,-0.0],[-50.0,-0.1],[-50.0,-0.0],[-50.1,0.0],[-50.2,0.0],[-50.3,0.0],[-50.4,0.1],[-50.3,0.1],[-50.4,0.1],[-50.4,0.2],[-50.3,0.2],[-50.2,0.2],[-50.1,0.2],[-50.1,0.3],[-50.0,0.3]]],[[[-48.4,-27.4],[-48.4,-27.5],[-48.4,-27.6],[-48.5,-27.6],[-48.5,-27.7],[-48.5,-27.8],[-48.6,-27.8],[-48.6,-27.7],[-48.5,-27.7],[-48.6,-27.7],[-48.5,-27.6],[-48.5,-27.5],[-48.5,-27.4],[-48.4,-27.4]]]]},"properties":{"country":"Brazil","iso3":"BRA","entries":2,"_k":"6"}}]}